"Word","RAE_ID"
"a-","003XJY1"
"a","002rZ9U"
"a-","006hGa6"
"a","003Ov93"
"aba","009ISzT"
"abaá","00A4fgJ"
"ababillarse","00BpaTR"
"ababol","00CWca0"
"abacá","00GxCz2"
"abacal","00H2PMC"
"abacalero, ra","00HQuS9"
"abacería","00L4uMi"
"abacero, ra","00M0KZi"
"abacial","00N5h3d"
"abacora","00Q8yar"
"abacorar","00TmcMY"
"abad, desa","00TuMgr"
"abada","00W74to"
"aba","009ISzT"
"abaá","00A4fgJ"
"ababillarse","00BpaTR"
"ababol","00CWca0"
"abacá","00GxCz2"
"abacal","00H2PMC"
"abacalero, ra","00HQuS9"
"abacería","00L4uMi"
"abacero, ra","00M0KZi"
"abacial","00N5h3d"
"abacora","00Q8yar"
"abacorar","00TmcMY"
"abad, desa","00TuMgr"
"abada","00W74to"
"abadejo","00ZsOaq"
"abadengo, ga","00aqifO"
"aca","0EfKpPF"
"acá","0EjKfwP"
"acabable","0Eko4u0"
"acabada","0ElNTpL"
"acabadamente","0Elf38k"
"acabado, da","0EpFbS8"
"acabador, ra","0EruFmP"
"acabadura","0Ez0vot"
"acabalar","0F0GGEg"
"acaballadero","0F5zj6t"
"acaballado, da","0F7eNFN"
"acaballar","0F9biKr"
"acaballerado, da","0FB8pd8"
"acaballerar","0FBD367"
"acaballonar","0FFR0gD"
"acabamiento","0FGB03j"
"acabangado, da","0FIqlkL"
"ad","0gW1LAE"
"ad-","0gYPN6u"
"ad aeternum","0gYfKoY"
"adafina","0gZBEoe"
"adagial","0gadVSW"
"adagio","0gbw6xc"
"adagio","0gckaoj"
"adaguar","0giC58V"
"adahala","0giIztD"
"adalid","0gkZo1d"
"adamado, da","0gnf20o"
"adamadura","0gt6fci"
"adamante","0gu6EWQ"
"adamantino, na","0gvvtJy"
"adamar","0h0hoDC"
"adamarse","0h264Iy"
"adamascado, da","0h2cGyI"
"adamascar","0h3yrdf"
"adafina","0gZBEoe"
"adagial","0gadVSW"
"adagio","0gbw6xc"
"adagio","0gckaoj"
"adaguar","0giC58V"
"adahala","0giIztD"
"adalid","0gkZo1d"
"adamado, da","0gnf20o"
"adamadura","0gt6fci"
"adamante","0gu6EWQ"
"adamantino, na","0gvvtJy"
"adamar","0h0hoDC"
"adamarse","0h264Iy"
"adamascado, da","0h2cGyI"
"adamascar","0h3yrdf"
"adamismo","0h61RqF"
"adamita","0h71e87"
"adanida","0hGuz4f"
"adafina","0gZBEoe"
"adagial","0gadVSW"
"adagio","0gbw6xc"
"adagio","0gckaoj"
"adaguar","0giC58V"
"adahala","0giIztD"
"adalid","0gkZo1d"
"adamado, da","0gnf20o"
"adamadura","0gt6fci"
"adamante","0gu6EWQ"
"adamantino, na","0gvvtJy"
"adamar","0h0hoDC"
"adamarse","0h264Iy"
"adamascado, da","0h2cGyI"
"adamascar","0h3yrdf"
"adamismo","0h61RqF"
"adamita","0h71e87"
"adanida","0hGuz4f"
"adanismo","0hIbq61"
"adaptabilidad","0hIuz8k"
"adaptable","0hJNnuM"
"adaptación","0hKXwtM"
"adaptador, ra","0hLoa0C"
"adaptar","0hMBUwM"
"adaptativo, va","0hQk8gS"
"adaraja","0hbGLNT"
"adarce","0hd40G3"
"adardear","0hkJeQH"
"adarga","0hkuY6u"
"adargar","0hsiw5r"
"adarme","0htXIfi"
"adarvar","0hwL7mC"
"adarvar","0hxEpvi"
"adarve","0i1FDti"
"adámico, ca","0h5LXP5"
"adán","0h8lyPu"
"adánico, ca","0hG31bd"
"adárame","0hbVxfw"
"adárgama","0hnRT4t"
"ad efesios","0iHaWn2"
"adecenamiento","0i4G31M"
"adecenar","0i4eBDd"
"adecentamiento","0i6P8nh"
"adecentar","0i7lXnR"
"adecuación","0i8jUOQ"
"adecuado, da","0i9eAFV"
"adecuar","0iArrmH"
"adefera","0iCMLPP"
"adefesio","0iCaBVU"
"adefina","0iIVtLx"
"adefuera","0iKPyVH"
"adehala","0iKr6v2"
"adehesamiento","0iLYqbU"
"adehesar","0iMaMgM"
"adelantadamente","0iOcE2U"
"adelantado, da","0iP9afC"
"adelantador, ra","0iPIz0o"
"adecenamiento","0i4G31M"
"adecenar","0i4eBDd"
"adecentamiento","0i6P8nh"
"adecentar","0i7lXnR"
"adecuación","0i8jUOQ"
"adecuado, da","0i9eAFV"
"adecuar","0iArrmH"
"ad efesios","0iHaWn2"
"adefera","0iCMLPP"
"adefesio","0iCaBVU"
"adefina","0iIVtLx"
"adefuera","0iKPyVH"
"adehala","0iKr6v2"
"adehesamiento","0iLYqbU"
"adehesar","0iMaMgM"
"adelantadamente","0iOcE2U"
"adelantado, da","0iP9afC"
"adelantador, ra","0iPIz0o"
"adelantamiento","0iRUncq"
"adelantar","0iSYfgg"
"adelante","0iSzNSC"
"adelanto","0iTcVcW"
"adelfa","0iV3sx7"
"adelfal","0iVE8zy"
"adelfar","0iWFfEk"
"adelfilla","0iYwObr"
"adelfo","0iaJMoc"
"adelgazador, ra","0icPSV2"
"adelgazamiento","0icR38h"
"adelgazante","0ici7fp"
"adelgazar","0icto4F"
"adeliñar","0idHbxe"
"adema","0ifcqfC"
"ademador","0ifs6Vt"
"ademán","0ignGD5"
"ademar","0ik6HSR"
"además","0ilf0VH"
"ademe","0imnlIs"
"ademprio","0imsuMY"
"adenda","0ip7oDJ"
"adenia","0iroD3w"
"adenina","0itvD1D"
"adenitis","0iuXB4y"
"adeno-","0ivsszt"
"adenocarcinoma","0iw2wgS"
"adenohipófisis","0ixNPtc"
"adenoide","0iz8Fqx"
"adenoideo, a","0j0uovQ"
"adenología","0j1KXdk"
"adenoma","0j3OffU"
"adenopatía","0j3td8B"
"adenopático, ca","0j7cJmy"
"adenoso, sa","0jAXQ5E"
"adenovirus","0jBrhRj"
"adensar","0jD3cBf"
"adepto, ta","0jLhsFk"
"aderezado, da","0jNisJo"
"aderezamiento","0jNr1zN"
"aderezar","0jO9Fs3"
"aderezo","0jOy7mJ"
"adestrado, da","0jRSoqy"
"adestrador, ra","0jUz31w"
"adestrar","0jW4fiF"
"adeudar","0jYLQPP"
"adeudar","0jdqx6U"
"adeudo","0jebmRw"
"adélfico, ca","0iWoLhx"
"adherecer","0jeyrpD"
"adherencia","0jgPVxx"
"adherente","0jggP8H"
"adherir","0jhhl1Z"
"adhesión","0jkxudj"
"adhesividad","0jlbkEz"
"adhesivo, va","0jm0Uk3"
"adhortar","0jrZ5bS"
"adiabático, ca","0jvZmis"
"adiado","0jvcLtE"
"adiafa","0jw6j1P"
"adiáfora","0jwlfPm"
"adiaforesis","0k1DyRh"
"adiamantado, da","0k3ojiU"
"adiamiento","0k5e5u5"
"adiano, na","0k5gSre"
"adiar","0k5q6Xw"
"adicción","0k8i4DT"
"adición","0k9CkZO"
"adición","0kGLpf8"
"adicionador, ra","0kGT1im"
"adicional","0kNnwGq"
"adicionar","0kOgqWF"
"adictivo, va","0kP0unZ"
"adjetivación","0lX770h"
"adjetivador, ra","0lXyBtm"
"adjetival","0lcKLR4"
"adjetivar","0lcgW1F"
"adjetivo, va","0ldVsDG"
"adjudicación","0lduNTm"
"adjudicador, ra","0lfC3Iq"
"adjudicar","0lgX49e"
"adjudicatario, ria","0ljIs6x"
"adjunción","0ljmCMk"
"adjunta","0lkwxQL"
"adjuntar","0llxZ7h"
"adjuntía","0loHMPl"
"adjunto, ta","0lowIyl"
"adjurable","0lpcsjE"
"adjuración","0lprjt4"
"adlátere","0m2Qr5J"
"adminicular","0m9mpor"
"adminículo","0m9nDrh"
"administración","0mCOzj6"
"administrado, da","0mCTzJ4"
"administrador, ra","0mE9UxY"
"administrar","0mFlSCm"
"administrativamente","0mIJLj8"
"administrativista","0mIPutn"
"administrativo, va","0mJJ8II"
"administratorio, ria","0mTBzCm"
"admirable","0mW9mBw"
"admirablemente","0mX5j]U"
"admiración","0mY0fy3"
"admirador, ra","0mZvksT"
"admirar","0mcCwDF"
"ADN","0myw40a"
"adnado, da","0n3rKTc"
"adnato, ta","0n4ZPAN"
"adnominal","0nCchfR"
"adoba","0nNAgmE"
"adobado","0nO9vHC"
"adobador, ra","0nS9NhC"
"adobar","0nV6rby"
"adobasillas","0nYxKJ4"
"adobe","0nZkMqZ"
"adobera","0nZr3vI"
"adobería","0nbBqUd"
"adobío","0ncJkDG"
"adobo","0ndAQfE"
"adobón","0ndH2ub"
"adocenado, da","0ngZwot"
"adocenamiento","0ngguo4"
"adocenar","0nhCkFd"
"adoctrinador, ra","0nhZPEB"
"adoctrinamiento","0ni6Irf"
"adoctrinar","0nj0eYT"
"adonde","0o0QaKX"
"adónde","0o0YuK7"
"adónico","0o58dqe"
"adquirente","0pOncGU"
"adquirible","0pTcl9P"
"adquirido, da","0pVd8oC"
"adquiridor, ra","0pZ5D74"
"adquiriente","0pbIX7k"
"adquirir","0pezGAd"
"adquisición","0piERF2"
"adquisidor, ra","0pkmxQq"
"adquisitivo, va","0pmNa0t"
"adra","0pnZrYC"
"adrado, da","0pp08YC"
"adragante","0ppFyoJ"
"adraganto","0prvn6M"
"adral","0ps8b0S"
"adrar","0ptiypl"
"adrede","0pvPYG3"
"adredemente","0pvgfsH"
"adrenal","0pxhl6s"
"adrenalina","0py26t6"
"adrenalínico, ca","0pzcuOl"
"adrenérgico, ca","0pzp9NY"
"adrezar","0q0dauS"
"adrezo","0q1dy9M"
"adrián","0q3JonR"
"adriático, ca","0q7DRZH"
"adscribible","0qBzPH9"
"adscribir","0qDJgpu"
"adscripción","0qDj4B3"
"adscripto, ta","0qGDgRH"
"adscrito, ta","0qH3Gt5"
"ADSL","0qJoM3u"
"adsorbente","0qKU2MM"
"adsorber","0qLnPqO"
"adsorción","0qMXxiI"
"adstrato","0qMnQVq"
"adstricción","0qRLZS3"
"adstringente","0qRPj2b"
"adstringir","0qUXPTx"
"aduana","0qXa4ku"
"aduanal","0qYJpa1"
"aduanar","0qZALK3"
"aduanero, ra","0qZAeo8"
"aduar","0qZZiyC"
"aducción","0qblu2l"
"aducir","0qdDaiX"
"aductor, ra","0qdZGxZ"
"aduendado, da","0qdgy4c"
"adueñarse","0qhuofD"
"adufe","0qiTo7J"
"adufero, ra","0qkgdjo"
"adufre","0ql6pHS"
"aduja","0qlWTZE"
"adujar","0qobAND"
"adul","0quuQ2k"
"adúcar","0qaHb5c"
"adúltero, ra","0rhhk2z"
"advección","0sGgcl7"
"advenedizo, za","0sGmlXA"
"advenidero, ra","0sIMnom"
"advenimiento","0sJFjkO"
"advenir","0sJncCD"
"adventicio, cia","0sKAnpS"
"adventismo","0sOt1wE"
"adventista","0sRVaHO"
"adveración","0sRfQ9T"
"adverado","0sS2cBf"
"adverar","0sSVGDK"
"adverbial","0sUY6G4"
"adverbialización","0sVTEHd"
"adverbializar","0sY8VhZ"
"adverbialmente","0sYHaaY"
"adverbio","0sYYlZW"
"adversador, ra","0sYvIAi"
"adyacencia","0t04dWn"
"adyacente","0t06o34"
"adyuvante","0t24gl1"
"ad-","0gYPN6u"
"aeda","0t3DTzS"
"aedo","0t5Nebt"
"aeración","0t5ua2Z"
"aerífero, ra","0t9BfSe"
"aeriforme","0t9Htl9"
"aero-","0tB10GO"
"aeróbic","0tD61et"
"aeróbico, ca","0tD8Git"
"aerobio, bia","0tEpo5H"
"aerobiosis","0tGqLqJ"
"aerobismo","0tHBv9v"
"aerobús","0tJgBhE"
"aeroclub","0tTvtTB"
"aerocomercial","0tTw0PC"
"aerocriptografía","0tU5GKE"
"aerocriptográfico, ca","0tXDmoZ"
"aéreo, a","0t89lQ4"
"afabilidad","0v4sh8R"
"afable","0v8kSg0"
"afablemente","0vBKjlj"
"afabulación","0vG6fvO"
"afaccionado, da","0vHnNBq"
"afacer","0vIEjC9"
"afacimiento","0vIJ8jS"
"afalagar","0vIwrtQ"
"afamado","0vK8isS"
"afamado","0vLgytM"
"afamar","0vMQDdu"
"afán","0vMQEIz"
"afanado, da","0vPSg2q"
"afanador, ra","0vQk3og"
"afanar","0vSUsns"
"afaníptero","0vUDaMH"
"afanita","0vWWrJZ"
"agá","12LDRlJ"
"agabachar","12LxwwN"
"agace","12MahW3"
"agachada","12Myyea"
"agachadera","12NBFOY"
"agachadita","12NqdOd"
"agachadiza","12QmLMD"
"agachamiento","12VRUS3"
"agachaparse","12bOhIa"
"agachar","12bd5YP"
"agache","12cl54K"
"agachón, na","12csHtR"
"agadón","12eVdUi"
"agalactia","12euguy"
"agalbanado, da","12gnNj2"
"agalerar","12iFMsh"
"agalgado, da","12iyuhw"
"aguautle","1DwSkNX"
"ah","1GNbcOe"
"ahacado","1GOvVve"
"ahajar","1GR9jJj"
"ahé","1GRyKH8"
"ahebrado, da","1GZEBp2"
"ahechadero","1Ga3iG7"
"ahechador, ra","1Gb3qua"
"ahechadura","1GcaZTH"
"ahechar","1Gcc1OP"
"ahecho","1GdPYRp"
"ahelear","1Gdp8RJ"
"ahelgado, da","1GeQR62"
"ahembrado, da","1GiJNjY"
"aherir","1GjSs19"
"ahermanar","1GlbAk7"
"aiguaste","1KRzK47"
"aijada","1KUg8mc"
"aikido","1KWB9PU"
"ailanto","1KYJsRV"
"aillu","1KdMC5X"
"aimara","1KfYufn"
"aimarista","1KjJYmx"
"aindamáis","1KnZ0LG"
"aindiado, da","1KoJgkB"
"aindiar","1KqCz2H"
"aiquileño, ña","1KvdQAT"
"airadamente","1KwxtuR"
"airado, da","1Kxffrn"
"airamiento","1Kxhfxd"
"airampo","1KzdF5N"
"airar","1L07KKp"
"airbag","1L3JHi9"
"aíllo","1KcI739"
"aína","1KjMkMG"
"aínas","1KjeXgk"
"agigolón","154rOxg"
"aj","1Lr9yAu"
"aja","1Lrgze5"
"ajá","1Ls5iVw"
"ajabeba","1LtmJDd"
"ajada","1LuUiKj"
"ajada","1LvGX62"
"ajado, da","1LxFNEe"
"ajadura","1Lz3Otu"
"ajajá","1M0cDr8"
"ajajay","1M0kWk6"
"ajambado, da","1M2L5t9"
"ajamiento","1M2cslk"
"ajamonado, da","1M4cARv"
"ajamonarse","1M4im8c"
"ajaqueca","1M4vFTu"
"ajaquecarse","1M6ZUVK"
"ajaquefa","1M7jdAT"
"ajar","1MAlnSZ"
"ajar","1MAq8B5"
"aja","1Lrgze5"
"ajabeba","1LtmJDd"
"ajada","1LuUiKj"
"ajada","1LvGX62"
"ajado, da","1LxFNEe"
"ajadura","1Lz3Otu"
"ajajá","1M0cDr8"
"ajajay","1M0kWk6"
"ajambado, da","1M2L5t9"
"ajamiento","1M2cslk"
"ajamonado, da","1M4cARv"
"ajamonarse","1M4im8c"
"ajaqueca","1M4vFTu"
"ajaquecarse","1M6ZUVK"
"ajaquefa","1M7jdAT"
"ajar","1MAlnSZ"
"ajar","1MAq8B5"
"ajaraca","1MEsXg2"
"ajaracado","1MFD1D2"
"ajarafe","1MGQ85A"
"ajabeba","1LtmJDd"
"ajada","1LuUiKj"
"ajada","1LvGX62"
"ajado, da","1LxFNEe"
"ajadura","1Lz3Otu"
"ajajá","1M0cDr8"
"ajajay","1M0kWk6"
"ajambado, da","1M2L5t9"
"ajamiento","1M2cslk"
"ajamonado, da","1M4cARv"
"ajamonarse","1M4im8c"
"ajaqueca","1M4vFTu"
"ajaquecarse","1M6ZUVK"
"ajaquefa","1M7jdAT"
"ajar","1MAlnSZ"
"ajar","1MAq8B5"
"ajaraca","1MEsXg2"
"ajaracado","1MFD1D2"
"ajarafe","1MGQ85A"
"ajardinado","1MGYNIo"
"ajardinamiento","1MGjnRt"
"ajardinar","1MHp7uT"
"ajaspajas","1MIi85u"
"ajá","1Ls5iVw"
"aje","1MQ0QQ7"
"aje","1MRnQt7"
"aje","1MSy8zY"
"ajea","1Md5NfR"
"ajear","1MfcHAP"
"ajear","1Mg02bv"
"ajebe","1Mh7XeY"
"ajedrea","1MhR79j"
"ajedrecista","1MkfI0V"
"ajedrecístico, ca","1Ml2mqX"
"ajedrez","1MllZ9j"
"ajedrezado, da","1MmTVZ8"
"ajenabe","1MmZxFx"
"ajenable","1MrvDNW"
"ajenabo","1MsIIrF"
"ajenación","1Mx0UIN"
"ajenador, ra","1MyobQ2"
"ajenamiento","1Myv7Jz"
"ajenar","1Myx7BR"
"ajengibre","1N1wduV"
"ajea","1Md5NfR"
"ajear","1MfcHAP"
"ajear","1Mg02bv"
"ajebe","1Mh7XeY"
"ajedrea","1MhR79j"
"ajedrecista","1MkfI0V"
"ajedrecístico, ca","1Ml2mqX"
"ajedrez","1MllZ9j"
"ajedrezado, da","1MmTVZ8"
"ajenabe","1MmZxFx"
"ajenable","1MrvDNW"
"ajenabo","1MsIIrF"
"ajenación","1Mx0UIN"
"ajenador, ra","1MyobQ2"
"ajenamiento","1Myv7Jz"
"ajenar","1Myx7BR"
"ajengibre","1N1wduV"
"ajenidad","1N3BVN3"
"ajenjo","1N3DorP"
"ajeno, na","1NDL6uX"
"ajenuz","1NHdkP2"
"ajeo","1NHvrwq"
"ajerezado, da","1NJ86NL"
"ajero, ra","1NJDIN4"
"ajete","1NKKmph"
"ajetreado, da","1NLmdOs"
"ajetrear","1NM8Dko"
"ajetreo","1NMWweG"
"agigolón","154rOxg"
"ajiaceite","1NO13KJ"
"ajiaco","1NPEqWT"
"ajicero, ra","1NPvH70"
"ajicola","1NQc605"
"ajicomino","1NQmxT0"
"ajicuervo","1NRK35e"
"ajilimoje","1NUeVe1"
"ajilimójili","1NV1KsY"
"ajillo","1NWEdoM"
"ajimez","1NWfKPZ"
"ajimezado, da","1NZnTQB"
"ajinomoto","1NdK5mR"
"ajipa","1NhRtaj"
"ajipuerro","1NlxI1c"
"ajironar","1NnPFOK"
"ajizal","1NpaPd6"
"ajizar","1NppKPg"
"ajiaceite","1NO13KJ"
"ajiaco","1NPEqWT"
"ajicero, ra","1NPvH70"
"ajicola","1NQc605"
"ajicomino","1NQmxT0"
"ajicuervo","1NRK35e"
"agigolón","154rOxg"
"ajilimoje","1NUeVe1"
"ajilimójili","1NV1KsY"
"ajillo","1NWEdoM"
"ajimez","1NWfKPZ"
"ajimezado, da","1NZnTQB"
"ajinomoto","1NdK5mR"
"ajipa","1NhRtaj"
"ajipuerro","1NlxI1c"
"ajironar","1NnPFOK"
"ajizal","1NpaPd6"
"ajizar","1NppKPg"
"ají","1NMZzVk"
"ajo","1NsFSLJ"
"ajo","1NtHWdr"
"ajo","1NtOBr1"
"ajoaceite","1NuVQim"
"ajoarriero","1NvKuIP"
"ajobar","1Nw8wUH"
"ajobero, ra","1NwVQPC"
"ajobilla","1NyYqFi"
"ajoblanco","1O2FWjX"
"ajobo","1O5za5F"
"ajochar","1O8Kd0C"
"ajofaina","1O96Q6M"
"ajolín","1O9kyY2"
"ajolio","1OA93iP"
"ajolotado, da","1OBBJWF"
"ajolote","1OBEDV4"
"ajomate","1OD3soN"
"ajonje","1OE7KUd"
"ajonjera","1OGWqBj"
"ajonjero","1OM7f0Z"
"ajoaceite","1NuVQim"
"ajoarriero","1NvKuIP"
"ajobar","1Nw8wUH"
"ajobero, ra","1NwVQPC"
"ajobilla","1NyYqFi"
"ajoblanco","1O2FWjX"
"ajobo","1O5za5F"
"ajochar","1O8Kd0C"
"ajofaina","1O96Q6M"
"ajolín","1O9kyY2"
"ajolio","1OA93iP"
"ajolotado, da","1OBBJWF"
"ajolote","1OBEDV4"
"ajomate","1OD3soN"
"ajonje","1OE7KUd"
"ajonjera","1OGWqBj"
"ajonjero","1OM7f0Z"
"ajonjo","1OSgN57"
"ajonjolí","1OTa0m5"
"ajonuez","1OW4Cwb"
"ajoqueso","1OX1MD8"
"ajorar","1OaKQdF"
"ajorca","1OdDg3X"
"ajornalar","1OfC86R"
"ajoro","1OgUvra"
"ajorrar","1Oi0QI8"
"jorro","MXT39Ri"
"ajotar","1OmsXES"
"ajote","1Onb9dQ"
"ajotrino","1OopWCl"
"ajo","1NtOBr1"
"ajuagas","1OpIqXp"
"ajuanetado, da","1Opnb2v"
"ajuar","1OqSlXR"
"ajuarar","1Orn3Sf"
"ajuglarado, da","1Ovz5Aj"
"ajuglarar","1P2epaR"
"ajuiciado, da","1P3PCd0"
"ajuiciar","1P4Akec"
"ajumarse","1P5MbcU"
"ajuno, na","1P5NcTu"
"ajuntamiento","1P63Wsk"
"ajuntar","1P9ewFq"
"ajustable","1PDsjdl"
"ajustada","1PFB5LD"
"ajustadamente","1PGI6cz"
"ajustado, da","1PGVtUG"
"akalché","1PTbG9T"
"al","1PTvt8b"
"ala","1Pblsou"
"ala","1PdEep5"
"alabable","1Pez1W5"
"alabado","1PgiNad"
"alabador, ra","1Ph3M17"
"alabamiento","1Ph55IP"
"alabancero, ra","1PnlIev"
"alabancia","1PrO5IO"
"alabancioso, sa","1Ps32RZ"
"alabandina","1PsmD6y"
"alabanza","1PsqHhz"
"alabar","1Pu59Lt"
"alabarda","1PuW5Rt"
"alabardado, da","1Py4e1V"
"alabardazo","1Q0aaZU"
"alabardero, ra","1Q0yqpD"
"hala","JyPVwLw"
"ala","1Pblsou"
"ala","1PdEep5"
"alabable","1Pez1W5"
"alabado","1PgiNad"
"alabador, ra","1Ph3M17"
"alabamiento","1Ph55IP"
"alabancero, ra","1PnlIev"
"alabancia","1PrO5IO"
"alabancioso, sa","1Ps32RZ"
"alabandina","1PsmD6y"
"alabanza","1PsqHhz"
"alabar","1Pu59Lt"
"alabarda","1PuW5Rt"
"alabardado, da","1Py4e1V"
"alabardazo","1Q0aaZU"
"alabardero, ra","1Q0yqpD"
"hala","JyPVwLw"
"alámbar","1RZ9l7S"
"alán","1SNFwrn"
"alárabe","1SooY4o"
"alármega","1TdNA91"
"alhárgama","1opsyJp"
"hala","JyPVwLw"
"albaca","1UNlnJm"
"albacara","1UP0nyE"
"albacara","1URGCwC"
"albacea","1US3sUc"
"albaceato","1UXpnes"
"albaceazgo","1UaTm62"
"albacetense","1UbHnEJ"
"albaceteño, ña","1Uc7Ivm"
"albacora","1UdWkMh"
"albacora","1UeC2we"
"albacorón","1UeX8QL"
"albada","1Ueo7Gz"
"albada","1UhW0JL"
"albadena","1UlIcSH"
"albahaca","1UmZ3Ns"
"albahaquero","1UnPNDj"
"albahaquilla","1Uo2lln"
"albahío, a","1UoIGf4"
"albaida","1UoOD7o"
"albal","1UoaSGX"
"albaca","1UNlnJm"
"albacara","1UP0nyE"
"albacara","1URGCwC"
"albacea","1US3sUc"
"albaceato","1UXpnes"
"albaceazgo","1UaTm62"
"albacetense","1UbHnEJ"
"albaceteño, ña","1Uc7Ivm"
"albacora","1UdWkMh"
"albacora","1UeC2we"
"albacorón","1UeX8QL"
"albada","1Ueo7Gz"
"albada","1UhW0JL"
"albadena","1UlIcSH"
"albahaca","1UmZ3Ns"
"albahaquero","1UnPNDj"
"albahaquilla","1Uo2lln"
"albahío, a","1UoIGf4"
"albaida","1UoOD7o"
"albal","1UoaSGX"
"albaca","1UNlnJm"
"albacara","1UP0nyE"
"albacara","1URGCwC"
"albacea","1US3sUc"
"albaceato","1UXpnes"
"albaceazgo","1UaTm62"
"albacetense","1UbHnEJ"
"albaceteño, ña","1Uc7Ivm"
"albacora","1UdWkMh"
"albacora","1UeC2we"
"albacorón","1UeX8QL"
"albada","1Ueo7Gz"
"albada","1UhW0JL"
"albadena","1UlIcSH"
"albahaca","1UmZ3Ns"
"albahaquero","1UnPNDj"
"albahaquilla","1Uo2lln"
"albahío, a","1UoIGf4"
"albaida","1UoOD7o"
"albal","1UoaSGX"
"albalá","1UoibWA"
"albalaero","1UphaEt"
"albanado, da","1UrAfBG"
"albanar","1UtGx2s"
"albanecar","1Utu5Jz"
"albanega","1Uwtu9p"
"albanés, sa","1UwylCP"
"albano","1Ux1h2z"
"albano","1V0ENBI"
"albanokosovar","1V0WRI4"
"albañal","1V0sVPo"
"albañalero, ra","1V1CFwK"
"albañar","1V2Tlqt"
"albañear","1V3jghy"
"albañería","1V41lCJ"
"albañí","1V490DP"
"albañil","1V5zVWR"
"albañila","1V6nfxp"
"albañilear","1V6yO7G"
"albañilería","1V8EDdP"
"albañir","1V8orNi"
"albaquía","1VALmHr"
"albar","1VCQIYQ"
"albarán","1VDznAh"
"albarazado, da","1VFfPkR"
"albarazo","1VI9c3b"
"albarca","1VIxMlf"
"albarcoque","1VOsyxO"
"albarcoquero","1VPrvyu"
"albarda","1VQVgXt"
"albardado, da","1VRoUSJ"
"albardán","1VTwzpZ"
"albardanería","1VUCRCC"
"albardanía","1VX8QY5"
"albardar","1VXDnYH"
"albardear","1VYKFDf"
"albardela","1VbYMag"
"albardera","1VcBsF2"
"albardería","1VfYade"
"albardero","1VgkZTn"
"albarazado, da","1VFfPkR"
"albarazo","1VI9c3b"
"albarán","1VDznAh"
"albarca","1VIxMlf"
"albarcoque","1VOsyxO"
"albarcoquero","1VPrvyu"
"albarda","1VQVgXt"
"albardado, da","1VRoUSJ"
"albardán","1VTwzpZ"
"albardanería","1VUCRCC"
"albardanía","1VX8QY5"
"albardar","1VXDnYH"
"albardear","1VYKFDf"
"albardela","1VbYMag"
"albardera","1VcBsF2"
"albardería","1VfYade"
"albardero","1VgkZTn"
"albardilla","1Vh5lbg"
"albardín","1VhGDSn"
"albardinar","1VhUvnT"
"albardón","1VmdvGV"
"albardonería","1VodhNR"
"albardonero","1Vq2eCv"
"albarejo","1VqdMGN"
"albarelo","1Vtj0CN"
"albaricoque","1Vv4DWd"
"albaricoquero","1Vv9IVz"
"albarigo","1VvRSk3"
"albarillo","1VxxRvs"
"albarino","1W0IVWZ"
"albariño","1W1Pa9o"
"albarizo, za","1W25Wie"
"albarrada","1WA3aXv"
"albarrada","1WAfivy"
"albarrán","1WEtWG4"
"albarrana","1WIRNhY"
"albarráneo, a","1WM7QUl"
"albarranía","1WPrTf7"
"albarraniego, ga","1WQ2kIz"
"albarranilla","1WS05pf"
"albarraz","1WTpi5o"
"albarraz","1WXY35i"
"albarrazado, da","1WYC3Yo"
"albarsa","1WYEhfc"
"albatoza","1WZmYNi"
"albatros","1WafCTl"
"albayaldado, da","1WdgRlT"
"albayalde","1Wdq8tm"
"albayano, na","1We69mD"
"albazano, na","1Wfs1MZ"
"albazo","1WgDgg7"
"albear","1WgZuLp"
"albedo","1WiV72C"
"albedriador, ra","1WkFu56"
"albedriar","1WkeriF"
"albedrío","1Wkkkf6"
"albeitería","1WlgHgU"
"albeldense","1WoMUkX"
"albellanino","1Wr7iX4"
"albellón","1Wumv9c"
"albenda","1Wx8S8p"
"albendera","1WxWKI3"
"albendero, ra","1WxwBZJ"
"albengala","1WyGwZ6"
"alberca","1X0IAxh"
"alberchigal","1X5WiCx"
"alberchiguero","1X8f2vn"
"albercoque","1X9FJ69"
"albercoquero","1XA5he0"
"albergada","1XAzMHE"
"albear","1WgZuLp"
"albedo","1WiV72C"
"albedriador, ra","1WkFu56"
"albedriar","1WkeriF"
"albedrío","1Wkkkf6"
"albeitería","1WlgHgU"
"albeldense","1WoMUkX"
"albellanino","1Wr7iX4"
"albellón","1Wumv9c"
"albenda","1Wx8S8p"
"albendera","1WxWKI3"
"albendero, ra","1WxwBZJ"
"albengala","1WyGwZ6"
"alberca","1X0IAxh"
"alberchigal","1X5WiCx"
"alberchiguero","1X8f2vn"
"albercoque","1X9FJ69"
"albercoquero","1XA5he0"
"albergada","1XAzMHE"
"albergador, ra","1XAznNf"
"albergadura","1XB8e2d"
"albergar","1XEBIvA"
"alberge","1XJZrLn"
"albergero","1XK281z"
"albergo","1XOE2OC"
"albergue","1XOT8ne"
"alberguería","1XPmFfS"
"alberguero, ra","1XRFdxK"
"albericoque","1XTkDBB"
"albero, ra","1XV1hve"
"albéitar","1WlATve"
"albéntola","1WzlDuy"
"albérchiga","1X3T22v"
"albérchigo","1X5nJvR"
"albiazul","1XXcOda"
"albicante","1XYzgPm"
"albiceleste","1XZ0TNa"
"albigense","1XZmALM"
"albihar","1Xb7gPX"
"albilla","1XdToD4"
"albillo","1Xg9Dv8"
"albinismo","1XkGamh"
"albino, na","1Xm4BDi"
"albita","1XnbYfw"
"albitana","1Xnn38W"
"albivioleta","1XnoEQD"
"albín","1XhG73k"
"albo, ba","1XoeWk0"
"alboaire","1XqNNOi"
"albogón","1XttH85"
"albogue","1XtwBwg"
"alboguear","1XuVS4q"
"alboguero, ra","1Xx7rsy"
"alboheza","1XyqxMS"
"albohol","1Y0Uysk"
"albollón","1Y1iRwP"
"albondigón","1Y2vpak"
"albondiguilla","1Y2yq4s"
"alboquerón","1Y3ex8c"
"albor","1Y3oa4X"
"alborada","1Y4vGq8"
"alboreá","1Y85Ec1"
"alboreada","1Y89T6O"
"alborear","1YB42v5"
"alborecer","1YGvJWl"
"alboreo","1YIdOI2"
"alboaire","1XqNNOi"
"albogón","1XttH85"
"albogue","1XtwBwg"
"alboguear","1XuVS4q"
"alboguero, ra","1Xx7rsy"
"alboheza","1XyqxMS"
"albohol","1Y0Uysk"
"albollón","1Y1iRwP"
"albondigón","1Y2vpak"
"albondiguilla","1Y2yq4s"
"alboquerón","1Y3ex8c"
"albor","1Y3oa4X"
"alborada","1Y4vGq8"
"alboreá","1Y85Ec1"
"alboreada","1Y89T6O"
"alborear","1YB42v5"
"alborecer","1YGvJWl"
"alboreo","1YIdOI2"
"alborga","1YIyK8N"
"albornía","1YJ1GpY"
"alborno","1YJLZs9"
"albornoz","1YJQTfO"
"alborocera","1YKNIlE"
"alboronía","1YPuuKn"
"alboroque","1YQ09wR"
"alborotadamente","1YQ7VvL"
"alborotadizo, za","1YQHsuE"
"alborotado, da","1YVU8Tq"
"alborotador, ra","1YXStEb"
"alborada","1Y4vGq8"
"alboreá","1Y85Ec1"
"alboreada","1Y89T6O"
"alborear","1YB42v5"
"alborecer","1YGvJWl"
"alboreo","1YIdOI2"
"alborga","1YIyK8N"
"albornía","1YJ1GpY"
"alborno","1YJLZs9"
"albornoz","1YJQTfO"
"alborocera","1YKNIlE"
"alboronía","1YPuuKn"
"alboroque","1YQ09wR"
"alborotadamente","1YQ7VvL"
"alborotadizo, za","1YQHsuE"
"alborotado, da","1YVU8Tq"
"alborotador, ra","1YXStEb"
"alborotapueblos","1YXoX77"
"alborotar","1YYmCYG"
"alborote","1YYxtAC"
"alborotero, ra","1YZO8Jg"
"alborotista","1YZzRfy"
"alboroto","1YbmOCD"
"alborotoso, sa","1YbrV0s"
"alborozadamente","1Ye6Ra2"
"alborto","1Yr9Uvw"
"alborzo","1YrsbCJ"
"albotín","1YwN06r"
"albóndiga","1Y2soBd"
"albórbola","1Y7hH2E"
"albricia","1YxeGDl"
"albriciar","1Yyg5An"
"albricias","1Z4D4Qj"
"albudeca","1Z7F4ex"
"albuérbola","1ZAKUWk"
"albufera","1ZBOK4j"
"albugíneo, a","1ZC5Q7J"
"albugo","1ZGEnHd"
"albuhera","1ZGj9uh"
"albumen","1ZI4NOr"
"albuminado, da","1ZMYnqE"
"albuminar","1ZQXAV0"
"albuminoide","1ZQjOBh"
"albuminoideo, a","1ZSYD2J"
"albuminoso, sa","1ZSwoP3"
"albuminuria","1ZVVbv2"
"albur","1ZVdKVJ"
"albura","1ZXxOO7"
"albureado, da","1ZYYGdt"
"albúmina","1ZMMkxK"
"alca","1ZliSlS"
"alcabala","1ZmJAk2"
"alcabalatorio, ria","1ZnSyAO"
"alcabalero","1Zp3CTL"
"alcabor","1a0yoQg"
"alcabota","1a2lKUJ"
"alcabtea","1a3mxXE"
"alcabuz","1a7lm2M"
"alcacel","1aBURoV"
"alcaceña","1aCJfXZ"
"alcacer","1aGgAvo"
"alcachofa","1aGx2W5"
"alcachofado, da","1aL3kOY"
"alcachofal","1aLCKQy"
"alcachofar","1aPVJpL"
"alcachofar","1aPfBRJ"
"alcachofero, ra","1aUqBjM"
"alcací","1aXSeXa"
"alca","1ZliSlS"
"alcabala","1ZmJAk2"
"alcabalatorio, ria","1ZnSyAO"
"alcabalero","1Zp3CTL"
"alcabor","1a0yoQg"
"alcabota","1a2lKUJ"
"alcabtea","1a3mxXE"
"alcabuz","1a7lm2M"
"alcacel","1aBURoV"
"alcaceña","1aCJfXZ"
"alcacer","1aGgAvo"
"alcachofa","1aGx2W5"
"alcachofado, da","1aL3kOY"
"alcachofal","1aLCKQy"
"alcachofar","1aPVJpL"
"alcachofar","1aPfBRJ"
"alcachofero, ra","1aUqBjM"
"alcací","1aXSeXa"
"alcabala","1ZmJAk2"
"alcabalatorio, ria","1ZnSyAO"
"alcabalero","1Zp3CTL"
"alcabor","1a0yoQg"
"alcabota","1a2lKUJ"
"alcabtea","1a3mxXE"
"alcabuz","1a7lm2M"
"alcacel","1aBURoV"
"alcaceña","1aCJfXZ"
"alcacer","1aGgAvo"
"alcachofa","1aGx2W5"
"alcachofado, da","1aL3kOY"
"alcachofal","1aLCKQy"
"alcachofar","1aPVJpL"
"alcachofar","1aPfBRJ"
"alcachofero, ra","1aUqBjM"
"alcací","1aXSeXa"
"alcacil","1aYBPWk"
"alcaduz","1aYS9Mg"
"alcaecería","1aZfaaT"
"alcafar","1acwiJN"
"alcahaz","1agNj5N"
"alcahazada","1ahqwj1"
"alcahazar","1ahrV6g"
"alcahotar","1ahskfB"
"alcahotería","1aiYd57"
"alcahuetar","1akPPRb"
"alcahuetazgo","1anAhXS"
"alcahuete, ta","1anBlmj"
"alcahuetear","1arPE5E"
"alcahueteo","1asJbrv"
"alcahuetería","1asMN4G"
"alcaicería","1asxUTN"
"alcaico","1atLFaN"
"alcaide","1azm2KP"
"alcaidesa","1b0zXQ1"
"alcaidía","1b5rnk5"
"alcaidiado","1b6s6Ix"
"alcairía","1b9HfrO"
"Alcalá","1b9mt26"
"alcaladino, na","1bCpDzD"
"alcalaeño, ña","1bH8NZi"
"alcalaíno, na","1bHAk8g"
"alcalareño, ña","1bIKoob"
"alcaldable","1bMwjDt"
"alcaldada","1bNb7jq"
"alcalde, desa","1bOD9ux"
"alcaldía","1bSXIP5"
"alcalemia","1bVbu4W"
"alcalifa","1bYu0gM"
"alcalifaje","1bZEsW7"
"alcalinidad","1bbEh6j"
"alcalinización","1bbI8XS"
"alcalinizar","1bbiDsU"
"alcamar","1bmv270"
"alcamiz","1bna67c"
"alcamonías","1bnaIoi"
"alcana","1bnqGqL"
"alcance","1bs6INR"
"alcancía","1bsLQv1"
"alcanciazo","1bt03f2"
"alcandía","1bx5471"
"alcandial","1by7Z7C"
"alcandora","1bysoxs"
"alcanería","1c30JiL"
"alcanfor","1c3pvfA"
"alcanforado, da","1c56VIR"
"alcanforar","1c9F5cV"
"alcanforero","1cABmzC"
"alcantarilla","1cDewL8"
"alcantarillado","1cEgfGm"
"alcantarillar","1cG6NyE"
"alcantarillero","1cGyAV7"
"alcantarino, na","1cJOQX6"
"alcanzable","1cJwzDP"
"alcana","1bnqGqL"
"alcance","1bs6INR"
"alcancía","1bsLQv1"
"alcanciazo","1bt03f2"
"alcandía","1bx5471"
"alcandial","1by7Z7C"
"alcandora","1bysoxs"
"alcanería","1c30JiL"
"alcanfor","1c3pvfA"
"alcanforado, da","1c56VIR"
"alcanforar","1c9F5cV"
"alcanforero","1cABmzC"
"alcantarilla","1cDewL8"
"alcantarillado","1cEgfGm"
"alcantarillar","1cG6NyE"
"alcantarillero","1cGyAV7"
"alcantarino, na","1cJOQX6"
"alcanzable","1cJwzDP"
"alcanzadizo, za","1cKvdSq"
"alcanzado, da","1cKzQ9W"
"alcanzador, ra","1cLPshp"
"alcanzadura","1cLZkSN"
"alcanzamiento","1cLqT6O"
"alcanzar","1cNAr5i"
"alcanzativo, va","1cONSJ0"
"alcañizano, na","1cORIKh"
"alcaparra","1cR4chc"
"alcaparrado, da","1cUA8Se"
"alcaparral","1cWQM4x"
"alcaparrera","1cXzIfu"
"alcaparro","1cYaBdZ"
"alcaparrón","1cYpBBw"
"alcaparrosa","1cYu5NM"
"alcaptonuria","1caIqr4"
"alcapurria","1cbSa7t"
"alcaraceño, ña","1cg5qKK"
"alcaraván","1cgcvZa"
"alcaravanero","1chqXeD"
"alcaravea","1cjAXsV"
"alcarceña","1clId2x"
"alcarceñal","1cmW8mc"
"alcarchofa","1cng45H"
"alcarchofado, da","1cpIF2H"
"alcarchofar","1cqjqHy"
"alcarcil","1cr02hf"
"alcaría","1cuOfgT"
"alcarracero, ra","1cukp4J"
"alcarraza","1cweFUj"
"alcarreño, ña","1cyiOWi"
"alcarria","1cznS2b"
"alcartaz","1d1QqPp"
"alcatara","1d1e7ax"
"alcatenes","1d3iijE"
"alcatifa","1d4LS2b"
"alcatifar","1d9xpNh"
"alcatraz","1dBGlf9"
"alcatraz","1dC3cpC"
"alcaucí","1dDKLKF"
"alcaucil","1dDM786"
"alcaudón","1dEBPXR"
"alcavela","1dEP8N3"
"alcavera","1dHEfEI"
"alcayata","1dIHwXm"
"alcayatar","1dJcZvL"
"alcayota","1dOvTLf"
"alcazaba","1dQZadu"
"alcazareño, ña","1dXTDwL"
"alcazuz","1dYe7NB"
"alcándara","1btb2Ip"
"alcándora","1c13jet"
"alcántara","1cBDnYs"
"Alcántara","1cDZnjj"
"alcázar","1dQbAvd"
"alce","1dZc1Jt"
"alce","1davF5F"
"alcea","1dbBM1E"
"alcedo","1dbGENv"
"alcedón","1dcgygW"
"alcino","1dedgUm"
"alción","1df3Gjz"
"alcionio","1df8YBU"
"alcionito","1dg5cVx"
"alcireño, ña","1dgKYNn"
"alcista","1dgke6W"
"alcitrón","1dgla8w"
"alcíbar","1dduRP0"
"alcoba","1dk3yTD"
"alcocarra","1dpxT5v"
"alcofol","1dqNzI4"
"alcohela","1dqv1o5"
"alcohol","1duiG9R"
"alcoholado, da","1dwmogJ"
"alcoholar","1dxcBNM"
"alcoholaturo","1dyFwSL"
"alcoholemia","1dzDQly"
"alcoholero, ra","1e69ruP"
"alcohólico, ca","1e70kUE"
"alcoholimetría","1e9Lagw"
"alcoholímetro","1eDWQ7D"
"alcoholismo","1eFfesR"
"alcoholización","1eGTcSz"
"alcoholizado, da","1eIeOG5"
"alcrebite","1eqhCHf"
"alcribís","1eruqFd"
"alcubilla","1etg9N4"
"alcucero, ra","1eu3xnK"
"alcuña","1evUGvz"
"alcuño","1ew3k1H"
"alcurnia","1f0LSt3"
"alcurniado, da","1f1I9Sj"
"alcuza","1f46Zy5"
"alcuzada","1f5I9no"
"alcuzcucero","1f5xV5d"
"alcuzcuz","1f8gHIR"
"alcuzcuzu","1fB1i3k"
"aldaba","1fB5YA2"
"aldabada","1fCjQph"
"aldabazo","1fIC0sZ"
"aldabear","1fLmKxE"
"aldabeo","1fLsdUY"
"aldabía","1fMZiKZ"
"aldabilla","1fMeNdd"
"aldabón","1fOOvON"
"aldabonazo","1fOZBDJ"
"aldea","1fOp9Vn"
"aldeanería","1fRlFUk"
"aldeaniego, ga","1fUxN92"
"aldeanismo","1fYtb34"
"aldeano, na","1faVHLB"
"aldehídico, ca","1fbLg0Z"
"aldehído","1fc8Mro"
"aldeón","1fcfUhJ"
"alea","1fonKQz"
"alea iacta est","1fuf0eN"
"aleación","1ftOC5d"
"alear","1fwDYtD"
"alear","1fxkjGC"
"aleas","1fyuJqo"
"aleatoriamente","1fzRVwa"
"aleatoriedad","1g5I1BI"
"aleatorio, ria","1g6f0t2"
"aleatorización","1g7MJOW"
"aleatorizar","1g7dltd"
"alebrarse","1g7vc1H"
"alebrastarse","1g9LZwp"
"alebrestado, da","1gDcYbJ"
"alebrestarse","1gEaAU9"
"alebrije","1gFdLw7"
"alebronarse","1gG6XEe"
"aleccionador, ra","1gJIXuM"
"alea","1fonKQz"
"alea iacta est","1fuf0eN"
"aleación","1ftOC5d"
"alear","1fwDYtD"
"alear","1fxkjGC"
"aleas","1fyuJqo"
"aleatoriamente","1fzRVwa"
"aleatoriedad","1g5I1BI"
"aleatorio, ria","1g6f0t2"
"aleatorización","1g7MJOW"
"aleatorizar","1g7dltd"
"alebrarse","1g7vc1H"
"alebrastarse","1g9LZwp"
"alebrestado, da","1gDcYbJ"
"alebrestarse","1gEaAU9"
"alebrije","1gFdLw7"
"alebronarse","1gG6XEe"
"aleccionador, ra","1gJIXuM"
"aleccionamiento","1gK3RVs"
"aleccionar","1gK66MQ"
"alece","1gKXYwC"
"aleche","1gLoBQD"
"alechigar","1gMw516"
"alechugado","1gOOSbY"
"alechugar","1gQ6Pto"
"alecrín","1gQJywP"
"alectomancia","1gRivXz"
"alectoria","1gTtT4N"
"aleda","1gUf2jQ"
"aledaño, ña","1gXtX1T"
"alefangina","1gYXqxx"
"alefato","1gaXKqc"
"alefriz","1gbSioD"
"alegable","1gc8vPp"
"alegación","1gcGgJk"
"alegador, ra","1giLH2w"
"alegal","1giapv7"
"alegalidad","1glvgNS"
"alegamar","1gmzPoE"
"aleganarse","1gpFUvD"
"alegante","1gr1I28"
"alegar","1gsPDDb"
"alegato","1gssER9"
"alegatorio, ria","1guLhrx"
"alegón, na","1gwhHzD"
"alegoría","1gxeXmG"
"alegóricamente","1h0uUA4"
"alegórico, ca","1h1Y5sP"
"alegorismo","1h8qBQH"
"aleja","1hNo9D6"
"alejado, da","1hO30jx"
"alejamiento","1hORiVG"
"Alejandría","1hPm6OK"
"alejandrinismo","1hQxzAi"
"alejandrino","1hRWRn1"
"alejandrino","1hSO1vY"
"alejandrita","1hUHG1q"
"alejar","1hWUthy"
"alejija","1hZN7vM"
"alejur","1hZc1vy"
"alelado, da","1hZg7fc"
"alelamiento","1hbeUf7"
"alelar","1hd3m37"
"alelo","1hhcUkk"
"alelomórfico, ca","1hk741z"
"alelomorfo, fa","1hktiyg"
"alelopatía","1hkuAa5"
"alelopático, ca","1hkuAdQ"
"aleluya","1hlBWFN"
"alhelí","1otQrfV"
"alema","1hm62j1"
"alemán, na","1hn1XWS"
"alemanda","1ho0MSh"
"alemanés, sa","1hsBpLF"
"alemanesco, ca","1hsVicN"
"alemánico, ca","1huQ7JB"
"alemanisco, ca","1i3DmeF"
"alenguamiento","1i53zFv"
"alenguar","1i5gEoS"
"alentada","1i5pnpk"
"alentadamente","1i6MwZU"
"alentado, da","1i7QrYN"
"alentador, ra","1i84m6K"
"alentar","1i8jk2G"
"alentejano, na","1iAfjDD"
"alentoso, sa","1iBahVA"
"aleonado, da","1iBdwBW"
"aleonar","1iIT33j"
"alepato","1iIaTmn"
"alepín","1iKdBHR"
"alerce","1iKfp0N"
"alergénico, ca","1iLAUIL"
"alérgeno, na","1iLgNOF"
"alergia","1iNASg5"
"alergista","1iPZtSK"
"alergizante","1iPmpHB"
"alergología","1iPvRFm"
"alergológico, ca","1iQZOvh"
"alergólogo, ga","1iQiizW"
"alero","1iRrWJH"
"alero","1iS21Ag"
"alerón","1iW27Uc"
"alerta","1iWEmUk"
"alertado, da","1iXHJpI"
"alertador, ra","1iZMRkx"
"alerto, ta","1idtiYF"
"alesna","1igEd4P"
"alesnado, da","1iggI4A"
"aleta","1ih2kPS"
"aletada","1ihlRjk"
"aletargado, da","1ihpQ6P"
"aletargador, ra","1ihuOL4"
"aletargamiento","1imDQJZ"
"aletargar","1imT9rH"
"aletazo","1io5o65"
"aletear","1iqNsdE"
"aleteo","1is3R2r"
"aleto","1itUIpY"
"aletría","1iuIISF"
"aleudar","1iuPRcr"
"aleutiano, na","1iv1AgD"
"alevantadizo, za","1ivPI9T"
"alevantar","1iwDkY7"
"aleve","1iwjLQW"
"aleviar","1ixHMNM"
"alevilla","1j2BdcN"
"alevín","1j2Vvj6"
"alevino","1j39N5g"
"alevosamente","1j6v3VU"
"alevosía","1jAoW9W"
"alevoso, sa","1jDDBFH"
"alexia","1jDUrSf"
"alexifármaco, ca","1jHedC1"
"alexitimia","1jHfKVa"
"alexitímico, ca","1jHfKa7"
"aleya","1jII2jN"
"alezna","1jIV61Y"
"aleznado, da","1jIj1Ha"
"aleznar","1jKAaqs"
"alezo","1jM209U"
"alélico, ca","1hhZHww"
"alérgeno, na","1iLgNOF"
"alérgico, ca","1iNmjZD"
"alfa","1jMOU1T"
"alfaba","1jOv4Hu"
"alfábega","1jOz8rb"
"alfabetear","1jRWFn5"
"alfabéticamente","1jU9icW"
"alfabético, ca","1jUcpgT"
"alfabetismo","1jUoKD3"
"alfabetizable","1jVDUni"
"alfabetización","1jW6YGF"
"alfabetizado, da","1jX1RbV"
"alfabetizador, ra","1jYE38j"
"alfabetizando, da","1jZGWfa"
"alfabetizar","1jZSGJY"
"alfabeto","1jcYwTh"
"alfabeto","1jdArbi"
"alfadía","1jdzDHc"
"alga","1mPyPWq"
"algaba","1mRjoum"
"algabeño, ña","1mUOWqO"
"algadara","1mX6ZGE"
"algaida","1mZihla"
"algaido, da","1mbOkoG"
"algalia","1mcNoFX"
"algalia","1mfMOMu"
"algaliar","1mfpEQB"
"algaliero, ra","1mg00iV"
"algar","1mkF7HE"
"algar","1mkjvnG"
"algara","1mlDSV2"
"algara","1mne4w9"
"algarabía","1mr8J4f"
"algarabía","1mrcBwu"
"algarabiado, da","1ms3aXE"
"algaracear","1mudF7b"
"algarada","1myx1r9"
"algarada","1mzSf7o"
"alga","1mPyPWq"
"algaba","1mRjoum"
"algabeño, ña","1mUOWqO"
"algadara","1mX6ZGE"
"algaida","1mZihla"
"algaido, da","1mbOkoG"
"algalia","1mcNoFX"
"algalia","1mfMOMu"
"algaliar","1mfpEQB"
"algaliero, ra","1mg00iV"
"algar","1mkF7HE"
"algar","1mkjvnG"
"algara","1mlDSV2"
"algara","1mne4w9"
"algarabía","1mr8J4f"
"algarabía","1mrcBwu"
"algarabiado, da","1ms3aXE"
"algaracear","1mudF7b"
"algarada","1myx1r9"
"algarada","1mzSf7o"
"algaba","1mRjoum"
"algabeño, ña","1mUOWqO"
"algadara","1mX6ZGE"
"algaida","1mZihla"
"algaido, da","1mbOkoG"
"algalia","1mcNoFX"
"algalia","1mfMOMu"
"algaliar","1mfpEQB"
"algaliero, ra","1mg00iV"
"algar","1mkF7HE"
"algar","1mkjvnG"
"algara","1mlDSV2"
"algara","1mne4w9"
"algarabía","1mr8J4f"
"algarabía","1mrcBwu"
"algarabiado, da","1ms3aXE"
"algaracear","1mudF7b"
"algarada","1myx1r9"
"algarada","1mzSf7o"
"algarazo","1mzuvY1"
"algareador, ra","1n07APc"
"algarear","1n1fI1L"
"algarero, ra","1n1htJf"
"algarivo, va","1n3qOIX"
"algarrada","1n4dnpt"
"algarrada","1nAOI86"
"algarroba","1nAqp74"
"algarrobal","1nBViPd"
"algarrobera","1nCLRU4"
"algara","1mlDSV2"
"algara","1mne4w9"
"algarabía","1mr8J4f"
"algarabía","1mrcBwu"
"algarabiado, da","1ms3aXE"
"algaracear","1mudF7b"
"algarada","1myx1r9"
"algarada","1mzSf7o"
"algarazo","1mzuvY1"
"algareador, ra","1n07APc"
"algarear","1n1fI1L"
"algarero, ra","1n1htJf"
"algarivo, va","1n3qOIX"
"algarrada","1n4dnpt"
"algarrada","1nAOI86"
"algarroba","1nAqp74"
"algarrobal","1nBViPd"
"algarrobera","1nCLRU4"
"algarrobero","1nFGJv4"
"algarrobilla","1nFjEMD"
"algarrobina","1nFjNSJ"
"algarrobo","1nG7MTC"
"algavaro","1nJqVWk"
"algazara","1nKMGV1"
"algazul","1nKOqRU"
"algebraico, ca","1nQOWwh"
"algebrista","1nRvy3t"
"algecireño, ña","1nS8qkK"
"algente","1nSBhhW"
"algébrico, ca","1nR2nCd"
"algidez","1nTfPQC"
"algo","1nUry2t"
"algodón","1nVJmXM"
"algodonal","1nWwTrw"
"algodonar","1nYp9bT"
"algodoncillo","1nZecxI"
"algodonero, ra","1nZfYkt"
"algodonoso, sa","1ndmyFm"
"algol","1ngekAY"
"algonquino, na","1nhqCTo"
"algorfa","1nik3bM"
"algorín","1nj9s11"
"algoritmia","1nkaHNn"
"algorítmico, ca","1nlExtm"
"algoritmo","1nmLTsh"
"algorto","1nqzsA8"
"algorza","1nrr4oq"
"alguacil, la","1ny83D5"
"alguaciladgo","1o3JVen"
"alguacilazgo","1o4ULpF"
"alguacilería","1o4kMp1"
"alguacilesco, ca","1o5aEnJ"
"alguacilillo, lla","1o660Wj"
"alguaquida","1o7plJk"
"alguaquidero","1o9185M"
"alguarín","1o9iqMY"
"alguarismo","1oBHXoV"
"alguaza","1oDevu8"
"alguero, ra","1oDoQO0"
"alguese","1oFZS40"
"alguicida","1oLXhNY"
"alguien","1oMNWvM"
"alguinio","1oNG8S4"
"alacena","1QWx7Tw"
"alajú","1RT8Ivq"
"alhábega","1oPgOi2"
"alhaite","1oQlehC"
"alhaja","1oRlGhO"
"alhajar","1oTDwZR"
"alhajera","1oTmfns"
"alhajero","1oXLWdf"
"alhajita","1oXpM6P"
"alhajito, ta","1oYKOz7"
"alhamar","1obwWj2"
"alhámega","1od4nGd"
"alhamel","1odA2k0"
"alhamí","1oe5ruV"
"alhandal","1of9R4j"
"alhanía","1ofPNWM"
"alharaca","1oia14G"
"alharaquear","1olFs9c"
"alharaquero, ra","1omwRBZ"
"alacena","1QWx7Tw"
"alajú","1RT8Ivq"
"alhaite","1oQlehC"
"alhaja","1oRlGhO"
"alhajar","1oTDwZR"
"alhajera","1oTmfns"
"alhajero","1oXLWdf"
"alhajita","1oXpM6P"
"alhajito, ta","1oYKOz7"
"alhamar","1obwWj2"
"alhamel","1odA2k0"
"alhamí","1oe5ruV"
"alhandal","1of9R4j"
"alhanía","1ofPNWM"
"alharaca","1oia14G"
"alharaquear","1olFs9c"
"alharaquero, ra","1omwRBZ"
"alharaquiento, ta","1onpdU1"
"alacena","1QWx7Tw"
"alhaite","1oQlehC"
"alajú","1RT8Ivq"
"alhaja","1oRlGhO"
"alhajar","1oTDwZR"
"alhajera","1oTmfns"
"alhajero","1oXLWdf"
"alhajita","1oXpM6P"
"alhajito, ta","1oYKOz7"
"alhamar","1obwWj2"
"alhamel","1odA2k0"
"alhamí","1oe5ruV"
"alhandal","1of9R4j"
"alhanía","1ofPNWM"
"alharaca","1oia14G"
"alharaquear","1olFs9c"
"alharaquero, ra","1omwRBZ"
"alharaquiento, ta","1onpdU1"
"alhareme","1opZBc7"
"alharma","1oqFV4x"
"alhavara","1ot74Yi"
"alhábega","1oPgOi2"
"alhámega","1od4nGd"
"alhárgama","1opsyJp"
"alhelí","1otQrfV"
"alheña","1ou58eb"
"alheñar","1oyp5ja"
"alhidada","1ozsv0Z"
"alholí","1p2NPcr"
"alholía","1p2Nxox"
"alholva","1p34IRl"
"alholvar","1p3ZGsh"
"alhombra","1p4xfuK"
"alhombra","1p4yfTN"
"alhombrar","1p5qe2R"
"alhondiguero","1pAAkyV"
"alhorí","1pBUNsL"
"alhorín","1pBYhcZ"
"alhorra","1pBggbx"
"alhorre","1pDpCau"
"alhorre","1pHIFgm"
"alhorría","1pHoXDp"
"alhorro","1pN6ic4"
"alhorza","1pP7aCS"
"alhoz","1pQijqc"
"alhócigo","1p1igm6"
"alhóndiga","1p6GV0E"
"alhucema","1pRU6zv"
"alhucemilla","1pRrgQV"
"alhuceña","1pTQhzU"
"alhumajo","1pTW4i6"
"alhurreca","1pWWPGQ"
"ali","1pXSrU6"
"aliabierto, ta","1pXq7Em"
"aliacán","1pZXq6q"
"aliacanado, da","1pgsmXb"
"aliáceo, a","1phO83C"
"aliado, da","1pitkSO"
"aliadofilia","1pjrjdT"
"aliadófilo, la","1pkoiuY"
"aliaga","1pkuoJd"
"aliagar","1pmso0y"
"aliancismo","1pprr7K"
"aliancista","1pt6sic"
"alianza","1pvIeBW"
"alianzarse","1pvb5lP"
"aliar","1px7xrK"
"alícuota","1qaDDBT"
"alífero, ra","1qzaGAl"
"alígero, ra","1rFIIw8"
"alípede","1sb1FSL"
"alípedo, da","1sdrsgC"
"aljaba","1tr28Ar"
"aljabibe","1triSy2"
"aljáfana","1trpXxp"
"aljama","1trx9rX"
"aljama","1ts545y"
"aljamel","1tut9nh"
"aljamía","1tvL7cf"
"aljamiado, da","1tw5f6i"
"aljarafe","1u0adO9"
"aljaraz","1u1Czc3"
"aljarfa","1u4rNA8"
"aljarfe","1u50066"
"aljébana","1u9NRXB"
"aljecería","1uATXQ9"
"aljecero","1uDqQEG"
"aljemifao","1uFekqT"
"aljerife","1uG9PqG"
"aljerifero","1uIUsGc"
"aljez","1uIX2Af"
"aljezar","1uJG8Ax"
"aljaba","1tr28Ar"
"aljabibe","1triSy2"
"aljama","1trx9rX"
"aljama","1ts545y"
"aljamel","1tut9nh"
"aljamía","1tvL7cf"
"aljamiado, da","1tw5f6i"
"aljarafe","1u0adO9"
"aljaraz","1u1Czc3"
"aljarfa","1u4rNA8"
"aljarfe","1u50066"
"aljáfana","1trpXxp"
"aljecería","1uATXQ9"
"aljecero","1uDqQEG"
"aljemifao","1uFekqT"
"aljerife","1uG9PqG"
"aljerifero","1uIUsGc"
"aljez","1uIX2Af"
"aljezar","1uJG8Ax"
"aljezón","1uJcOvg"
"aljébana","1u9NRXB"
"aljibe","1uJnI9p"
"aljibero","1uKdPvH"
"aljofaina","1uLxrEM"
"aljofarar","1uN4oGu"
"aljofifa","1uP8Wxm"
"aljofifar","1uPrqMk"
"aljonje","1uUpIwa"
"aljonjera","1uVXsEf"
"aljonjero","1uZNkN3"
"aljonjolí","1udRbk4"
"aljor","1ug5z5o"
"aljorca","1uhX4LA"
"aljófar","1uM4KcZ"
"aljuba","1uiIEvs"
"aljuma","1ujgIz7"
"alkermes","1umyPAc"
"allá","1unsXdO"
"allanabarrancos","1uqXtVo"
"allanador, ra","1urzDEV"
"allanamiento","1ustnZQ"
"allanar","1uxyX3z"
"allariz","1uyMDkF"
"allegadera","1v6NqN6"
"allegadizo, za","1v6beKG"
"allegado, da","1v6bwtW"
"allegador, ra","1v7BrVG"
"allegamiento","1v7RHJf"
"alleganza","1v88eeC"
"allegar","1vARbWh"
"allegretto","1vAzoyA"
"allegro","1vGjSPF"
"Allen","1vLyYYb"
"alma","1vVaUXY"
"alma","1vWbh0u"
"almacabra","1veztMq"
"almacén","1vf0EDz"
"almacena","1vghnoc"
"almacenaje","1viimYh"
"almacenamiento","1vjXZ3S"
"almacenar","1vk04sI"
"almacenero, ra","1vklSIz"
"almacenista","1vl4GXd"
"almacería","1voSSh9"
"almacería","1vql9EA"
"almáciga","1vtGFgj"
"almáciga","1vvOobE"
"almacigado, da","1vzKipH"
"almacigar","1vzUq0m"
"almácigo","1w1f5ff"
"almácigo","1w1m3Ka"
"almaciguero, ra","1w26BPF"
"almo, ma","1zK2y80"
"alma","1vVaUXY"
"alma","1vWbh0u"
"almacabra","1veztMq"
"almacén","1vf0EDz"
"almacena","1vghnoc"
"almacenaje","1viimYh"
"almacenamiento","1vjXZ3S"
"almacenar","1vk04sI"
"almacenero, ra","1vklSIz"
"almacenista","1vl4GXd"
"almacería","1voSSh9"
"almacería","1vql9EA"
"almacigado, da","1vzKipH"
"almacigar","1vzUq0m"
"almaciguero, ra","1w26BPF"
"almadearse","1w4r9mf"
"almadén","1w5kHLB"
"almadía","1w9rH6H"
"almadiar","1wA8AZX"
"almo, ma","1zK2y80"
"almacabra","1veztMq"
"almacén","1vf0EDz"
"almacena","1vghnoc"
"almacenaje","1viimYh"
"almacenamiento","1vjXZ3S"
"almacenar","1vk04sI"
"almacenero, ra","1vklSIz"
"almacenista","1vl4GXd"
"almacería","1voSSh9"
"almacería","1vql9EA"
"almacigado, da","1vzKipH"
"almacigar","1vzUq0m"
"almaciguero, ra","1w26BPF"
"almadearse","1w4r9mf"
"almadén","1w5kHLB"
"almadía","1w9rH6H"
"almadiar","1wA8AZX"
"almadiero","1wAD7oA"
"almadraba","1wBWJad"
"almadrabero, ra","1wEMes7"
"almadraque","1wEOgrP"
"almadreña","1wFJKdy"
"almadreñero, ra","1wIYjFS"
"almagacén","1wMYrXr"
"almagra","1wNTcsq"
"almagradura","1wUJbs2"
"almagral","1wUcgzs"
"almagrar","1wVA68N"
"almagre","1wVNSrP"
"almagreño, ña","1wdNFpA"
"almagrero, ra","1weMiU0"
"almahala","1wfRZu1"
"almaizal","1wg7lVG"
"almaizar","1wge4Sb"
"almaizo","1whZegE"
"almaja","1wiPMsK"
"almajal","1wkjmJG"
"almajaneque","1wmfYUZ"
"almajar","1wpmBfJ"
"almajar","1wtzqCV"
"almajara","1wv3rHU"
"almaje","1x1U3pH"
"almajo","1x5NmiK"
"almalafa","1x6Hglw"
"almanac","1x97OIb"
"almanaca","1x9mlLY"
"almanaque","1xAEEmX"
"almanaquero, ra","1xAg1FA"
"almancebe","1xBFTw8"
"almandina","1xCWicj"
"almandino","1xDhSXi"
"almanta","1xIaRZo"
"almarada","1xMDSkt"
"almarbatar","1xMb2Ve"
"almarbate","1xOO3lS"
"almarcha","1xPfYHS"
"almario","1xUO7fN"
"almario","1xWIUoo"
"almarjal","1xWen24"
"almarjal","1xXn5Nv"
"almarjo","1xYeASX"
"almaro","1xb9RWd"
"almarrá","1xbLxDs"
"almarraja","1xbQLhA"
"almarraza","1xbonIF"
"almartigón","1xiBOOj"
"almastigado, da","1xiY2co"
"almatriche","1xoiCoV"
"almatroque","1xpXETy"
"almatroste","1xrOuJW"
"almazara","1xtiK4U"
"almazarero, ra","1xuPu1p"
"almazarrón","1xw2Ymh"
"almáciga","1vtGFgj"
"almáciga","1vvOobE"
"almácigo","1w1f5ff"
"almácigo","1w1m3Ka"
"almádana","1w4FtSx"
"almádena","1w8SPuy"
"almádina","1wBCNip"
"almágana","1wMeBI2"
"almártaga","1xdNzey"
"almártaga","1xg9zRD"
"almástiga","1xiKgp4"
"almática","1xjVjEu"
"almea","1xwsLkx"
"almea","1xxwPjU"
"almecina","1y0gmZr"
"almecino","1y4cUsP"
"almeja","1y59XPV"
"almejar","1y7g2WG"
"almejí","1y8hsx5"
"almejía","1y9HUYC"
"almena","1y9a7ZG"
"almenado, da","1y9vnhP"
"almenaje","1yAWTUD"
"almenar","1yBdy2M"
"almenar","1yBgTMU"
"almenara","1yBiEmy"
"almenara","1yDRZ6T"
"almendra","1yDmgAi"
"almendrado, da","1yHLlh7"
"almendral","1yIp0zN"
"almendrar","1yKQ8Ib"
"almendrate","1yKbKNL"
"almea","1xwsLkx"
"almea","1xxwPjU"
"almecina","1y0gmZr"
"almecino","1y4cUsP"
"almeja","1y59XPV"
"almejar","1y7g2WG"
"almejí","1y8hsx5"
"almejía","1y9HUYC"
"almena","1y9a7ZG"
"almenado, da","1y9vnhP"
"almenaje","1yAWTUD"
"almenar","1yBdy2M"
"almenar","1yBgTMU"
"almenara","1yBiEmy"
"almenara","1yDRZ6T"
"almendra","1yDmgAi"
"almendrado, da","1yHLlh7"
"almendral","1yIp0zN"
"almendrar","1yKQ8Ib"
"almendrate","1yKbKNL"
"almendrera","1yLdsEB"
"almendrero","1yMSBLm"
"almendrilla","1yN0G3x"
"almendrillo","1yOKc0x"
"almendro","1yRXqHh"
"almendrolón","1yRpzTe"
"almendrón","1yVgg92"
"almendruco","1yXEfpy"
"almena","1y9a7ZG"
"almenado, da","1y9vnhP"
"almenaje","1yAWTUD"
"almenar","1yBdy2M"
"almenar","1yBgTMU"
"almenara","1yBiEmy"
"almenara","1yDRZ6T"
"almendra","1yDmgAi"
"almendrado, da","1yHLlh7"
"almendral","1yIp0zN"
"almendrar","1yKQ8Ib"
"almendrate","1yKbKNL"
"almendrera","1yLdsEB"
"almendrero","1yMSBLm"
"almendrilla","1yN0G3x"
"almendrillo","1yOKc0x"
"almendro","1yRXqHh"
"almendrolón","1yRpzTe"
"almendrón","1yVgg92"
"almendruco","1yXEfpy"
"almenilla","1yZ0t9g"
"almeriense","1yZ5I4O"
"almete","1ya5Zum"
"almez","1yah7fV"
"almeza","1ycTq64"
"almezo","1yclwTx"
"almiar","1ydQw17"
"almiarar","1yfTOSF"
"almibarado, da","1ylA52E"
"almibarar","1ylAHmx"
"almicantarat","1ymY0Yl"
"almidón","1yoL01w"
"almidonado, da","1yq1L36"
"almidonar","1yqnlyk"
"almidonería","1ysL5H5"
"almijar","1yshaIk"
"almijara","1yw1m1w"
"almijarero","1ywRNS2"
"almijarra","1ywUTdL"
"almilla","1yydbJT"
"almimbar","1yz8zKb"
"alminar","1yzdfqz"
"almiquí","1z0Oa6u"
"almiranta","1z0uK8n"
"almiar","1ydQw17"
"almiarar","1yfTOSF"
"almibarado, da","1ylA52E"
"almibarar","1ylAHmx"
"almicantarat","1ymY0Yl"
"almidón","1yoL01w"
"almidonado, da","1yq1L36"
"almidonar","1yqnlyk"
"almidonería","1ysL5H5"
"almijar","1yshaIk"
"almijara","1yw1m1w"
"almijarero","1ywRNS2"
"almijarra","1ywUTdL"
"almilla","1yydbJT"
"almimbar","1yz8zKb"
"alminar","1yzdfqz"
"almiquí","1z0Oa6u"
"almiranta","1z0uK8n"
"almirantazgo","1z2BbTt"
"almirante","1z4MnwR"
"almirantesa","1z6fwon"
"almirantía","1z8pqM2"
"almirez","1z9uEeT"
"almirón","1zBxJ9g"
"almizate","1zCVO7E"
"almizclado, da","1zDpGLY"
"almizclar","1zEliMH"
"almizcle","1zFJWvB"
"almizcleño, ña","1zG6FIp"
"almizclero, ra","1zITxFP"
"almizque","1zIXEcZ"
"almizquera","1zIXond"
"almíbar","1yh1J6a"
"almo, ma","1zK2y80"
"almocadén","1zK3fgZ"
"almocafre","1zLaWEg"
"almocárabe","1zLcLai"
"almocarbe","1zLyFC6"
"almocatracía","1zNlV8K"
"almocela","1zS9il2"
"almocrebe","1zSatM8"
"almocrí","1zSpqbx"
"almodón","1zT9OJd"
"almodovareño, ña","1zUiLia"
"almodrote","1zWH88g"
"almofalla","1zeFFRI"
"almofariz","1zelry0"
"almofía","1zfZTub"
"almoflate","1zgVcDZ"
"almofrej","1zhPg9p"
"almofrez","1zhXFA6"
"almogama","1zhZzeL"
"almocadén","1zK3fgZ"
"almocafre","1zLaWEg"
"almocárabe","1zLcLai"
"almocarbe","1zLyFC6"
"almocatracía","1zNlV8K"
"almocela","1zS9il2"
"almocrebe","1zSatM8"
"almocrí","1zSpqbx"
"almodón","1zT9OJd"
"almodovareño, ña","1zUiLia"
"almodrote","1zWH88g"
"almofalla","1zeFFRI"
"almofariz","1zelry0"
"almofía","1zfZTub"
"almoflate","1zgVcDZ"
"almofrej","1zhPg9p"
"almofrez","1zhXFA6"
"almogama","1zhZzeL"
"almogávar","1zjZmny"
"almogavarear","1zlI3nr"
"almogavaría","1zlkGAN"
"almogavería","1zltxFc"
"almohada","1zmhzwS"
"almohadado, da","1znl29e"
"almohadazo","1zoiU2T"
"almohade","1zpEplZ"
"almohadilla","1zpdXXx"
"almohadillado, da","1zqovSf"
"almohadillar","1zrBSFK"
"almohadillazo","1zsbgeh"
"almohadillero, ra","1ztjfyA"
"almohadón","1ztpbEH"
"almoharrefa","1zuPEHW"
"almoháter","1zxlyDp"
"almohatre","1zyF58i"
"almohaza","1zyeZ4E"
"almohazador","1zyzeLO"
"almohazar","1zzKrbz"
"almojábana","1zzUeqF"
"almojama","1zzk39p"
"almojarifadgo","200I934"
"almojarifazgo","201Iz3V"
"almojarife","201jxmt"
"almojáter","204fvoe"
"almojatre","205gXDS"
"almojaya","207Hwk5"
"almojerifazgo","20B6NdI"
"almojerife","20BW5iM"
"almona","20BgYWq"
"almondiguilla","20CUmUK"
"almoneda","20EQ8wo"
"almonedar","20FJZzm"
"almonedear","20LX09M"
"almonedero, ra","20MP2Bx"
"almonedista","20MSfpk"
"almora","20OB63h"
"almorabú","20OVsZU"
"almoraduj","20Ofqqj"
"almoradux","20Q0QpB"
"almorávide","20Ufn0J"
"almorejo","20W66E4"
"almorí","20XqTdx"
"almoronía","20ayngX"
"almorraja","20baF1p"
"almorrana","20cGojR"
"almorraniento, ta","20dTG8b"
"almorrefa","20e7RNh"
"almorriña","20ee0Mx"
"almorrón","20h3YsO"
"almorta","20hGU6e"
"almorzada","20iYXry"
"almorzada","20k4y4i"
"almorzado, da","20kEOaS"
"almorzar","20mWKvH"
"almora","20OB63h"
"almorabú","20OVsZU"
"almoraduj","20Ofqqj"
"almoradux","20Q0QpB"
"almorávide","20Ufn0J"
"almorejo","20W66E4"
"almorí","20XqTdx"
"almoronía","20ayngX"
"almorraja","20baF1p"
"almorrana","20cGojR"
"almorraniento, ta","20dTG8b"
"almorrefa","20e7RNh"
"almorriña","20ee0Mx"
"almorrón","20h3YsO"
"almorta","20hGU6e"
"almorzada","20iYXry"
"almorzada","20k4y4i"
"almorzado, da","20kEOaS"
"almorzar","20mWKvH"
"almosna","20n6Jmh"
"almosnar","20rBJX2"
"almotacén","20vO0QV"
"almotacenadgo","20vf4JO"
"almotacenazgo","20vu3MD"
"almotacenía","20x9US7"
"almotalafe","20xiQXX"
"almotazaf","20yTQi1"
"almotazán","217Kkvx"
"almotazanía","218YJEY"
"almozada","21AZX9g"
"almozala","21CfycK"
"almozalla","21DZxIM"
"almozárabe","21EJta2"
"almófar","1zeTfwK"
"almóndiga","20CAqSi"
"almud","21Ehs03"
"almudada","21EjKx8"
"almudí","21Gl9Bs"
"almudín","21IBpeH"
"almuecín","21MqG4w"
"almuédano","21NkzHn"
"almuedén","21OeNpt"
"almuercería","21RtpRK"
"almuercero, ra","21Rtq8Z"
"almuérdago","21W0jai"
"almuerza","21ZZyw9"
"almuerzo","21aDBf2"
"almueza","21daog1"
"almuezada","21fdYDX"
"almugávar","21h62B0"
"almunia","21htQgx"
"almutacén","21ixBDy"
"almutazaf","21ryf0P"
"almuzala","21ttnK9"
"almud","21Ehs03"
"almudada","21EjKx8"
"almudí","21Gl9Bs"
"almudín","21IBpeH"
"almuecín","21MqG4w"
"almuedén","21OeNpt"
"almuercería","21RtpRK"
"almuercero, ra","21Rtq8Z"
"almuerza","21ZZyw9"
"almuerzo","21aDBf2"
"almueza","21daog1"
"almuezada","21fdYDX"
"almuédano","21NkzHn"
"almuérdago","21W0jai"
"almugávar","21h62B0"
"almunia","21htQgx"
"almutacén","21ixBDy"
"almutazaf","21ryf0P"
"almuzala","21ttnK9"
"almuzalla","21vMGOf"
"alna","223NjxJ"
"alnado, da","22BaMfc"
"alnafe","22BsYgv"
"alnedo","22C6v70"
"alno","22CBqer"
"alo-","22DHSZo"
"aloaria","22DmYic"
"alobadado","22IS49h"
"alobadado","22IwWyZ"
"alobado, da","22L7f0Y"
"alobar","22OJMeg"
"alobreguecer","22TcGRd"
"alobrógico, ca","22YSrtC"
"alobunado, da","22fA5FY"
"alocadamente","22hHzU4"
"alocado, da","22r3xrr"
"alocar","22t3rJh"
"alocución","22xiE25"
"alodial","22y0XZp"
"alodio","232RBoh"
"áloe","239JQ9H"
"aló","22CGRYn"
"alóbroge","22TpvZQ"
"alóbrogo","22cypo1"
"alóctono, na","22wHUSJ"
"alófono, na","23CsjcY"
"alógeno, na","23LltVz"
"alógico, ca","23Miflv"
"alón","23fYdZg"
"alón","23gaK0V"
"alópata","23r5aEG"
"alpaca","24EQD0o"
"alpaca","24Fdiz1"
"alpamato","24I69iC"
"alpañata","24IKJFZ"
"alparcear","24IMUb3"
"alparcería","24KHAtL"
"alparcero, ra","24MNel2"
"alpargata","24MaPLi"
"alpargatado, da","24O1E8C"
"alpargatar","24O5K17"
"alpargate","24OLvTC"
"alpargatería","24Pkbt7"
"alpargatero, ra","24YOLx6"
"alpartaz","24ZfY1P"
"alpatana","24aBYjK"
"alpechín","24b5pM3"
"alpechinera","24bsSar"
"alpende","24byWsy"
"alpaca","24EQD0o"
"alpaca","24Fdiz1"
"alpamato","24I69iC"
"alpañata","24IKJFZ"
"alparcear","24IMUb3"
"alparcería","24KHAtL"
"alparcero, ra","24MNel2"
"alpargata","24MaPLi"
"alpargatado, da","24O1E8C"
"alpargatar","24O5K17"
"alpargate","24OLvTC"
"alpargatería","24Pkbt7"
"alpargatero, ra","24YOLx6"
"alpartaz","24ZfY1P"
"alpatana","24aBYjK"
"alpechín","24b5pM3"
"alpechinera","24bsSar"
"alpende","24byWsy"
"alpendre","24c7qV3"
"alperujo","24c9Zn2"
"alpes","24dECiL"
"alpestre","24eaMCq"
"alpicoz","24ekYez"
"alpinismo","24fK76k"
"alpinista","24gaiGh"
"alpino, na","24iSOP5"
"alpiste","24j7EFV"
"alpistela","24jB66a"
"alpistera","24lz8HJ"
"alpistero","24ma1YI"
"alpujarreño, ña","24munXD"
"alquequenje","24ng2rK"
"alquería","24oTdhM"
"alquermes","24pXcSm"
"alquerque","24s5XtO"
"alquerque","24t0EDC"
"alquez","24tz9o0"
"alquezar","24ueHLi"
"alquibla","24vwZiZ"
"alquicel","24z4dMA"
"alquicer","250NttO"
"alquifol","251oO00"
"alquila","252SEHv"
"alquilable","2530bLE"
"alquiladizo, za","253bR0l"
"alquilador, ra","254hDcR"
"alquilamiento","255isBL"
"alquilar","257cMcn"
"alquilate","25D1pMd"
"alquilé","25F1itY"
"alquequenje","24ng2rK"
"alquería","24oTdhM"
"alquermes","24pXcSm"
"alquerque","24s5XtO"
"alquerque","24t0EDC"
"alquez","24tz9o0"
"alquezar","24ueHLi"
"alquibla","24vwZiZ"
"alquicel","24z4dMA"
"alquicer","250NttO"
"alquifol","251oO00"
"alquila","252SEHv"
"alquilable","2530bLE"
"alquiladizo, za","253bR0l"
"alquilador, ra","254hDcR"
"alquilamiento","255isBL"
"alquilar","257cMcn"
"alquilate","25D1pMd"
"alquilé","25F1itY"
"alquequenje","24ng2rK"
"alquería","24oTdhM"
"alquermes","24pXcSm"
"alquerque","24s5XtO"
"alquerque","24t0EDC"
"alquez","24tz9o0"
"alquezar","24ueHLi"
"alquibla","24vwZiZ"
"alquicel","24z4dMA"
"alquicer","250NttO"
"alquifol","251oO00"
"alquila","252SEHv"
"alquilable","2530bLE"
"alquiladizo, za","253bR0l"
"alquilador, ra","254hDcR"
"alquilamiento","255isBL"
"alquilar","257cMcn"
"alquilate","25D1pMd"
"alquilé","25F1itY"
"alquiler","25FIo2f"
"alquilón, na","25GudWQ"
"alquimia","25KSS9r"
"alquimila","25QCDYa"
"alquimista","25RGl8l"
"alquímico, ca","25N7ORi"
"alrededor","25hn3Sb"
"alrevesado, da","25jksly"
"alrota","25k5Myi"
"alsaciano, na","25l7naY"
"alta","25moyff"
"alta","25nZX09"
"altabaca","25nc6fF"
"altabaque","25nqaUE"
"altabaquilla","25opLZP"
"altabaquillo","25pH0fm"
"altaico, ca","25qbFfr"
"altamandría","25qjV51"
"altamente","25tHgbX"
"altamía","25u7XVl"
"altamisa","25uoaaR"
"altana","25vNxeQ"
"altaneramente","25yhssn"
"altanería","263Ff5c"
"altanero, ra","268kv39"
"altanez","268lb3i"
"altano","2695KkS"
"altar","26AMkP6"
"altarero, ra","26AnDDj"
"alto","27ieUu8"
"alta","25moyff"
"alta","25nZX09"
"altabaca","25nc6fF"
"altabaque","25nqaUE"
"altabaquilla","25opLZP"
"altabaquillo","25pH0fm"
"altaico, ca","25qbFfr"
"altamandría","25qjV51"
"altamente","25tHgbX"
"altamía","25u7XVl"
"altamisa","25uoaaR"
"altana","25vNxeQ"
"altaneramente","25yhssn"
"altanería","263Ff5c"
"altanero, ra","268kv39"
"altanez","268lb3i"
"altano","2695KkS"
"altar","26AMkP6"
"altarero, ra","26AnDDj"
"alto","27ieUu8"
"altabaca","25nc6fF"
"altabaque","25nqaUE"
"altabaquilla","25opLZP"
"altabaquillo","25pH0fm"
"altaico, ca","25qbFfr"
"altamandría","25qjV51"
"altamente","25tHgbX"
"altamía","25u7XVl"
"altamisa","25uoaaR"
"mar","OLDn0QL"
"altana","25vNxeQ"
"altaneramente","25yhssn"
"altanería","263Ff5c"
"altanero, ra","268kv39"
"altanez","268lb3i"
"altano","2695KkS"
"altar","26AMkP6"
"altarero, ra","26AnDDj"
"altaricón, na","26D4wa3"
"altarreina","26HpkZ4"
"altavoz","26IgSuL"
"altea","26JzjnN"
"altear","26KVXCv"
"altear","26Lemh6"
"alteño, ña","26NR3Nl"
"alterabilidad","26SEDRL"
"alterable","26Sdv2V"
"alteración","26SfDhW"
"alteradizo, za","26TH6zm"
"alterado","26XW8eT"
"alterador, ra","26Xu3DB"
"alterante","26bKSHO"
"alterar","26cHVTU"
"alterativo, va","26cOOwM"
"altercación","26cU718"
"altercado","26dAoy4"
"altercador, ra","26h54Ep"
"alti-","270LM42"
"altibajo","27168vC"
"altillo","2748OG8"
"altilocuencia","275aCcX"
"altilocuente","27955g8"
"altimetría","27AOiII"
"altimétrico, ca","27CtRSs"
"altipampa","27F4Vtu"
"altiplanicie","27G6pk5"
"altiplánico, ca","27IoWQG"
"altiplano","27JVER5"
"altiricón, na","27K467i"
"altiro","27LUn2s"
"altisonancia","27OLoCs"
"altisonante","27PlfpN"
"altitonante","27TFIwj"
"altitud","27YSkKf"
"altílocuo, cua","27AL6Um"
"altímetro","27DDAqm"
"Altísimo","27MdCwA"
"altísono, na","27Qvd6f"
"alto","27ieUu8"
"alto","27onkvl"
"altoaragonés, sa","27pcPsi"
"altocúmulo","27rQUiC"
"altomedieval","27sz1oX"
"altoparaguayense","27uon6B"
"altoparanaense","27vMWwC"
"altoparlante","27w4nhD"
"altoperuano, na","27zKJsE"
"altor","283XGmI"
"altorrelieve","2850xgb"
"altostrato","286WoKi"
"altozano","2892DJD"
"altramucero, ra","28AcM9S"
"altramuz","28CdMjr"
"altruismo","28D9npK"
"altruista","28Fs1Ec"
"altura","28GDFOf"
"alubia","28Mk82v"
"alubiar","28PWbsH"
"aluchar","28PgtvW"
"aluche","28QM5aq"
"aluciar","28Rr9UH"
"alucín","28SHEJl"
"alucinación","28Tgq5E"
"alucinadamente","28XDSG6"
"alucinado, da","28YAMDk"
"alucinador, ra","28a51zc"
"alucinamiento","28aLnxI"
"alucinante","28eKbTs"
"alucinar","28fwlxV"
"alucinatorio, ria","28h0eJK"
"alucine","28jbiZi"
"alucinógeno, na","28k3fgW"
"alúmina","29QgqWV"
"alveario","2A9Wgko"
"alveolado, da","2ADR5Oi"
"alveolar","2AEDGeB"
"alvéolo","2AHS0rE"
"alveolopalatal","2AHXeF9"
"alveopalatal","2AIHsKN"
"alverja","2AMu9hR"
"alverjana","2ANSkZM"
"alverjilla","2ASh5Qo"
"alverjón","2AThXaI"
"alvino, na","2AU2Yrr"
"alza","2AVqOC4"
"alzacola","2AY9EnP"
"alzacolita","2AYOnuJ"
"alzacristales","2AYmPiJ"
"alzacuello","2AZUQ0I"
"alzada","2AdjmSS"
"alzadamente","2AeJl4J"
"alzadera","2Afz5ui"
"alzadizo, za","2Ag00BP"
"alzado, da","2AhR8y6"
"alzador, ra","2AlcXmW"
"alzadura","2AnEHMR"
"alzamiento","2AqmlL9"
"alzapaño","2AsXCQt"
"alzapié","2AwJnKd"
"alzapón","2AwVTca"
"alzaprima","2AzaTPP"
"AM","2B6laEC"
"amá","2B8ldKf"
"amabilidad","2B90bHt"
"amable","2BB3iz1"
"amablemente","2BBxs9X"
"amacayo","2BCojQc"
"amacena","2BDZaKr"
"amacharse","2BIKzVa"
"amachetear","2BK6Weq"
"amachinarse","2BOHDWs"
"amachorrarse","2BQCnHM"
"amacigado, da","2BQIr5m"
"amación","2BQu5RC"
"amacizar","2BUI4xY"
"amacollar","2BVKkNG"
"amadamado, da","2BZakMH"
"amadamarse","2BahkLH"
"amadeo","2BapkKI"
"amabilidad","2B90bHt"
"amable","2BB3iz1"
"amablemente","2BBxs9X"
"amacayo","2BCojQc"
"amacena","2BDZaKr"
"amacharse","2BIKzVa"
"amachetear","2BK6Weq"
"amachinarse","2BOHDWs"
"amachorrarse","2BQCnHM"
"amacigado, da","2BQIr5m"
"amación","2BQu5RC"
"amacizar","2BUI4xY"
"amacollar","2BVKkNG"
"amadamado, da","2BZakMH"
"amadamarse","2BahkLH"
"amadeo","2BapkKI"
"amado, da","2Bcs0ZM"
"amá","2B8ldKf"
"amán","2CyQ5HW"
"amáraco","2E4ny2j"
"amárico, ca","2EfkxPC"
"ambages","2HDMmX3"
"ambagioso, sa","2HHMTd1"
"ambarar","2HOLUaa"
"ambarino, na","2HPTepg"
"ambateño, ña","2HQtbs6"
"amberino, na","2HTkV8s"
"ambición","2HURzwq"
"ambicionable","2HUiGPp"
"ambicionar","2HUo4AG"
"ambicionear","2HWQgLf"
"ambiciosamente","2HX9VRH"
"ambicioso, sa","2HYEu00"
"ambidextro, tra","2HYqPl6"
"ambidiestro, tra","2Hb3MjH"
"ameba","2Ia7rRr"
"amebeo","2IeABxJ"
"amebiano, na","2IeyXxk"
"amebiasis","2IfzDVJ"
"amebicida","2Ii2sj1"
"amebiosis","2IjTyjC"
"amechar","2IjXJHd"
"amedrantamiento","2IkgPZ8"
"amedrantar","2IlgWmX"
"amedrentado, da","2Im65lX"
"amedrentador, ra","2ImQfEi"
"amedrentamiento","2IoSX35"
"amedrentar","2IrFbrt"
"amejoramiento","2IsCmCb"
"amelar","2IwQRp4"
"amelarchiarse","2J0xVQI"
"amelcochado, da","2J2bLWo"
"amén","2JQsMol"
"amén","2JS2ald"
"América","2K9Sy1z"
"Américas","2KSgMun"
"américo, ca","2KTaPnX"
"amétrico, ca","2L5aGBp"
"amétrope","2L6piDf"
"ami","2LF6FL4"
"amia","2LGdCeD"
"amianta","2LIXPO1"
"amianto","2LJSQ4w"
"amiba","2LNUmPu"
"amibiasis","2LNaYck"
"amibo","2LOmEva"
"amical","2LOmWTb"
"amicicia","2LOmj2c"
"amicísimo, ma","2LPfucM"
"amida","2LRbLIP"
"amidos","2LUPVQ1"
"amiento","2LZ16dC"
"amiésgado","2LbGpqx"
"amigabilidad","2Ldhl0s"
"amigable","2LdtvWE"
"amigablemente","2Lenr6q"
"amigacho","2LmRQZn"
"amigajado, da","2LocwzG"
"amia","2LGdCeD"
"amianta","2LIXPO1"
"amianto","2LJSQ4w"
"amiba","2LNUmPu"
"amibiasis","2LNaYck"
"amibo","2LOmEva"
"amical","2LOmWTb"
"amicicia","2LOmj2c"
"amicísimo, ma","2LPfucM"
"amida","2LRbLIP"
"amidos","2LUPVQ1"
"amiento","2LZ16dC"
"amiésgado","2LbGpqx"
"amigabilidad","2Ldhl0s"
"amigable","2LdtvWE"
"amigablemente","2Lenr6q"
"amigacho","2LmRQZn"
"amigajado, da","2LocwzG"
"amiganza","2LqshP6"
"amigar","2LrAFjV"
"amigdaláceo, a","2LsPqTW"
"amigdalina","2LsVbka"
"amigdalitis","2LseYGb"
"amigo, ga","2LsqDPa"
"amigote","2LyxAGw"
"amigovio, via","2LyzQz1"
"amiguero, ra","2M0trRA"
"amiguete","2M5LsIY"
"amiláceo, a","2M6OeUo"
"amilagrarse","2M6PEZU"
"amilamia","2M7QEAp"
"amilanado, da","2M8ZgzW"
"amilanamiento","2M91Wt4"
"amilanar","2MAFrTp"
"amilasa","2MFoYEf"
"amillaramiento","2MGPohU"
"amillarar","2MJmsgi"
"amillonado, da","2MLqA4M"
"amiloide","2MMm4d9"
"amiloideo, a","2MOUVe1"
"amilosa","2MPAUYK"
"amimia","2MR2NEQ"
"amina","2MS549E"
"amino","2Mbmq72"
"aminoácido","2MbpjVR"
"aminoración","2MdmITH"
"aminoramiento","2MdnYVD"
"aminorar","2Me2jYv"
"amir","2MiTIDP"
"amirí","2MikrvZ"
"amish","2MilfxR"
"amisión","2MjYYzJ"
"amistad","2MkIDT9"
"amistanza","2MlMGbc"
"amistar","2MlyJJd"
"amistosamente","2MtZvAd"
"amistoso, sa","2MteLWd"
"amito","2Mw1XPS"
"amitosis","2MwWKmj"
"amitótico, ca","2Mz44Lk"
"amígdala","2LsEhkk"
"amín","2MRmex8"
"amínico, ca","2MWBuVa"
"amnesia","2N1jue4"
"amnésico, ca","2N3q32O"
"amnestía","2N43S1D"
"amniocentesis","2N5nj1v"
"amnios","2N6tQMh"
"amniota","2N7gM8U"
"amniótico, ca","2NB6mYS"
"amnistía","2NBrKLC"
"amnistiar","2ND6Lao"
"amo, ma","2ND9BMI"
"amoblado","2NDReSw"
"amoblamiento","2NEjnLq"
"amoblar","2NFsXwg"
"amochar","2NGM6dy"
"amochiguar","2NIep54"
"amodita","2NJiBil"
"amodorrado, da","2NJpIul"
"amodorramiento","2NMkfWx"
"amodorrante","2NMmjRz"
"amodorrar","2NNpnLA"
"amodorrecer","2NOm5XM"
"amodorrido, da","2NSF5T1"
"amogotado, da","2NTuEZe"
"amohecer","2NWhhpE"
"amohinamiento","2NYfUdE"
"amohinar","2NbgY2Z"
"Amón","2ONo22M"
"amónico, ca","2OopmYm"
"ampalagua","2R680ia"
"ampanga","2R6ElRZ"
"amparador, ra","2R7xqrw"
"amparamiento","2R8fX8z"
"amparar","2RCSEqM"
"amparo","2RCYvU4"
"ampay","2RDi8QC"
"ampayar","2REjwK7"
"ampáyer","2RGDO1i"
"ampelídeo, a","2RHVblL"
"ampelita","2RJLjC1"
"ampelografía","2RJSfJB"
"ampelográfico, ca","2RK0raK"
"ampelógrafo, fa","2RMH9WM"
"ampelología","2RRD6HU"
"amperaje","2RRpBEG"
"amsterdamés, sa","2SWmLWD"
"amuchachado, da","2SWpQKB"
"amuchar","2SXqPSW"
"amuchiguar","2SXs3qY"
"amueblado, da","2SZ3HHp"
"amueblamiento","2SZsD8z"
"amueblar","2SaZRSc"
"amuelar","2SbmgIa"
"amuermar","2Sc5Qfe"
"amufar","2ScO6l2"
"amugamiento","2ScQ8dg"
"amugar","2SeiTdK"
"amugronador, ra","2Sfq1rg"
"amugronamiento","2SgYyvp"
"amugronar","2Sp54xq"
"amuinar","2SrbgA9"
"amujerado, da","2Srk32h"
"a-","006hGa6"
"ana-","2TcZ0QB"
"ana","2TYLRJN"
"ana","2TZBL8T"
"ana","2TZfsF6"
"anabaptismo","2Tfmhin"
"anabaptista","2Tki4yv"
"anabatista","2ToHLiu"
"anabí","2TqrCjZ"
"anabolena","2TsjI2U"
"anabólico, ca","2Tt87Se"
"anabolismo","2Tukxl1"
"anabolizante","2TwKXT6"
"anacahuita","2TxS2hG"
"anacahuite","2TxlL9J"
"anacalo, la","2TzojWe"
"anacanto","2U1Gzfh"
"anacarado, da","2U1xmot"
"anacardiáceo, a","2U7GNlz"
"ana-","2TcZ0QB"
"ana","2TYLRJN"
"ana","2TZBL8T"
"ana","2TZfsF6"
"anabaptismo","2Tfmhin"
"anabaptista","2Tki4yv"
"anabatista","2ToHLiu"
"anabí","2TqrCjZ"
"anabolena","2TsjI2U"
"anabólico, ca","2Tt87Se"
"anabolismo","2Tukxl1"
"anabolizante","2TwKXT6"
"anacahuita","2TxS2hG"
"anacahuite","2TxlL9J"
"anacalo, la","2TzojWe"
"anacanto","2U1Gzfh"
"anacarado, da","2U1xmot"
"anacardiáceo, a","2U7GNlz"
"anabaptismo","2Tfmhin"
"anabaptista","2Tki4yv"
"anabatista","2ToHLiu"
"anabí","2TqrCjZ"
"anabolena","2TsjI2U"
"anabólico, ca","2Tt87Se"
"anabolismo","2Tukxl1"
"anabolizante","2TwKXT6"
"anacahuita","2TxS2hG"
"anacahuite","2TxlL9J"
"anacalo, la","2TzojWe"
"anacanto","2U1Gzfh"
"anacarado, da","2U1xmot"
"anacardiáceo, a","2U7GNlz"
"anacardino, na","2U8zTpo"
"anacardo","2UCHAi2"
"anaco","2UCxW47"
"anacoluto","2UDI8MV"
"anaconda","2UFE4OG"
"anacora","2UFIseD"
"anacoresis","2UGFKqx"
"anacoreta","2UGyYON"
"anacorético, ca","2UJvFoI"
"anadear","2UXxUSF"
"anadino, na","2UYwdV6"
"anadiplosis","2UZ6Xhj"
"anadón","2Ud6RYM"
"anaeróbico, ca","2UeFmhk"
"anaerobio, bia","2UeV8Yo"
"anaerobiosis","2Uf38ul"
"anafaga","2UfkGeB"
"anafalla","2UhSilG"
"anafase","2UiJ3u1"
"anafaya","2Ul1Rlc"
"anafe","2UlFstC"
"anafiláctico, ca","2UoDnil"
"anafilaxia","2UqvvMg"
"anafilaxis","2UrpvVn"
"anaforesis","2UsN3Bb"
"anafórico, ca","2UxpdL2"
"anafre","2UyjcyW"
"anafrodisia","2UzXFou"
"anafrodisíaco, ca","2V5mknS"
"anafrodita","2V6yvA4"
"anaglífico, ca","2V7u1IF"
"anaglifo","2VA1znn"
"anagnórisis","2VBDzyR"
"anagoge","2VBlAbg"
"anagogía","2VD94h0"
"anagógico, ca","2VE1cGZ"
"anagrama","2VH0u4L"
"anagramático, ca","2VHIDSi"
"anagramatista","2VIW30w"
"anagramista","2VIXlgV"
"anahuaca","2VJ3SKx"
"anahuacense","2VMukN5"
"anaiboa","2VNG13S"
"anal","2VOEwMd"
"anal","2VPcbXP"
"analco","2VQCjjm"
"analcohólico, ca","2VSgsZQ"
"analectas","2VXad7K"
"analepsis","2VXuJDd"
"analéptico, ca","2VaBLrm"
"analérgico, ca","2Vb3B5l"
"analfabetismo","2Vc97Mk"
"analfabeto, ta","2VcZnaQ"
"analgesia","2Vdbg3s"
"analgésico, ca","2VfhBiF"
"analista","2VjiJdF"
"analista","2VkAoiZ"
"analístico, ca","2Vlyr4M"
"analíticamente","2VoO2tq"
"anamita","2Vz8Ndr"
"anamnesis","2VzQvPs"
"anamniota","2VzTvbc"
"anamniótico, ca","2Vzw04J"
"anamórfico, ca","2W0npnR"
"anamorfosis","2W1z3l4"
"anamú","2W2XkJW"
"ananás","2W7yB0E"
"ananay","2W8Z4nn"
"anancástico, ca","2W9rNWc"
"anapelo","2WAehGJ"
"anapéstico, ca","2WB2vcq"
"anapesto","2WD6BJK"
"anaplasia","2WDf18a"
"anaptixis","2WEWzhX"
"anaquel","2WGdwqS"
"anaquelería","2WHUSO3"
"anaranjado, da","2WI5Z3T"
"anaranjear","2WIzHWe"
"anarco","2WOIVsd"
"anarco-","2WPDEru"
"anarcoide","2WRC5DF"
"anarcosindicalismo","2WRevmb"
"anarcosindicalista","2WT7Wgn"
"anarquía","2WTQI3K"
"anarquismo","2WV0XUM"
"anarquista","2WVCUF9"
"anarquizante","2WW5f7O"
"anarquizar","2WcM1uf"
"anasarca","2WdDmtH"
"anascote","2WeIenv"
"anastasia","2WfHRAe"
"anastigmático, ca","2WhC1Ag"
"anastomizarse","2Wj3s6t"
"anastomosarse","2WkICsL"
"anastomosis","2WkuKr0"
"anata","2WmkPp9"
"anatado, da","2Wnl63N"
"anatema","2Wonp5z"
"anatematismo","2WpqMIg"
"anatematización","2WtDaxO"
"anatematizador, ra","2WvFPNH"
"anatematizar","2Wxq0yK"
"anatemizar","2WylsR8"
"anatiforme","2X1PAGI"
"anatista","2X1va1q"
"anatocismo","2X4gWZj"
"anatolio, lia","2X4qkIQ"
"anatomía","2X6ixmm"
"anatómicamente","2X9ajE4"
"anatómico, ca","2XAXubJ"
"anatomista","2XAa2co"
"anavia","2XJbjCH"
"anay","2XL9bcV"
"ana-","2TcZ0QB"
"anádromo, ma","2UdBElq"
"anáfora","2UrsVn1"
"análisis","2Vga9Gy"
"análogamente","2Vs5dJ0"
"análogo, ga","2VyUum7"
"anamnesis","2VzQvPs"
"anárquico, ca","2WTxu44"
"anástrofe","2WlQJV6"
"anca","2XMDwni"
"ancado, da","2XPdzQc"
"ancashino, na","2XPglZH"
"ancestral","2XQyRds"
"ancestralidad","2XR3vZn"
"ancestro","2XR97t9"
"anchamente","2XS0yNP"
"anchar","2XSD5sK"
"ancharia","2XSuhiB"
"ancheta","2XTVe3F"
"ancheza","2XUEpZ2"
"anchicorto, ta","2XUbpzS"
"ancho, cha","2XUmTEA"
"anchoa","2XZOKks"
"anchoar","2XbgUbH"
"anchor","2XeTc3c"
"anda","2YT4bAO"
"andábata","2YTMXcg"
"andaboba","2YVdyzF"
"andada","2YWRyuk"
"andadero, ra","2YbJYNe"
"andado, da","2YcGyP4"
"andador, ra","2YgPOlI"
"andadura","2YiR0Ww"
"andahuailino, na","2Yjsh3i"
"andalia","2Yk71tT"
"andalón, na","2YnoP30"
"andalotero, ra","2Yo31BT"
"andalucismo","2Yq0rgH"
"andalucista","2YvsTds"
"andalucita","2YwH38p"
"anea","2aoIDYm"
"anear","2arKA6g"
"anear","2atNEnz"
"aneblar","2avEMVb"
"anecdotario","2axgrej"
"anecdótico, ca","2b10QKk"
"anecdotismo","2b4HkJR"
"anecdotista","2b4zeqz"
"aneciarse","2b6Rvei"
"anecoico, ca","2b8FQTU"
"anegable","2bARBlP"
"anegación","2bAc9qn"
"anegadizo, za","2bAjt6v"
"anegamiento","2bDrOhS"
"anegar","2bDtEcD"
"anegociado, da","2bEW0Y1"
"anejar","2bEcbA9"
"anécdota","2axPMx3"
"anélido","2bJy4ZE"
"anémico, ca","2bLDuga"
"anémona","2bfwujO"
"anfesibena","2cMEu3H"
"anfeta","2cN2CB9"
"anfetamina","2cNrsCy"
"anfetamínico, ca","2cP7QOL"
"anfi-","2cSILC1"
"anfibio, bia","2cTyrKs"
"anfibol","2cUXckB"
"anfibolita","2cUgPBd"
"anfibología","2cWH5a3"
"anfibológico, ca","2cY5o9s"
"anfíbraco","2cYpArR"
"anfictión","2cZ8lei"
"anfictionado","2cZIfp7"
"anfictionía","2cZdFnk"
"anfictiónico, ca","2cZr0MU"
"anfígeno","2cc6eqN"
"anganillas","2cxIUFx"
"angaria","2cytihI"
"angarilla","2czeL6q"
"angarillada","2d0DEcX"
"angarillar","2d0jhdX"
"angarillero, ra","2d4qkfJ"
"angaripola","2d6L3l7"
"angazo","2d8wx9d"
"angélica","2dBKMNc"
"angélica","2dCuAvu"
"angelical","2dG26sw"
"angelicalmente","2dHEcD9"
"angelico","2dHFaa3"
"angélico, ca","2dIPlPT"
"angelín","2dMVV91"
"angelino, na","2dRvrn6"
"angelito","2dWApsH"
"angelizar","2dbNMuS"
"angelología","2dbijYw"
"anganillas","2cxIUFx"
"angaria","2cytihI"
"angarilla","2czeL6q"
"angarillada","2d0DEcX"
"angarillar","2d0jhdX"
"angarillero, ra","2d4qkfJ"
"angaripola","2d6L3l7"
"angazo","2d8wx9d"
"angelical","2dG26sw"
"angelicalmente","2dHEcD9"
"angelico","2dHFaa3"
"angelín","2dMVV91"
"angelino, na","2dRvrn6"
"angelito","2dWApsH"
"angelizar","2dbNMuS"
"angelología","2dbijYw"
"angelón","2deG5c8"
"angelopolitano, na","2devgIR"
"angelota","2dfrSya"
"angelote","2dgtcrk"
"angevino, na","2djLC6U"
"angélica","2dBKMNc"
"angélica","2dCuAvu"
"angélico, ca","2dIPlPT"
"angina","2dlBExl"
"anginoso, sa","2dmV3Bu"
"angio-","2dnWrIk"
"angiogénesis","2dpzk17"
"angiografía","2dr3l3I"
"angiográfico, ca","2dwRBAK"
"angiología","2dxINyq"
"angiológico, ca","2dy3w7Z"
"angiólogo, ga","2e00kGm"
"angioma","2e1fLqV"
"angioplastia","2e3PkuE"
"angiospermo, ma","2e4sHlw"
"angiotensina","2e4t1qg"
"angitis","2e54ywV"
"anglesita","2e6o03d"
"anglicado, da","2e8X6bc"
"anglicanismo","2eATEnp"
"anglicanizante","2eBFdKo"
"anglicanizar","2eDuiq4"
"anglicano, na","2eG4vO7"
"anglicismo","2eG56Yz"
"anglicista","2eHh1Hh"
"angliparla","2eJyaF4"
"anglista","2eK6PPX"
"anglístico, ca","2eMCzHm"
"anglo-","2eNUriJ"
"anglo, gla","2eMpGSA"
"angloamericanismo","2eNW2Bv"
"angloamericano, na","2ePJX5I"
"angoja","2etnFIk"
"angojoso, sa","2ev9Osg"
"angolán","2ewEbYX"
"angolano, na","2eyULJY"
"angoleño, ña","2f34Mts"
"angolino, na","2f4RQiv"
"angor","2f8QwxK"
"angora","2fAe1Yx"
"angorina","2fBnTxg"
"angorra","2fC2Q6I"
"angostamente","2fCXLMm"
"angostamiento","2fEgXC1"
"angostar","2fEltsX"
"angosto, ta","2fF39xZ"
"angostura","2fG3YGo"
"angostura","2fGIH6X"
"angra","2fIvdpq"
"angrelado, da","2fKv1qJ"
"anguarina","2fNBg8s"
"anguera","2fPJXKB"
"anguila","2fQLNlU"
"anguilazo","2fQoh8n"
"anguilero, ra","2fRRbaR"
"anguilla","2fSVMBy"
"anguilo","2fTeuUK"
"anguina","2fUChNQ"
"angula","2fUYBCM"
"angulación","2fUZBZN"
"angulado, da","2fVNBrP"
"angular","2fVxjY8"
"angular","2fVzcVK"
"angularmente","2fWLD2Q"
"angulema","2fXOTgC"
"angulosidad","2fYtpIl"
"anguloso, sa","2faSkav"
"anguria","2feSUSK"
"anguarina","2fNBg8s"
"anguera","2fPJXKB"
"anguila","2fQLNlU"
"anguilazo","2fQoh8n"
"anguilero, ra","2fRRbaR"
"anguilla","2fSVMBy"
"anguilo","2fTeuUK"
"anguina","2fUChNQ"
"angula","2fUYBCM"
"angulación","2fUZBZN"
"angulado, da","2fVNBrP"
"angular","2fVxjY8"
"angular","2fVzcVK"
"angularmente","2fWLD2Q"
"angulema","2fXOTgC"
"angulosidad","2fYtpIl"
"anguloso, sa","2faSkav"
"anguria","2feSUSK"
"angurria","2fhPIt1"
"angurriento, ta","2fi0n0A"
"angustia","2fiyIiB"
"angustiado, da","2fl9KsM"
"angustiador, ra","2fqyw9o"
"angustiante","2fr5JJK"
"angustiar","2frLW4v"
"angustiosamente","2fsjqEz"
"angustioso, sa","2fvC8Oa"
"angú","2fMNmB0"
"angüejo","2fOXfqK"
"anhedonia","2fwbChR"
"anhelación","2fy85Dd"
"anhelante","2g2T6hX"
"anhelar","2g910hg"
"anhélito","2gCLYGg"
"anhelo","2gDo6zM"
"anheloso, sa","2gH4CoP"
"anhídrido","2gIFJDx"
"anhidrita","2gIgBcR"
"anhidro, dra","2gK2L5Y"
"anhidrosis","2gKKHWh"
"aniaga","2gP5akd"
"anidación","2gPSYbU"
"anidamiento","2gPa2QO"
"anidar","2gPs2Qp"
"anidiar","2gQwQW6"
"anidio","2gRDqDR"
"anieblar","2gRJgn4"
"aniego","2gTmPAe"
"aniejar","2gVc1bP"
"aniejo, ja","2gVu8v5"
"anihilación","2gXBzfm"
"anihilamiento","2gXKpuF"
"anihilar","2gXWkrf"
"anilina","2gYh1Xh"
"anilla","2gYzUxe"
"anillado, da","2gZYyDZ"
"anillamiento","2geIRA2"
"anillar","2ghFtVl"
"aniaga","2gP5akd"
"anidación","2gPSYbU"
"anidamiento","2gPa2QO"
"anidar","2gPs2Qp"
"anidiar","2gQwQW6"
"anidio","2gRDqDR"
"anieblar","2gRJgn4"
"aniego","2gTmPAe"
"aniejar","2gVc1bP"
"aniejo, ja","2gVu8v5"
"anihilación","2gXBzfm"
"anihilamiento","2gXKpuF"
"anihilar","2gXWkrf"
"anilina","2gYh1Xh"
"anilla","2gYzUxe"
"anillado, da","2gZYyDZ"
"anillamiento","2geIRA2"
"anillar","2ghFtVl"
"anillo","2gpgzWC"
"animación","2grQIYP"
"animado, da","2guZJRQ"
"animador, ra","2guyBmN"
"animadversión","2gvLGnq"
"animadvertencia","2gy5p3c"
"animal","2gzhuuF"
"animal","2h2JkZX"
"animalada","2h5xjuD"
"animalaje","2h8izJ2"
"animalario","2h9h0iu"
"animálculo","2hBymPL"
"animalero","2hCY9DN"
"animalesco, ca","2hEQWI5"
"animalia","2hEjmIi"
"animalias","2hFtZf3"
"animalidad","2hITw4e"
"animalismo","2hIfu0W"
"animalista","2hIxrGI"
"animación","2grQIYP"
"animado, da","2guZJRQ"
"animador, ra","2guyBmN"
"animadversión","2gvLGnq"
"animadvertencia","2gy5p3c"
"animal","2gzhuuF"
"animal","2h2JkZX"
"animalada","2h5xjuD"
"animalaje","2h8izJ2"
"animalario","2h9h0iu"
"animalero","2hCY9DN"
"animalesco, ca","2hEQWI5"
"animalia","2hEjmIi"
"animalias","2hFtZf3"
"animalidad","2hITw4e"
"animalismo","2hIfu0W"
"animalista","2hIxrGI"
"animalístico, ca","2hJVpxC"
"animación","2grQIYP"
"animado, da","2guZJRQ"
"animador, ra","2guyBmN"
"animadversión","2gvLGnq"
"animadvertencia","2gy5p3c"
"animal","2gzhuuF"
"animal","2h2JkZX"
"animalada","2h5xjuD"
"animalaje","2h8izJ2"
"animalario","2h9h0iu"
"animalero","2hCY9DN"
"animalesco, ca","2hEQWI5"
"animalia","2hEjmIi"
"animalias","2hFtZf3"
"animalidad","2hITw4e"
"animalismo","2hIfu0W"
"animalista","2hIxrGI"
"animalístico, ca","2hJVpxC"
"animalización","2hJfNN8"
"animalizar","2hMX27t"
"animalucho","2hN064b"
"animante","2hSnEik"
"animar","2hSyy7m"
"animálculo","2hBymPL"
"anime","2hTLvry"
"animero, ra","2hXUvYX"
"animismo","2hmIQ1x"
"animista","2hmYP8E"
"animizar","2hnJj4K"
"animosamente","2hq19kg"
"animosidad","2hrntLD"
"animoso, sa","2huGKkS"
"aniñadamente","2humfFv"
"aniñado, da","2hv3rxq"
"aniñamiento","2hwLi8k"
"aniñar","2hwo0J1"
"anión","2hzyWQv"
"aniónico, ca","2i327GP"
"aniquilable","2i4Cp5R"
"aniquilación","2i4RRRx"
"aniquilador, ra","2i5XMQi"
"aniquilamiento","2i63cQP"
"aniquilante","2i864hK"
"aniquilar","2i8ZP8Y"
"aniridia","2iA50RY"
"anisado, da","2iDimml"
"anisakiasis","2iDyMrS"
"anisakis","2iGskVh"
"anisal","2iKpj1h"
"anisar","2iRoBXY"
"anisar","2iUiSzg"
"anisera","2iUiTth"
"anisero, ra","2iUjKnj"
"anisete","2iVJBbm"
"aniso-","2iVNqTr"
"anisocoria","2iWBkRr"
"anisodonte","2iY5ePq"
"anisofilo, la","2iZGw6s"
"anisómero, ra","2ia507Y"
"anisopétalo, la","2iaZ57k"
"anisotropía","2ib7NJV"
"anisótropo, pa","2idIrrH"
"anito","2idm1VB"
"anivelar","2ieUMJQ"
"aniversario, ria","2ieoSuF"
"anímico, ca","2hYkgAu"
"anís","2iDenmZ"
"anjana","2ifjfo3"
"anjeo","2igdzip"
"anjova","2ipH37I"
"anamita","2Vz8Ndr"
"annobonés, sa","2iqFngF"
"annus horribilis","2iqIpiE"
"ano","2irMrlC"
"anoa","2iuUnKG"
"anobio","2ix3nXc"
"anoche","2ixtg82"
"anochecedor, ra","2iyHZA0"
"anochecer","2iyMVTL"
"anochecer","2izzJK0"
"anochecida","2j0B1kn"
"anochecido","2j0jzZY"
"anodinia","2j2rWM0"
"anodino, na","2j4fpt1"
"anodizar","2j4leTe"
"anofeles","2j9BANo"
"anolar","2jCILNL"
"anomalía","2jH2mdI"
"anomalidad","2jHQcVU"
"anomalístico, ca","2jKwIeJ"
"anomia","2jO1M95"
"anomia","2jOtmAK"
"anoa","2iuUnKG"
"anobio","2ix3nXc"
"anoche","2ixtg82"
"anochecedor, ra","2iyHZA0"
"anochecer","2iyMVTL"
"anochecer","2izzJK0"
"anochecida","2j0B1kn"
"anochecido","2j0jzZY"
"anodinia","2j2rWM0"
"anodino, na","2j4fpt1"
"anodizar","2j4leTe"
"anofeles","2j9BANo"
"anolar","2jCILNL"
"anomalía","2jH2mdI"
"anomalidad","2jHQcVU"
"anomalístico, ca","2jKwIeJ"
"anomia","2jO1M95"
"anomia","2jOtmAK"
"anomuro","2jSZV7R"
"anona","2jU9zIC"
"anona","2jVEjf2"
"anonáceo, a","2jWa4yp"
"anonadación","2jX4xJt"
"anonadador, ra","2jaxzzJ"
"anonadamiento","2jctRM4"
"anonadante","2jdZKAz"
"anonadar","2jdlD9s"
"anonimato","2jeayc4"
"anonimia","2jeiMA9"
"anonimidad","2jfbsQB"
"anonimizar","2jjMiRi"
"anopluro","2jjts0p"
"anopsia","2jmJLGz"
"anorak","2jrPkWz"
"anorexia","2jvDUzL"
"anoréxico, ca","2jwsy0B"
"anorgasmia","2jxEsr4"
"anoria","2k4iiEY"
"anormal","2k5pPND"
"anormalidad","2k6C4fN"
"anormalmente","2k6DRVI"
"anorza","2k76pFC"
"anosmia","2k7DAYW"
"anosognosia","2k83f7j"
"anotación","2k8GumR"
"anotado, da","2kAM0J0"
"anotador, ra","2kDiD9T"
"anotar","2kEsQcw"
"anoticiar","2kEu45O"
"anotomía","2kH3J4e"
"anotómico, ca","2kJ4biQ"
"anovelado, da","2kJtBGr"
"anovulatorio, ria","2kKUkKV"
"anoxia","2kLzpCd"
"anódico, ca","2j2241d"
"anofeles","2j9BANo"
"anómalo, la","2jMTAIo"
"anómico, ca","2jQaH7n"
"anón","2jTTWou"
"anónimo, ma","2jjRwOu"
"anósmico, ca","2k7ESHa"
"anquear","2kMe8xw"
"anquera","2kPVVJp"
"anqueta","2kPtgtm"
"anquialmendrado, da","2kRNMj7"
"anquiboyuno, na","2kVUWRJ"
"anquiderribado, da","2kW25L1"
"anquilosamiento","2kXxS6K"
"anquilosante","2kYiXEN"
"anquilosar","2kcyNcZ"
"anquilosis","2kcydI0"
"anquilostoma","2kd0N9H"
"anquilostomiasis","2kdgLWB"
"anquirredondo, da","2kedu06"
"anquiseco, ca","2kezzUe"
"ansa","2kfGCBX"
"ansada","2kfNNKT"
"ansarería","2kh8k2H"
"ansarero, ra","2khoXPp"
"ansarino, na","2kkqNJU"
"ansarón","2kkwxvF"
"anseático, ca","2krbcUW"
"anseriforme","2krsRdM"
"ansí","2kssaLn"
"ansia","2ku73g2"
"ansiar","2kwLD5c"
"ansiedad","2l0oQtn"
"ansimesmo","2l1Eq6g"
"ansimismo","2l4qb79"
"ansina","2l92kqD"
"ansiolítico, ca","2lABx89"
"anta","2lHM86O"
"anta","2lHlpJa"
"antagalla","2lIIcvH"
"antagallar","2lJspza"
"antagónico, ca","2lKbTDg"
"antagonismo","2lQ9OJo"
"antagonista","2lUdtvz"
"antagonizar","2lUz9cg"
"antamilla","2lV7Adh"
"antana","2lVxoaU"
"antañada","2lWSxOL"
"antañazo","2laKbjD"
"antaño","2lbJ8n6"
"antañón, na","2ldYph0"
"antarca","2lelOjR"
"antarquear","2ljiIqY"
"antártico","2ljueWo"
"antártico","2lkkzmJ"
"ante","2lpFbYn"
"ante","2lpQu7Z"
"anta","2lHM86O"
"anta","2lHlpJa"
"antagalla","2lIIcvH"
"antagallar","2lJspza"
"antagónico, ca","2lKbTDg"
"antagonismo","2lQ9OJo"
"antagonista","2lUdtvz"
"antagonizar","2lUz9cg"
"antamilla","2lV7Adh"
"antana","2lVxoaU"
"antañada","2lWSxOL"
"antañazo","2laKbjD"
"antaño","2lbJ8n6"
"antañón, na","2ldYph0"
"antarca","2lelOjR"
"antarquear","2ljiIqY"
"antártico","2ljueWo"
"antártico","2lkkzmJ"
"ante-","2lqpmMt"
"ante","2lpFbYn"
"ante","2lpQu7Z"
"anteado, da","2lsdkiG"
"antealtar","2lswQqo"
"anteanoche","2m0qx9C"
"anteayer","2m1DAVq"
"antebrazo","2m5C8cA"
"antecama","2m5Z1IL"
"antecámara","2m5cdTY"
"antecapilla","2m5iTSt"
"antecedencia","2m7J0h4"
"antecedente","2mDqfIZ"
"anteceder","2mFLdJR"
"antecesor, ra","2mFlktK"
"anteclásico, ca","2mGJNRG"
"anteco, ca","2mJ4pVe"
"anti","2oUmRWs"
"anti-","2oVh7hq"
"antia","2oWar21"
"antiabortista","2oXqiv4"
"antiabortivo, va","2oYUD7O"
"antiaborto","2odCuZ3"
"antiacademicismo","2odFtHO"
"antiacadémico, ca","2odIC6l"
"antiácido, da","2oer2fK"
"antiadherente","2oi3dNb"
"antiaéreo, a","2oiqpba"
"antiafrodisíaco, ca","2okREMM"
"antiagregante","2olRUYO"
"antídoto","2rQgOV6"
"antífona","2sJKZ5u"
"antífrasis","2sRbtjU"
"antígeno","2sguTMk"
"antílope","2td7uRN"
"antípoda","2vUgk3N"
"antistrofa","2wXzVwL"
"antítesis","2wkcVc2"
"antociana","2xPSa9x"
"antocianina","2xQXhG1"
"antofagastino, na","2xRe217"
"antojadizamente","2xY8Spg"
"antojadizo, za","2xZNQSX"
"antojado, da","2xZc0EF"
"antojamiento","2xa9761"
"antojana","2xaNdwl"
"antojanza","2xbDIi9"
"antojarse","2xbJdIo"
"antojera","2xcChmO"
"antojitos","2xd4gJa"
"antojo","2xdAves"
"antologador, ra","2xdRSRh"
"antologar","2xdaaUg"
"antología","2xemoYX"
"antófago, ga","2xSPFyR"
"antófilo","2xX3GJv"
"antólogo, ga","2xmUGmj"
"Antón","2xnGUZK"
"antónimo, ma","2xtgdNo"
"antracita","2y9Ebaj"
"antracosis","2y9VDmY"
"antro","2yCJJ4D"
"antrópico, ca","2yCafLE"
"antropo-","2yCyf6L"
"antropoceno, na","2yCzTDb"
"antropocéntrico, ca","2yDCBSx"
"antropocentrismo","2yEw9L8"
"antropofagia","2yFcuiM"
"antropofágico, ca","2yG7iMo"
"antropófago, ga","2yHtkBK"
"antropogénesis","2yJQnyz"
"antropogenético, ca","2yKSwcl"
"antropografía","2yLfyR1"
"antuerpiense","2zAbctZ"
"antuviada","2zEizu2"
"antuviado, da","2zGMT6y"
"antuviador, ra","2zH8u71"
"antuviar","2zJqEnV"
"antuvio","2zMkBZi"
"antuvión","2zNVbaO"
"antuzano","2zNXxCz"
"anual","2zQX9iF"
"anualidad","2zRJuKB"
"anualizar","2zUui9j"
"anualmente","2zVKc5H"
"anuario","2zXIWZP"
"anubado, da","2zZ8n36"
"anubarrado, da","2zasMpy"
"anublar","2zcjKFd"
"anublo","2zdvsbk"
"anudador, ra","2zegGQ1"
"anudadura","2zfJ9ww"
"anudamiento","2zgZEtj"
"anudar","2zhr0nC"
"anuencia","2zjI7IR"
"anuente","2zmJ9ia"
"anulabilidad","2zoxUfz"
"anulable","2zsQVu7"
"anúbada","2zXKc5G"
"anúteba","30GyaW1"
"anverso","30HLHxR"
"anzoateguiense","30L7OMU"
"anzoatiguense","30LfXvA"
"anzolar","30Ocyki"
"anzolero","30QcIuW"
"anzuelo","30RKFW1"
"a-","006hGa6"
"aña","30SByTN"
"añacal","30TCpd6"
"añacalero","30WVg80"
"añacea","30bwLNb"
"añacear","30htFSv"
"añada","30iWk7F"
"añadido, da","30jXGNR"
"añadidura","30nhvir"
"añadimiento","30oorLv"
"añadir","30pOaVr"
"añafea","30ptOPw"
"añafil","30q9Gc7"
"añafilero, ra","30rK1pX"
"añagaza","30vG0ox"
"añal","310AF58"
"añalejo","313Nua3"
"añangotarse","314260t"
"añares","314WKLe"
"aña","30SByTN"
"añacal","30TCpd6"
"añacalero","30WVg80"
"añacea","30bwLNb"
"añacear","30htFSv"
"añada","30iWk7F"
"añadido, da","30jXGNR"
"añadidura","30nhvir"
"añadimiento","30oorLv"
"añadir","30pOaVr"
"añafea","30ptOPw"
"añafil","30q9Gc7"
"añafilero, ra","30rK1pX"
"añagaza","30vG0ox"
"añal","310AF58"
"añalejo","313Nua3"
"añangotarse","314260t"
"añares","314WKLe"
"añacal","30TCpd6"
"añacalero","30WVg80"
"añacea","30bwLNb"
"añacear","30htFSv"
"añada","30iWk7F"
"añadido, da","30jXGNR"
"añadidura","30nhvir"
"añadimiento","30oorLv"
"añadir","30pOaVr"
"añafea","30ptOPw"
"añafil","30q9Gc7"
"añafilero, ra","30rK1pX"
"añagaza","30vG0ox"
"añal","310AF58"
"añalejo","313Nua3"
"añangotarse","314260t"
"añares","314WKLe"
"añascar","315qXjt"
"añazme","316SxSi"
"añás","315R1Zd"
"añedir","317Ijht"
"añejado","317rdxk"
"añejamiento","31BA9tK"
"añejar","31FD0io"
"añejez","31IBG4e"
"añejo, ja","31IN0c1"
"añero, ra","31IRMiF"
"añicos","31Jw1WM"
"añidir","31QEKr4"
"añil","31QNF1c"
"añilar","31RfzFK"
"añilería","31SCXCV"
"añino, na","31ULOoo"
"añir","31VRnrD"
"año","31Ws94D"
"año","31Yyrx8"
"añojada","31ckLrY"
"añojal","31gVuGO"
"añojo, ja","31mSFtM"
"añorante","31nZH1C"
"añoranza","31ojvlf"
"añorar","31s11uj"
"añoso, sa","31ttWqm"
"añublar","31uGmY0"
"añublo","31uZoWw"
"añudador, ra","31w7RFO"
"añudadura","31yTfmD"
"añudamiento","31yescC"
"añudar","31z9fPc"
"añusgarse","320KKbm"
"aocar","321qDJI"
"aojador, ra","322kzqX"
"aojadura","324s3kz"
"aojamiento","3254PWa"
"aojar","325q68I"
"aojar","326tsK0"
"aojo","326zgSY"
"aonio, nia","327Z2ez"
"aoristo","329Sn2l"
"aorta","32AHSCh"
"aortitis","32D1lxj"
"aovado, da","32GAWg4"
"aovadolanceolada","32GoI4E"
"aovar","32H4rR4"
"aovillarse","32I1BvU"
"aórtico, ca","32C6uW3"
"apa","32JZVA2"
"apá","32MXaPz"
"apa","32JdXpN"
"apá","32MYISg"
"apabilado, da","32NL0VD"
"apabilar","32NMBWR"
"apabullador, ra","32PPfFc"
"apabullamiento","32TJ3VK"
"apabullante","32fl9fT"
"apabullar","32fx30U"
"apabullo","32gmaxf"
"apacentadero","32hAuFu"
"apacentador, ra","32hlH7w"
"apacentamiento","32hoOln"
"apacentar","32kfA9H"
"apacer","32n0N4f"
"apachar","32nSRmM"
"apache","32o27oe"
"apacheta","32ocpAj"
"apa","32JZVA2"
"apa","32JdXpN"
"apabilado, da","32NL0VD"
"apabilar","32NMBWR"
"apabullador, ra","32PPfFc"
"apabullamiento","32TJ3VK"
"apabullante","32fl9fT"
"apabullar","32fx30U"
"apabullo","32gmaxf"
"apacentadero","32hAuFu"
"apacentador, ra","32hlH7w"
"apacentamiento","32hoOln"
"apacentar","32kfA9H"
"apacer","32n0N4f"
"apachar","32nSRmM"
"apache","32o27oe"
"apacheta","32ocpAj"
"apachurrada","32p1VHy"
"apabilado, da","32NL0VD"
"apabilar","32NMBWR"
"apabullador, ra","32PPfFc"
"apabullamiento","32TJ3VK"
"apabullante","32fl9fT"
"apabullar","32fx30U"
"apabullo","32gmaxf"
"apacentadero","32hAuFu"
"apacentador, ra","32hlH7w"
"apacentamiento","32hoOln"
"apacentar","32kfA9H"
"apacer","32n0N4f"
"apachar","32nSRmM"
"apache","32o27oe"
"apacheta","32ocpAj"
"apachurrada","32p1VHy"
"apachurrar","32p4LHc"
"apachurrón","32tLE9s"
"apacibilidad","32wo7Zo"
"apacible","32ycTbn"
"apaciblemente","32zbNzs"
"apaciguador, ra","332twjF"
"apaciguamiento","334pQ4P"
"apaciguar","3360QJh"
"apacorral","336iP87"
"apacentadero","32hAuFu"
"apacentador, ra","32hlH7w"
"apacentamiento","32hoOln"
"apacentar","32kfA9H"
"apacer","32n0N4f"
"apachar","32nSRmM"
"apache","32o27oe"
"apacheta","32ocpAj"
"apachurrada","32p1VHy"
"apachurrar","32p4LHc"
"apachurrón","32tLE9s"
"apacibilidad","32wo7Zo"
"apacible","32ycTbn"
"apaciblemente","32zbNzs"
"apaciguador, ra","332twjF"
"apaciguamiento","334pQ4P"
"apaciguar","3360QJh"
"apacorral","336iP87"
"apadrinador, ra","33AAgXX"
"apadrinamiento","33ABSDN"
"apadrinar","33Fmjbi"
"apagable","33Hf7gM"
"apagadizo, za","33IVPkN"
"apagado, da","33KKwml"
"apagador, ra","33MY6s6"
"apagafuegos","33NLFFS"
"apagallamas","33NpgXR"
"apagamiento","33Oon8j"
"apagapenol","33SdFLd"
"apagar","33ZcU2P"
"apagavelas","33ZqdUn"
"apagón, na","33cWuVJ"
"apainelado","33d0uZb"
"apaisado, da","33eEXQg"
"apajuilado, da","33gUeZ0"
"apajuilarse","33h5Uc1"
"apalabrar","33hfbmL"
"apalambrar","33hm8AM"
"apalancamiento","33huzuA"
"apalancar","33k1K2W"
"apaleador, ra","33lmxlO"
"apaleamiento","33mKQuO"
"apalear","33t8W1R"
"apalear","33tIijt"
"apaleo","33twtN3"
"apaletado, da","33xDSxK"
"apalizar","33xDad4"
"apalmada","33xDpPl"
"apalpar","33xOPf5"
"apanado, da","33xoybE"
"apanalado, da","33yFMTf"
"apanar","33yXNLf"
"apancle","33z0cMW"
"apancora","33zZeYY"
"apandar","340wGhO"
"apandar","341MmK7"
"apandillar","345OaZs"
"apangado, da","346DNsj"
"apaniaguado, da","347OaDJ"
"apaniguado, da","347QyGl"
"apaniguar","348m8dR"
"apanojado, da","349PkwZ"
"apantallado, da","349ksZJ"
"apañado","34MdDzy"
"apañado","34NXdXt"
"apañador, ra","34O0zju"
"apañadura","34P5hsS"
"apañamiento","34RNMY5"
"apañar","34SIJxf"
"apaño","34ZujQS"
"apañuscar","34aRZyt"
"apapachar","34bIlVk"
"apapacho","34cbJ0w"
"apapagayado, da","34d5sR5"
"apapuchar","34dYnOP"
"apapuche","34h6FYJ"
"aparador, ra","34ikf1x"
"aparadorista","34j7nSo"
"aparadura","34jv4vx"
"aparamento","34jwjq3"
"aparapita","34kIGvp"
"aparar","34l5DvZ"
"aparasolado, da","34mz3UH"
"aparataje","34oUwho"
"aparatar","34oZAxT"
"aparatero, ra","34p3ck5"
"aparato","34pFTQ2"
"aparatosamente","34pNYCz"
"aparatosidad","34uavgC"
"aparatoso, sa","34zGykU"
"aparcacoches","34zXgmh"
"aparcadero","3534ny2"
"apasanca","36Jv1h5"
"apasionadamente","36L9J67"
"apasionado, da","36M3xz2"
"apasionamiento","36MNHQ9"
"apasionante","36RCV8P"
"apasionar","36SMlGY"
"apastar","36TNjI2"
"apaste","36TlkD9"
"apastelado, da","36VKbhD"
"apastle","36YCspU"
"apastragarse","36c20ed"
"apastrarse","36eKezN"
"apasturar","36gW6PQ"
"apatán","36hXYLW"
"apatanado, da","36jdMjs"
"apatía","36mhKPA"
"apatridia","36nI2qn"
"apatrocinar","36oWYZc"
"apatusco","36pxmFw"
"apaularse","36uUuB6"
"apaulillarse","36uxHZ7"
"apavorado, da","36wJW6b"
"apaxtle","36wKxyy"
"apayasar","36wZkqo"
"apazguado, da","36xD4kP"
"apá","32MXaPz"
"apá","32MYISg"
"apático, ca","36mlJG3"
"apátrida","36mw4xY"
"apea","3710Gma"
"apeadero","371HyZR"
"apeador, ra","373Woa2"
"apealar","373pfZ5"
"apeamiento","374XvSx"
"apear","376YJTy"
"apechar","376cIGH"
"apechugar","3780TBZ"
"apechusques","378TgnU"
"apedazar","378e0wf"
"apedernalado, da","37BdIQP"
"apedrar","37C13l0"
"apedrea","37CEfFd"
"apedreadero","37CIiAN"
"apedreado, da","37FCmVw"
"apedreador, ra","37FN61V"
"apéndice","38Lkt7h"
"apétalo, la","39b67Ld"
"api","3A10G60"
"apiadador, ra","3A1Pqb2"
"apiadar","3A1cLSN"
"apiado","3A46cci"
"apianar","3A4dROp"
"apiaradero","3A53XCF"
"apiario","3A6o58H"
"apiastro","3A7LtAl"
"apical","3A7cPgT"
"apicarado, da","3A8feYr"
"apicarar","3A8jP6K"
"apico-","3AAKnEi"
"apicoalveolar","3ACmwJ7"
"apicultor, ra","3AFgkTb"
"apicultura","3AH41S5"
"apilada","3AHK2Sh"
"apilador, ra","3ALKq7A"
"apícola","3ADBpmE"
"apículo","3ADNKoG"
"aplacable","3BKXbDk"
"aplacación","3BLUSWd"
"aplacador, ra","3BMOQqT"
"aplacamiento","3BMnUCY"
"aplacar","3BODu0P"
"aplacentar","3BP23kI"
"aplacer","3BPn486"
"aplacerado, da","3BPnPr2"
"aplacible","3BWjUsZ"
"aplaciente","3BXofQI"
"aplacimiento","3Baa7NM"
"aplagar","3BdFh2O"
"aplanacalles","3BeHrdf"
"aplanadera","3BeosSt"
"aplanado","3BhqTI4"
"aplanador, ra","3BmF2qv"
"aplanamiento","3BohLuF"
"apnea","3Cqx4QQ"
"apneísta","3CrsGAL"
"apoastro","3CtAZ0F"
"apocadamente","3CxiQ03"
"apocado, da","3D0FSpg"
"apocador, ra","3D1MQ7F"
"apocalipsis","3D3HZtD"
"apocalíptico, ca","3D4DmcP"
"apocamiento","3D5R8FT"
"apocar","3D7cqtw"
"apocatástasis","3DCVCX1"
"apocharse","3DG8gKD"
"apocináceo, a","3DOtWp5"
"apocopar","3DQMscK"
"apocoyado, da","3DRyw7j"
"apocrisiario","3DVGqfT"
"apocromático, ca","3DVNie6"
"apócema","3DFiY8z"
"apócima","3DNKVLk"
"apócopa","3DPqyK1"
"apócope","3DQrjNM"
"apócrifamente","3DUJtp8"
"apócrifo, fa","3DUx2j9"
"apódosis","3DxJtDi"
"apófige","3DykbLY"
"apófisis","3E1RYYP"
"apógrafo","3E6WCvP"
"apólogo, ga","3EmYvlU"
"apósito","3Gf1mXV"
"apóstata","3H0QYeh"
"apóstol","3HOLaLQ"
"apóstolo","3HWY7ul"
"apóstrofe","3HZB2tt"
"apóstrofo","3HZClrT"
"apraxia","3I6U8ns"
"apreciabilidad","3I6aw2I"
"apreciable","3I7pZJq"
"apreciación","3I8py1X"
"apreciador, ra","3IAs7Ua"
"apreciar","3IBOF6d"
"apreciativo, va","3IBjZKk"
"aprecio","3ICHkWQ"
"aprehender","3ICitv9"
"aprehensión","3ID78Vc"
"aprehensivo, va","3IEB5H2"
"aprehensor, ra","3IHHcA9"
"aprehensorio, ria","3IHvJSf"
"apremiador, ra","3ILsMZQ"
"apsara","3KXwcPf"
"aptamente","3KZBFB3"
"aptar","3KbCX1I"
"apterigiforme","3KbKmpU"
"aptitud","3KcD1v9"
"apto, ta","3KdgGl7"
"apucuyarse","3Kdhpum"
"apud","3KgDYUe"
"apuesta","3Kh4Tfl"
"apuestamente","3Kk5e6G"
"apuesto, ta","3Kl5Wnh"
"apulgarar","3KpDhcy"
"apulgararse","3KpX2CA"
"apulismarse","3KqsblP"
"apulso","3Kti28w"
"apunamiento","3L2agmG"
"apunarse","3L3du3I"
"apunchar","3L6f7Os"
"apuntación","3L914HS"
"apuntado, da","3LBgJ1H"
"apuntador, ra","3LDA5E1"
"apuntalamiento","3LDha5d"
"apuntalar","3LFE62k"
"apuntamiento","3LFFDuA"
"apucuyarse","3Kdhpum"
"apud","3KgDYUe"
"apuesta","3Kh4Tfl"
"apuestamente","3Kk5e6G"
"apuesto, ta","3Kl5Wnh"
"apulgarar","3KpDhcy"
"apulgararse","3KpX2CA"
"apulismarse","3KqsblP"
"apulso","3Kti28w"
"apunamiento","3L2agmG"
"apunarse","3L3du3I"
"apunchar","3L6f7Os"
"apuntación","3L914HS"
"apuntado, da","3LBgJ1H"
"apuntador, ra","3LDA5E1"
"apuntalamiento","3LDha5d"
"apuntalar","3LFE62k"
"apuntamiento","3LFFDuA"
"apuntar","3LFQRl7"
"apunte","3LHgZeu"
"apuntillar","3LHyYPX"
"apuñalado, da","3LJweHj"
"apuñalamiento","3LKho0o"
"apuñalar","3LMGylX"
"apuñaleada","3LNijJt"
"apuñalear","3LPPapt"
"apuñar","3LQEz3n"
"apuñear","3LROEHH"
"apuñetear","3LRTGdt"
"apuñuscarse","3LSs8uy"
"apuracabos","3LWDCHM"
"apuración","3LWocSB"
"apuradamente","3LZyv52"
"apuradero","3LabmR3"
"apurado, da","3LawKk2"
"apurador, ra","3LcODQs"
"apuramiento","3LcdeOW"
"apuranieves","3Ld9697"
"apurar","3LepWPi"
"apurativo, va","3LfBcKA"
"apure","3LgeWk9"
"apureño, ña","3Lh0rHD"
"apurete","3Llp5IF"
"apurimeño, ña","3Lm84u5"
"apuro","3LmP7tP"
"aquaplaning","3LrfYAl"
"aque","3Ls5m3d"
"aquebrazarse","3LsLUeP"
"aquedar","3LxXoNy"
"aquejador, ra","3LylZe2"
"aquejamiento","3Lyy59O"
"aquejar","3M2KaXA"
"aquejoso, sa","3M5U80g"
"aquel, lla","3M6wlMC"
"aquelarre","3M7DD54"
"aquele, la","3M9i4a1"
"aquellar","3MDT8qL"
"aquello","3MDyEtl"
"aqueménida","3ML2gLD"
"aquende","3MMIoxE"
"aquenio","3MObRwE"
"ar","3NNPhQ6"
"ara","3NSohsJ"
"ara","3NUgjm6"
"arabesco, ca","3NaLGOq"
"arabesque","3NaRWcs"
"arabí","3NaYgxu"
"arabía","3NaeQzf"
"arábico, ca","3NbVlHV"
"arábigo, ga","3Ndy6bN"
"arabigoandaluz, za","3Ne03qa"
"arabinosa","3NfuuIg"
"arabio, bia","3Nk6FMC"
"arabismo","3Nl9vMP"
"arabista","3NoPBUD"
"as","3tchcJj"
"asa","3tdmxif"
"asa","3tdnEqh"
"asa","3teLdlA"
"asaborado, da","3tvwQ5W"
"asaborar","3tvy9XS"
"asaborir","3tyEhKP"
"asacador, ra","3u1DEoh"
"asacamiento","3u23vbc"
"asacar","3u5HJgO"
"asación","3u5i79m"
"asacristanado, da","3u7wjLs"
"asadero, ra","3u8Qkys"
"asado, da","3u9jGPJ"
"asador, ra","3uDFEWu"
"atabaca","487nti0"
"atabacado, da","489zO0c"
"atabal","48BuLnP"
"atabalear","48CNDJW"
"atabalero, ra","48Fnjs0"
"atabanado, da","48HvLAf"
"atabardillado, da","48IKpPH"
"atabe","48IPBnp"
"atabernado","48Of0jm"
"atabillar","48QU3dT"
"atabladera","48QaKPd"
"atablar","48RZHdm"
"atacable","48T6aAY"
"atacadera","48YictK"
"atacado, da","48ZIbFm"
"auca","4MWXPKu"
"auca","4MXO8Rs"
"aucción","4Mc2uN6"
"aucténtico, ca","4McB0Kp"
"auctor","4MiAKBj"
"auctoridad","4Mk6PMV"
"auctorizar","4Mkr1Jl"
"audacia","4MkydJ1"
"audaz","4MlGa9n"
"audibilidad","4Mlugg4"
"audible","4MmR334"
"audición","4MoWfO3"
"audiencia","4MupgN3"
"audienciero","4Mv76n6"
"audífono","4MvUfmd"
"audimetría","4MwNiiN"
"audímetro","4MxFme8"
"audio","4MxowLv"
"audio-","4N1xfSx"
"audiocasete","4N2HhlF"
"auca","4MWXPKu"
"auca","4MXO8Rs"
"aucción","4Mc2uN6"
"aucténtico, ca","4McB0Kp"
"auctor","4MiAKBj"
"auctoridad","4Mk6PMV"
"auctorizar","4Mkr1Jl"
"audacia","4MkydJ1"
"audaz","4MlGa9n"
"audibilidad","4Mlugg4"
"audible","4MmR334"
"audición","4MoWfO3"
"audiencia","4MupgN3"
"audienciero","4Mv76n6"
"audífono","4MvUfmd"
"audimetría","4MwNiiN"
"audímetro","4MxFme8"
"audio","4MxowLv"
"audio-","4N1xfSx"
"audiocasete","4N2HhlF"
"audioconferencia","4N32vj6"
"audiófono","4N57OOX"
"audiofrecuencia","4N58F2U"
"audiograma","4N5LGeF"
"audioguía","4N7BiXj"
"audiolibro","4N85wGm"
"audiología","4N89wGm"
"audacia","4MkydJ1"
"audaz","4MlGa9n"
"audibilidad","4Mlugg4"
"audible","4MmR334"
"audición","4MoWfO3"
"audiencia","4MupgN3"
"audienciero","4Mv76n6"
"audimetría","4MwNiiN"
"audio","4MxowLv"
"audio-","4N1xfSx"
"audiocasete","4N2HhlF"
"audioconferencia","4N32vj6"
"audiófono","4N57OOX"
"audiofrecuencia","4N58F2U"
"audiograma","4N5LGeF"
"audioguía","4N7BiXj"
"audiolibro","4N85wGm"
"audiología","4N89wGm"
"audiológico, ca","4N8FwGm"
"audiólogo, ga","4N95wGm"
"audibilidad","4Mlugg4"
"audible","4MmR334"
"audición","4MoWfO3"
"audiencia","4MupgN3"
"audienciero","4Mv76n6"
"audimetría","4MwNiiN"
"audio","4MxowLv"
"audio-","4N1xfSx"
"audiocasete","4N2HhlF"
"audioconferencia","4N32vj6"
"audiofrecuencia","4N58F2U"
"audiograma","4N5LGeF"
"audioguía","4N7BiXj"
"audiolibro","4N85wGm"
"audiología","4N89wGm"
"audiológico, ca","4N8FwGm"
"audiometría","4NA6xHn"
"audioprótesis","4NHtdiV"
"audioprotesista","4NJ4eZ6"
"audiovisual","4NJXdlq"
"audiófono","4N57OOX"
"audiólogo, ga","4N95wGm"
"audiómetro","4NBUB2y"
"auditar","4NKSDq9"
"auditivo, va","4NOAVu0"
"audito","4NOBYEn"
"auditor, ra","4NTK4FA"
"auditoría","4NVvRTc"
"auditorio","4NWPNNG"
"auditorio","4NWzI0y"
"auditórium","4NXL5Gm"
"audífono","4MvUfmd"
"audímetro","4MxFme8"
"auge","4NgWMUH"
"augita","4Nh0WmI"
"augmentación","4NhPaFM"
"augmentar","4NpJKHl"
"augur","4NqIGGT"
"auguración","4NshGl2"
"augurador, ra","4Nv2E22"
"augural","4NvV7tV"
"augurar","4NwxF2Y"
"augurio","4NzGqSs"
"augustal","4O0G8Sn"
"augustamente","4O3j5W0"
"augusto, ta","4OAhPBj"
"aula","4OCO4gi"
"aulaga","4OCzFfO"
"aulagar","4OFPdIK"
"aulario","4OFTPDq"
"aulladero","4OG320B"
"aullador, ra","4OHbODi"
"aullante","4OJbNlV"
"aullar","4OLj3gJ"
"aullido","4ONF9b4"
"aumentable","4OPaaOJ"
"aumentación","4OVv9YU"
"aumentada","4OXhV4u"
"aumentador, ra","4OYCr3y"
"aumentar","4OYaoOU"
"aumentativo, va","4ObFVMU"
"aumento","4ObtjON"
"aun","4ObzbDY"
"aunable","4Oev4YK"
"aunamiento","4OfCQZ4"
"aunar","4Ofa3Xz"
"auniga","4OhEMZI"
"aunque","4OhVnbA"
"aupar","4On8E7d"
"auquénido","4OnOmVz"
"aura","4OnuZde"
"aura","4OsUqhX"
"auranciáceo, a","4Osffqc"
"aurea mediocritas","4Otugds"
"aurelianense","4Oud3od"
"aureola","4OxBdPq"
"aureolar","4P4THny"
"aurero","4PCs4sR"
"aurgitano, na","4PEFX8h"
"auricalco","4PFA6YO"
"aurícula","4PINYbR"
"auriculado, da","4PJuJ69"
"auricular","4PLstE4"
"auriculoventricular","4PRjEEu"
"auriense","4PRxFv4"
"aurífero, ra","4PSDmjY"
"auriga","4PSleaQ"
"auscultación","4PubOEQ"
"auscultador, ra","4PulYgc"
"auscultar","4Pw2gNg"
"ausencia","4PwvY5i"
"ausentado, da","4Py29ze"
"ausentar","4Q023wb"
"ausente","4Q1SaJj"
"ausentismo","4Q3sGko"
"ausetano, na","4Q493aB"
"ausol","4Q4WlpH"
"ausonense","4Q5q1Zo"
"ausonio, nia","4Q88WDv"
"auspiciador, ra","4Q88znf"
"auspiciar","4Q8kPtU"
"auspicio","4Q9FFkO"
"autarcía","4QTbphR"
"autarquía","4QWqnmd"
"autarquía","4QbtksL"
"autárquico","4Qcem2m"
"autárquico","4QdXcno"
"autenticación","4QhPtrg"
"autenticar","4Qi6DlX"
"autenticidad","4Qiute4"
"auténtico, ca","4QjqWMu"
"autentificación","4QjxzDD"
"autentificador, ra","4QkWEyA"
"autentificar","4QnXokt"
"autillo","4QpOJnM"
"autillo","4QrMtvP"
"autismo","4QrvrKS"
"autista","4QsYv4Q"
"autístico, ca","4QscG0p"
"auto-","4Quv5F7"
"auto","4QtoGBy"
"auto","4QuGzfX"
"autarcía","4QTbphR"
"autarquía","4QWqnmd"
"autarquía","4QbtksL"
"autárquico","4Qcem2m"
"autárquico","4QdXcno"
"autenticación","4QhPtrg"
"autenticar","4Qi6DlX"
"autenticidad","4Qiute4"
"autentificación","4QjxzDD"
"autentificador, ra","4QkWEyA"
"autentificar","4QnXokt"
"auténtico, ca","4QjqWMu"
"autillo","4QpOJnM"
"autillo","4QrMtvP"
"autismo","4QrvrKS"
"autista","4QsYv4Q"
"autístico, ca","4QscG0p"
"auto-","4Quv5F7"
"auto","4QtoGBy"
"auto-","4QuwTf3"
"auto","4QuGzfX"
"autoabastecerse","4QvDt8G"
"autoabastecimiento","4QvWln3"
"autoadhesivo, va","4QwZ6wV"
"autoafirmación","4Qxv1L0"
"autoafirmarse","4QyAYMK"
"autoagresión","4R0Fc2u"
"autoagresivo, va","4R2gpkT"
"autoaprendizaje","4R3UZoK"
"autoayuda","4R4VapL"
"autobanco","4R57q2m"
"autobaño","4R6AjxK"
"autobiografía","4R6lwKL"
"autobiográfico, ca","4R7LPMq"
"autobiógrafo, fa","4R7baJe"
"autoabastecerse","4QvDt8G"
"autoabastecimiento","4QvWln3"
"autoadhesivo, va","4QwZ6wV"
"autoafirmación","4Qxv1L0"
"autoafirmarse","4QyAYMK"
"autoagresión","4R0Fc2u"
"autoagresivo, va","4R2gpkT"
"autoaprendizaje","4R3UZoK"
"autoayuda","4R4VapL"
"autobanco","4R57q2m"
"autobaño","4R6AjxK"
"autobiografía","4R6lwKL"
"autobiográfico, ca","4R7LPMq"
"autobiógrafo, fa","4R7baJe"
"autobomba","4R9PO2E"
"autobombo","4R9fyLI"
"autobús","4RA0JzM"
"autobusero, ra","4RAom03"
"autobusete","4RIgoFe"
"autocabeza","4RK3eJS"
"autocamión","4RK6htt"
"autocar","4RK9f0l"
"autocaravana","4RPyfZQ"
"autocarril","4RQSaDU"
"autocartera","4RQSlgx"
"autocensura","4RQwFSI"
"autocensurar","4RRTScL"
"autocine","4RSOgKf"
"autoclave","4RWItK6"
"autocompadecerse","4RXdWIY"
"autocompasión","4Rc4xcZ"
"autocomplacencia","4RcHtUB"
"autocomplaciente","4Rg5nbW"
"autocomprobación","4RgD5RX"
"autoconcepto","4RgTOAY"
"autoconciencia","4Rgb4s9"
"autoconfianza","4Rgu5tA"
"autoconsciencia","4RhqSdq"
"autoconstrucción","4Ri9z60"
"autocabeza","4RK3eJS"
"autocamión","4RK6htt"
"autocar","4RK9f0l"
"autocaravana","4RPyfZQ"
"autocarril","4RQSaDU"
"autocartera","4RQSlgx"
"autocensura","4RQwFSI"
"autocensurar","4RRTScL"
"autocine","4RSOgKf"
"autoclave","4RWItK6"
"autocompadecerse","4RXdWIY"
"autocompasión","4Rc4xcZ"
"autocomplacencia","4RcHtUB"
"autocomplaciente","4Rg5nbW"
"autocomprobación","4RgD5RX"
"autoconcepto","4RgTOAY"
"autoconciencia","4Rgb4s9"
"autoconfianza","4Rgu5tA"
"autoconsciencia","4RhqSdq"
"autoconstrucción","4Ri9z60"
"autoconstruir","4RiM60v"
"autoconsumo","4RjN70w"
"autocontrol","4RjRtUq"
"autocontrolarse","4RkOQ51"
"autocracia","4Rm4KdJ"
"autocrático, ca","4RpnznV"
"autocriticarse","4RrwkYM"
"autocrítico, ca","4Rs9NlN"
"autoctonía","4RtOCPS"
"autocuración","4RxeQFk"
"autodefenderse","4RyehIc"
"autodefensa","4S0Oyxa"
"autodefinición","4S0hdFf"
"autodefinirse","4S2YEjO"
"autodenominarse","4S4NFKF"
"autodepuración","4S6EO1c"
"autodestrucción","4S7FP2d"
"autodestructivo, va","4S7XCRc"
"autodeterminación","4SAQBWN"
"autodeterminista","4SAaPRd"
"autodidacta","4SBBnB8"
"autodidactismo","4SCR9OO"
"autodidacto, ta","4SJfQZP"
"autodominio","4SNASDl"
"autoedición","4SRjIzc"
"autoeditar","4SSZ2kU"
"autoencendido","4SSbt7w"
"autoenfoque","4SUPNfa"
"autoengañarse","4SUa3VV"
"autoengaño","4SV0z8R"
"autoerotismo","4SVmiFK"
"autoescuela","4SWnjGL"
"autoestéreo","4SXKRPm"
"autoestima","4SXaTku"
"autoestop","4SXxP8F"
"autoestopista","4SYdHWP"
"autoevaluación","4SYvSYZ"
"autoexcluirse","4SZS8pt"
"autoexclusión","4SaT9qu"
"autoferro","4SbUg6E"
"autofinanciación","4ScGWXD"
"autofinanciar","4Scbr0F"
"autofoco","4Sd9FzB"
"autoformación","4SdorbS"
"autofoto","4Se6WSt"
"autogestión","4Sfty03"
"autogiro","4Si3nlx"
"autognosis","4SiLMP4"
"autogobierno","4SkOfVj"
"autogol","4SlVLaS"
"autogolpe","4SlnfI0"
"autografía","4SpfiZv"
"autografiar","4SrL5h8"
"autográfico, ca","4SuDCtf"
"autoguiado, da","4SunTfx"
"autoinducción","4SvAURK"
"autoinducido, da","4Sw1qIe"
"autoinducir","4SwwYn4"
"autoinjerto","4Sxftfn"
"autoinmune","4SyjwWn"
"autoinmunidad","4T0nzSo"
"autoinmunitario, ria","4T0o3Fv"
"autointoxicación","4T0oB8H"
"autoinyectable","4T31EJJ"
"autolatría","4T5G8aM"
"autolesión","4T5WNE7"
"autolesionarse","4T7gDTc"
"autolesivo, va","4TBCk17"
"autoliquidación","4TChgDU"
"autolisis","4TDcmeT"
"autolítico, ca","4TEbW1f"
"autolote","4TGqfk8"
"automaticidad","4TNKgKs"
"automático, ca","4TO3M08"
"automatismo","4TOAFql"
"automatización","4TTxbev"
"automatizar","4TVTwDp"
"automedicación","4TVccdw"
"automedicarse","4TVhiFl"
"automedonte","4TYFHAO"
"automercado","4Tdb7gn"
"automoción","4Tgf0XW"
"automotor, ra","4TjvnOL"
"automotriz","4TkpkBt"
"automóvil","4Tpk0J8"
"automovilismo","4TrYAL9"
"automovilista","4TriPA4"
"automovilístico, ca","4Ts6k2b"
"autonomía","4TsdiBo"
"autonómico, ca","4Tufykg"
"autonomismo","4TvQ2kY"
"autonomista","4TwDie9"
"autonomización","4Tz0dcp"
"autonomizar","4U00dcp"
"autoparte","4U2ZMKx"
"autopartes","4U3jPNa"
"autopartista","4U4zSQB"
"autopase","4U5SVKE"
"autopiloto","4U9UWxL"
"autopista","4U9ht5a"
"autoplastia","4UA9LGX"
"autopregunta","4UAWL3f"
"autopreguntarse","4UAb2Q1"
"autopropulsado, da","4UAuMpu"
"autopropulsión","4UBAXDF"
"autoprotección","4UCg2pl"
"autoprotegerse","4UE7JsU"
"autoprotegido, da","4UE8Bjg"
"autopsia","4UF8KtV"
"autor, ra","4UGeohY"
"autoría","4UHLKR6"
"autoridad","4UNmzWP"
"autoritario, ria","4UOCYJx"
"autoritarismo","4UPlecY"
"autoritativo, va","4UVzwvV"
"autorizable","4UWy0US"
"autorización","4UXxkoH"
"autorizadamente","4UYIlCS"
"autorizado, da","4UZggdB"
"autorizador, ra","4UdIyfD"
"autorizamiento","4Ue4GnV"
"autorizar","4UeM2yU"
"autorradio","4Ujj9gT"
"autorrealización","4Ujjv4M"
"autoservicio","4UwGfYW"
"autosoma","4Uz9ulL"
"autostop","4VAOMzr"
"autostopista","4VBQkHm"
"autosuficiencia","4VBSiPq"
"autosuficiente","4VCz9nc"
"autosugestión","4VDI1tf"
"autosugestionarse","4VGN91Q"
"autotelia","4VGOh7C"
"autotélico, ca","4VGhe2k"
"autotransformador","4VHJCP5"
"autotransfusión","4VIDV1s"
"autotrasplante","4VJCOsZ"
"autotrófico, ca","4VMBg9M"
"autovacuna","4VMNs7M"
"autovía","4VNPz12"
"auto-","4Quv5F7"
"auto-","4QuwTf3"
"autócrata","4RonXBi"
"autóctono, na","4RuA840"
"autódromo","4SNVzbW"
"autógeno, na","4SepscT"
"autógrafo, fa","4SuKxBX"
"autolisis","4TDcmeT"
"autólogo, ga","4TFpej7"
"autómata","4TKy9Vs"
"autónomo, ma","4U11edq"
"autópsido, da","4UG6Sa4"
"autótrofo, fa","4VMMlIh"
"autrigón, na","4VNnIZK"
"autumnal","4VPrP1t"
"auvernés, sa","4VPreld"
"auxiliado","4VPsfme"
"auxiliador, ra","4VQTHHQ"
"auxiliar","4VSMKZ9"
"auxiliar","4VYliEH"
"auxiliaría","4VZLK1E"
"auxilio","4VaAInd"
"auxina","4VaIkze"
"auyama","4VdUw91"
"aúllo","4OOiH8S"
"aun","4ObzbDY"
"aúpa","4Ohsrbd"
"avacado, da","4VgS4T6"
"avadar","4VkpRfb"
"avahado, da","4Vm5AxK"
"avahar","4VqjBKT"
"avainillado, da","4Vr8K1c"
"aval","4VslS7e"
"avalador, ra","4Vvc12A"
"avalancha","4Vvmttx"
"avalar","4VymAxb"
"avalentado, da","4W3lR0b"
"avalentamiento","4W5Z56s"
"avalentar","4W7j9U3"
"avalentonado, da","4W8sbUS"
"avaliar","4WCOTgC"
"ax","4b0jNyn"
"axénico, ca","4b7EQGL"
"axial","4b8tY3M"
"axil","4b9FD7g"
"axila","4bATF6l"
"axilar","4bAt4zn"
"axinita","4bCq2ps"
"axiología","4bDHr0F"
"axiológico, ca","4bDN124"
"axioma","4bL5Q4V"
"axiomático, ca","4bO6PH0"
"axiomatización","4bP9cCE"
"axiomatizar","4bPgzLZ"
"axiómetro","4bRKDoH"
"axiote","4bSESWE"
"axis","4bSEx3j"
"axoideo, a","4bT10ry"
"ay","4bUlvCX"
"ayacahuite","4bUq61e"
"ayacaste","4bXNmZF"
"ayaco","4bZHujs"
"ayacote","4bb7Xmt"
"ayacuá","4beNpMG"
"ayacuchano","4bhFd0k"
"ayacuchano","4bj6uS4"
"ayacuchense","4blmuDu"
"ayahuasca","4bm28ZW"
"ayalés, sa","4bqlFgb"
"ayate","4br5yT0"
"ayatolá","4c2TduR"
"ayáu","4c2oS4V"
"ayayáu","4c2pi1R"
"ayayay","4c35jre"
"ayayero, ra","4c3t2qy"
"acimut","0Tzdf1q"
"acimutal","0U1VOjx"
"azabachado, da","4crcvu0"
"azabache","4crk1ps"
"azabachero, ra","4csZQyk"
"azabara","4cvy1lt"
"azacán, na","4cxgzTJ"
"azacanarse","4cyCBC8"
"azacanear","4cytKQU"
"azacaneo","4czVTSI"
"azacaya","4d2BSFg"
"azache","4d3KPDa"
"azacuán","4d3zrad"
"azada","4d5HyJt"
"azadada","4d5IS91"
"azadazo","4d5OpXe"
"azadilla","4d6EVzu"
"a-","003XJY1"
"a-","006hGa6"
"ábaco","00NXKXl"
"ábrego","0AVeMd0"
"ábrigo","0B80oVs"
"ábside","0CLiCXS"
"ácana","0HEZt6D"
"ácaro","0IxSVOR"
"ácere","0NzTYZH"
"ácido, da","0TYpfPc"
"ácigos","0Tq2v8U"
"ácimo, ma","0Tyv5BP"
"ácoro","0ZbsFlL"
"ácrata","0acEJze"
"ácrono, na","0cCCFv9"
"ácueo, a","0emK8i1"
"b","4iC4xGz"
"baalita","4iC7PRH"
"baasismo","4iCE0O3"
"baasista","4iCE3a2"
"baazismo","4iCEFe1"
"baazista","4iCEa81"
"baba","4iCQ7Kw"
"baba","4iDdgrV"
"babaco","4iF1Mdu"
"babada","4iHrjJs"
"babadero","4iJY9n2"
"babador","4iJtGZF"
"babaero","4iKlyk1"
"babahoyense","4iMfvAJ"
"babanca","4iNuX8Y"
"babatel","4iNz9aH"
"babaza","4iPDVsT"
"babazorro, rra","4iPdZtU"
"babear","4iPkJxb"
"babel","4iQ8cYD"
"baalita","4iC7PRH"
"baasismo","4iCE0O3"
"baasista","4iCE3a2"
"baazismo","4iCEFe1"
"baazista","4iCEa81"
"baba","4iCQ7Kw"
"baba","4iDdgrV"
"babaco","4iF1Mdu"
"babada","4iHrjJs"
"babadero","4iJY9n2"
"babador","4iJtGZF"
"babaero","4iKlyk1"
"babahoyense","4iMfvAJ"
"babanca","4iNuX8Y"
"babatel","4iNz9aH"
"babaza","4iPDVsT"
"babazorro, rra","4iPdZtU"
"babear","4iPkJxb"
"babel","4iQ8cYD"
"babélico, ca","4iQjAjt"
"baalita","4iC7PRH"
"baasismo","4iCE0O3"
"baasista","4iCE3a2"
"baazismo","4iCEFe1"
"baazista","4iCEa81"
"baba","4iCQ7Kw"
"baba","4iDdgrV"
"babaco","4iF1Mdu"
"babada","4iHrjJs"
"babadero","4iJY9n2"
"babador","4iJtGZF"
"babaero","4iKlyk1"
"babahoyense","4iMfvAJ"
"babanca","4iNuX8Y"
"babatel","4iNz9aH"
"babaza","4iPDVsT"
"babazorro, rra","4iPdZtU"
"babear","4iPkJxb"
"babel","4iQ8cYD"
"babélico, ca","4iQjAjt"
"babeo","4iUnXBX"
"babera","4iX7zLh"
"babero","4iXFAbu"
"baberol","4iXfCOk"
"baba","4iCQ7Kw"
"baba","4iDdgrV"
"babaco","4iF1Mdu"
"babada","4iHrjJs"
"babadero","4iJY9n2"
"babador","4iJtGZF"
"babaero","4iKlyk1"
"babahoyense","4iMfvAJ"
"babanca","4iNuX8Y"
"babatel","4iNz9aH"
"babaza","4iPDVsT"
"babazorro, rra","4iPdZtU"
"babear","4iPkJxb"
"babel","4iQ8cYD"
"babeo","4iUnXBX"
"babera","4iX7zLh"
"babero","4iXFAbu"
"baberol","4iXfCOk"
"babélico, ca","4iQjAjt"
"babi","4iZqfre"
"Babia","4ia1kp9"
"babiano, na","4iazpJC"
"babieca","4ibUpUa"
"babilla","4idkDOM"
"babilón, na","4ieMkbA"
"babilonia","4igHiVL"
"babilónico, ca","4ii2gtl"
"babilonio, nia","4irCncB"
"babirusa","4is0jhv"
"babismo","4isNXrx"
"bable","4isuoVc"
"babonuco","4iuYPnD"
"babor","4ivLJRg"
"babosada","4j0yanI"
"babosear","4j1B0EW"
"baboseo","4j2Pkz3"
"babosería","4j2SD8R"
"babosilla","4j2woZo"
"baboso, sa","4j5JZ8F"
"babucha","4j6oqvU"
"babuchero, ra","4j7Ey5c"
"babuino","4j84hCo"
"baby doll","4j8DaZ1"
"baby-sitter","4j9TSqQ"
"baca","4jAW9Km"
"baca","4jCrlou"
"bacalada","4jD6Mqo"
"bacaladero, ra","4jFozHR"
"bacaladilla","4jGTV2x"
"bacalao","4jHz5SC"
"bacallao","4jJFwOF"
"bacán, na","4jN2ELz"
"bacanal","4jPZaZR"
"bacano, na","4jSBk4n"
"bacanora","4jUACOC"
"bacante","4jXUaCU"
"bacará","4jaKHyM"
"bacará","4jbA6wp"
"bacaray","4jdB7xq"
"bacarrá","4jfPicO"
"baccarat","4jfZU0C"
"bacelar","4jfnV1D"
"bacera","4jmWItY"
"baceta","4js7GiR"
"baca","4jAW9Km"
"baca","4jCrlou"
"bacalada","4jD6Mqo"
"bacaladero, ra","4jFozHR"
"bacaladilla","4jGTV2x"
"bacalao","4jHz5SC"
"bacallao","4jJFwOF"
"bacán, na","4jN2ELz"
"bacanal","4jPZaZR"
"bacano, na","4jSBk4n"
"bacanora","4jUACOC"
"bacante","4jXUaCU"
"bacará","4jaKHyM"
"bacará","4jbA6wp"
"bacaray","4jdB7xq"
"bacarrá","4jfPicO"
"bacán, na","4jN2ELz"
"baccarat","4jfZU0C"
"bacelar","4jfnV1D"
"bacera","4jmWItY"
"baceta","4js7GiR"
"bacha","4jsRUnf"
"bachaco, ca","4jsmctz"
"bachata","4jv51QA"
"bachatear","4jv5raq"
"bachatero, ra","4k0DP4D"
"bache","4k0YT0o"
"bache","4k3DrN5"
"bacheado, da","4k5xJrs"
"bachear","4k6Joog"
"bacheo","4k8xVI6"
"bachiano, na","4kAw29C"
"bachicha","4kBYUk5"
"bachicha","4kBZGa7"
"bachiche","4kCK8J9"
"bachiller, ra","4kHCW8u"
"bachilleramiento","4kIDBEH"
"bachillerar","4kIlRyd"
"bacilar","4kSX5XZ"
"bacillar","4kSizwK"
"bacillo","4kSjlpT"
"bacilo","4kTs3Xc"
"baciloscopia","4kU7Nfh"
"bacina","4kYaK3H"
"bacinada","4kZb4bB"
"bacinador","4kZgCXW"
"bacinero, ra","4kZv5k5"
"bacineta","4kcSboK"
"bacinete","4keZEIN"
"bacinica","4keyQI8"
"bacinilla","4kg8Zei"
"bacisco","4khRq5r"
"baciyélmico, ca","4khYJL5"
"baciyelmo","4kkSDv6"
"bacía","4kOLupi"
"bacín","4kVMjum"
"backgammon","4kkyQ7N"
"backstage","4ktPbrb"
"baconiano, na","4kwerPo"
"bacoreta","4ky5tQ5"
"bacón","4kwa25N"
"bacteria","4l0hfLH"
"bacteriano, na","4l1VVHn"
"bactericida","4l3FUwQ"
"bacteriemia","4l4YVGM"
"bacteriófago","4l7bJ8p"
"bacteriología","4l9nZHS"
"bacteriológico, ca","4lBgnHh"
"bacteriólogo, ga","4lCd58U"
"bacteriostático, ca","4lD1lqx"
"bacteriuria","4lDEn1n"
"bactriano, na","4lDYpKc"
"bada","4lGe3rH"
"badajada","4lI70J7"
"badajazo","4lIxqwu"
"badajear","4lJ8yji"
"badajo","4lKrU61"
"badajocense","4lL34kl"
"badajoceño, ña","4lM5Kb9"
"badal","4lMVZsd"
"badallar","4lN5bBc"
"badalonés, sa","4lNUkoQ"
"badán","4lOE5oD"
"badana","4lPosBG"
"badanado, da","4lQ9GRx"
"badanas","4lTC1T3"
"badaza","4lTX1jD"
"badea","4lTdcrU"
"badelico","4lVfklC"
"baedeker","4lnKGoA"
"baenense","4lnLVp4"
"baenero, ra","4loCqSz"
"baezano, na","4lqkaEo"
"bafle","4lqoY3M"
"bagá","4ly7vvj"
"baga","4lugXyn"
"baga","4lvsPfp"
"bagacera","4lyJ8qT"
"bagaces","4lzeW0K"
"bagacillo","4lzvaK0"
"bagaje","4m0CCRF"
"bagajero","4m0FaaQ"
"bagar","4m10SyW"
"bagarino","4m5Q0Ez"
"bagasa","4m6lSbk"
"bagatela","4mDr62v"
"bagauda","4mEvZca"
"bagayero, ra","4mFtHVj"
"bagayo","4mGybHI"
"bagazal","4mHUlfn"
"bagazo","4mJusJO"
"bagdadí","4mKnD66"
"bago","4mLlHj2"
"bagre","4mMLKIl"
"baga","4lugXyn"
"baga","4lvsPfp"
"bagacera","4lyJ8qT"
"bagaces","4lzeW0K"
"bagacillo","4lzvaK0"
"bagaje","4m0CCRF"
"bagajero","4m0FaaQ"
"bagar","4m10SyW"
"bagarino","4m5Q0Ez"
"bagasa","4m6lSbk"
"bagatela","4mDr62v"
"bagauda","4mEvZca"
"bagayero, ra","4mFtHVj"
"bagayo","4mGybHI"
"bagazal","4mHUlfn"
"bagazo","4mJusJO"
"bagá","4ly7vvj"
"bagdadí","4mKnD66"
"bago","4mLlHj2"
"bagre","4mMLKIl"
"bagrero, ra","4mPrSm6"
"bagual, la","4mQpaeC"
"bagualada","4mVFqJX"
"baguette","4mWT4wR"
"baguio","4mWrLCk"
"bah","4mX1tFr"
"bahague","4mbwC2y"
"bahaí","4mexr21"
"bahaísmo","4mgHsGr"
"bahamense","4mhaR3d"
"bahameño, ña","4mjz15V"
"bahamés, sa","4mk0SSU"
"bahareque","4mknvqT"
"baharí","4mkxPaT"
"bahía","4mlHFKO"
"bahiano, na","4mnPStt"
"bahiense","4mrT91l"
"bahorrina","4msEbWf"
"bahúno, na","4muWwSl"
"bareiní","54zr4H9"
"baifo, fa","4n0mAp2"
"baila","4n184mr"
"baila","4n1ZuPE"
"bailable","4n2G0uV"
"bailadero, ra","4n93AOa"
"bailador, ra","4n9WJmi"
"bailanta","4nAeE33"
"bailante","4nClJKd"
"bailaor, ra","4nGSyY0"
"bailar","4nNiDrF"
"bailarín, na","4nOn6Bt"
"baile","4nROyIQ"
"baile","4nRicRY"
"bailecito","4nRmiW0"
"bailejo","4nS8uhK"
"bailenense","4nS9br8"
"bailete","4nT6NS3"
"baída","4myNomc"
"baja","4nvSOL2"
"bajá","4o1RbPO"
"bajacaliforniano, na","4o4bUAc"
"bajada","4o6uDWu"
"bajadero","4o97VPP"
"bajalato","4o9yrNM"
"bajalenguas","4oFmz01"
"bajamanero","4oG0Xsc"
"bajamano","4oGGieX"
"bajamar","4oIsdbM"
"bajamente","4oJw7wv"
"bajamiento","4oKbF0a"
"bajante","4oLAo21"
"bajar","4oVHmf8"
"bajareque","4oVYugn"
"bajativo","4oXFR4a"
"bajear","4oYiPMI"
"bajedad","4oZC2h9"
"bajel","4ohMCCC"
"bajo, ja","4oyrC6G"
"baja","4nvSOL2"
"bajacaliforniano, na","4o4bUAc"
"bajada","4o6uDWu"
"bajadero","4o97VPP"
"bajalato","4o9yrNM"
"bajalenguas","4oFmz01"
"bajamanero","4oG0Xsc"
"bajamano","4oGGieX"
"bajamar","4oIsdbM"
"bajamente","4oJw7wv"
"bajamiento","4oKbF0a"
"bajante","4oLAo21"
"bajar","4oVHmf8"
"bajareque","4oVYugn"
"bajativo","4oXFR4a"
"bajo, ja","4oyrC6G"
"bajá","4o1RbPO"
"bajear","4oYiPMI"
"bajedad","4oZC2h9"
"bajel","4ohMCCC"
"bajelero","4oifs0U"
"bajero, ra","4olALCN"
"bajete","4olQt3d"
"bajez","4om0h66"
"bajeza","4onMdSX"
"bajial","4opHESJ"
"bajines","4otdrkK"
"bajini","4ouIMjF"
"bajista","4ow30EY"
"bajista","4owEOlT"
"bajín","4oryDBE"
"bajío, a","4ovUtNy"
"bajo, ja","4oyrC6G"
"bajoaragonés, sa","4p49cWv"
"bajoca","4p4Lnpm"
"bajomedieval","4p61tBr"
"bajonado","4pDeoAR"
"bajonazo","4pLKREK"
"bajoncillo","4pLP8PI"
"bajonear","4pNTYXm"
"bajoneo","4pTqXzn"
"bajonista","4pVQssx"
"bajoplato","4pVZ73e"
"bajorrelieve","4pVjHHv"
"bajón","4p7NVZz"
"bajón","4pC4x0t"
"bajuno, na","4pW0uF4"
"bajura","4pW9Tj9"
"bakalao","4pYPB0L"
"bala","4papduM"
"balaca","4pbdf05"
"balacear","4pcdmtn"
"balacera","4pdS7mw"
"balada","4pjYfO7"
"baladí","4plTUsT"
"baladista","4pp16kC"
"balador, ra","4ppRfm1"
"baladrar","4prRCCX"
"baladre","4ptbkmF"
"baladrear","4puHLeu"
"baladrero, ra","4puluFw"
"baladro","4pupVNJ"
"baladrón, na","4puyBEG"
"baladronada","4pvX6Uq"
"baladronear","4pvi49D"
"balagar","4pwD0tQ"
"bamba","4vR6mr3"
"bamba","4vUNeiZ"
"bamba","4vXtspk"
"Bamba","4vYKRIn"
"bambador","4vYtuz2"
"bambalear","4vZ0Hs9"
"bambalina","4vZzanJ"
"bambalinón","4vaGwC3"
"bambanear","4vad7CJ"
"bambara","4vaeRMK"
"bambarria","4vb6mWM"
"bambear","4vbw1jM"
"bambera","4vcfuPQ"
"bambi","4vcqJrq"
"bambinazo","4vdTR7o"
"bambochada","4vduKJY"
"bamboche","4viiHrD"
"bamboleante","4vnDRYk"
"bambolear","4vofJ0O"
"bamboleo","4voyhGC"
"bamba","4vR6mr3"
"bamba","4vUNeiZ"
"bamba","4vXtspk"
"Bamba","4vYKRIn"
"bambador","4vYtuz2"
"bambalear","4vZ0Hs9"
"bambalina","4vZzanJ"
"bambalinón","4vaGwC3"
"bambanear","4vad7CJ"
"bambara","4vaeRMK"
"bambarria","4vb6mWM"
"bambear","4vbw1jM"
"bambera","4vcfuPQ"
"bambi","4vcqJrq"
"bambinazo","4vdTR7o"
"bambochada","4vduKJY"
"bamboche","4viiHrD"
"bamboleante","4vnDRYk"
"bambolear","4vofJ0O"
"bamboleo","4voyhGC"
"bamba","4vR6mr3"
"bamba","4vUNeiZ"
"bamba","4vXtspk"
"Bamba","4vYKRIn"
"bambador","4vYtuz2"
"bambalear","4vZ0Hs9"
"bambalina","4vZzanJ"
"bambalinón","4vaGwC3"
"bambanear","4vad7CJ"
"bambara","4vaeRMK"
"bambarria","4vb6mWM"
"bambear","4vbw1jM"
"bambera","4vcfuPQ"
"bambi","4vcqJrq"
"bambinazo","4vdTR7o"
"bambochada","4vduKJY"
"bamboche","4viiHrD"
"bamboleante","4vnDRYk"
"bambolear","4vofJ0O"
"bamboleo","4voyhGC"
"bambolla","4vpC874"
"bambollero, ra","4vq0xqa"
"bambonear","4vr0vlA"
"bamboneo","4vrcCMh"
"bambuc","4vvY5eR"
"bambuco","4vzSNCQ"
"bambudal","4w5Rs1F"
"bambula","4w8XDH4"
"bambusal","4w9UMFh"
"bambú","4vuyQ3q"
"banaba","4wBbpxj"
"banal","4wEZ7fp"
"banalidad","4wEZEmF"
"banalización","4wFntFZ"
"banalizar","4wGwvXB"
"banana","4wIxlO6"
"bananal","4wJjAnv"
"bananero, ra","4wL6Fki"
"banano","4wLw47d"
"banas","4wMpoGU"
"banasta","4wNX4E4"
"banastero, ra","4wOHtoL"
"banasto","4wPQ9Of"
"banca","4wPQky6"
"bancada","4wS6OoK"
"bancadita","4wTarzA"
"bancal","4wTuGXK"
"bancalero","4wU2bep"
"banaba","4wBbpxj"
"banal","4wEZ7fp"
"banalidad","4wEZEmF"
"banalización","4wFntFZ"
"banalizar","4wGwvXB"
"banana","4wIxlO6"
"bananal","4wJjAnv"
"bananero, ra","4wL6Fki"
"banano","4wLw47d"
"banas","4wMpoGU"
"banasta","4wNX4E4"
"banastero, ra","4wOHtoL"
"banasto","4wPQ9Of"
"banca","4wPQky6"
"bancada","4wS6OoK"
"bancadita","4wTarzA"
"bancal","4wTuGXK"
"bancalero","4wU2bep"
"bancar","4wZaf6M"
"bancario, ria","4wd3lRI"
"bancarización","4weBXAe"
"bancarizar","4wft6gF"
"bancarrota","4whVtQP"
"banco","4wkKYpU"
"bancocracia","4wkwadk"
"banda","4wmsqHs"
"banda","4wo9Bd6"
"banda","4woiJnY"
"bandada","4woy1mG"
"bandarra","4wpGjm2"
"bandarria","4wpL8yj"
"bandazo","4wq7YHt"
"bandeado, da","4wwh5ap"
"bandear","4wxcnW5"
"bandear","4wy0tAi"
"bandeja","4wy9fAm"
"bandejar","4wz2nmn"
"bandeo","4x0aECx"
"bandera","4x4P080"
"banderazo","4x9Wwqs"
"banderearse","4x9fio2"
"bandería","4xCGpkA"
"banderilla","4xFXfD4"
"banderillazo","4xHNILo"
"bandero, ra","4xLS5ay"
"banda","4wmsqHs"
"banda","4wo9Bd6"
"banda","4woiJnY"
"bandada","4woy1mG"
"bandarra","4wpGjm2"
"bandarria","4wpL8yj"
"bandazo","4wq7YHt"
"bandeado, da","4wwh5ap"
"bandear","4wxcnW5"
"bandear","4wy0tAi"
"bandeja","4wy9fAm"
"bandejar","4wz2nmn"
"bandeo","4x0aECx"
"bandera","4x4P080"
"banderazo","4x9Wwqs"
"banderearse","4x9fio2"
"bandería","4xCGpkA"
"banderilla","4xFXfD4"
"banderillazo","4xHNILo"
"banderillear","4xJ5b4U"
"banderillero, ra","4xJuE43"
"banderín","4xKNswF"
"banderizar","4xKexzg"
"banderizo, za","4xKhJoN"
"bandero, ra","4xLS5ay"
"bandeado, da","4wwh5ap"
"bandear","4wxcnW5"
"bandear","4wy0tAi"
"bandeja","4wy9fAm"
"bandejar","4wz2nmn"
"bandeo","4x0aECx"
"bandera","4x4P080"
"banderazo","4x9Wwqs"
"banderearse","4x9fio2"
"bandería","4xCGpkA"
"banderilla","4xFXfD4"
"banderillazo","4xHNILo"
"banderillear","4xJ5b4U"
"banderillero, ra","4xJuE43"
"banderín","4xKNswF"
"banderizar","4xKexzg"
"banderizo, za","4xKhJoN"
"bandero, ra","4xLS5ay"
"banderola","4xLgI3V"
"bandidaje","4xM8SVZ"
"bandidencia","4xQbpvN"
"bandidismo","4xRkvjU"
"bandido, da","4xSk77J"
"bandir","4xXFMMm"
"bandín","4xVZ2zY"
"bandín","4xW5byh"
"bando","4xXPLQJ"
"bando","4xZOnkW"
"bandola","4xdiQlf"
"bandola","4xi2wXh"
"bandolera","4xkSxW7"
"bandolera","4xlWU9W"
"bandolerismo","4xn3rIZ"
"bandolero, ra","4xrcD2Q"
"bandolín","4xx4s9D"
"bandolina","4xyy6ZC"
"bandolina","4xzShIl"
"bandolinista","4y1FwA7"
"bandolón","4y1hpg7"
"bandolonista","4y3E1uG"
"bandoneón","4y5HnfH"
"bandoneonista","4y6UJBU"
"bandrullo","4y7DVCr"
"bandujo","4y8jjt6"
"bandul","4yBJJkX"
"bandullo","4yC0pNO"
"bandurria","4yDXAJN"
"bandurrista","4yFzMNZ"
"bangaña","4yGRR7Z"
"bangaño","4yIPLRY"
"bangladesí","4yJ4BAf"
"baniano","4yMBwao"
"banilejo, ja","4yN32tu"
"banir","4yOi96Y"
"banjo","4yPb1qF"
"banner","4yPiJTI"
"banqueo","4yPpc6M"
"banquero, ra","4yQDnIb"
"banqueta","4yWb2wL"
"banquete","4yWsCLl"
"banquetear","4yXmet1"
"banquetero, ra","4yYM6fU"
"banquillo","4yZ4djp"
"banquina","4ybGpWo"
"banquisa","4ybvfxE"
"bantú","4yffyFZ"
"bantustán","4ygogDd"
"banyo","4ygwQJ3"
"banzo","4yk3VQX"
"banzón","4yqWKIz"
"baña","4ysEp6B"
"bañadera","4ysUII3"
"bañadero","4yvwmwQ"
"bañado","4yxqOJ2"
"bañador, ra","4z01apR"
"bañar","4z0ZZFP"
"bañero, ra","4z2q42m"
"bañezano, na","4z2tdnq"
"bañil","4z3ybZj"
"bañista","4z4huCB"
"baño","4z67B1J"
"Bañón","4z6AVGx"
"bao","4z6Js1g"
"baobab","4z9ps3i"
"baptismal","4zDkjca"
"baptismo","4zHABaG"
"baptista","4zHfvva"
"baptisterio","4zMFxZM"
"baptizador","4zWjBa3"
"baptizar","4zaoIiO"
"baqueano, na","4zar7yl"
"baquear","4zbnXaa"
"baquelita","4zf1ZpA"
"baquero","4zgeLDc"
"baqueta","4zllKhI"
"baquetazo","4zlmiB1"
"baquetear","4zmnEOb"
"baqueteo","4zn0YCi"
"baquía","4zpXVrS"
"baquiano, na","4zvEg2O"
"baquio","502sGfB"
"bar","509Y6Lw"
"bar","509uDjx"
"baracaldés, sa","50CmJfI"
"barahá","50EQAJg"
"barahonero, ra","50FUyuV"
"barahúnda","50I0glY"
"barahustar","50J8Bla"
"baraja","50KNvZN"
"barajada","50LNDdw"
"barajador, ra","50LgmRH"
"barajadura","50QEtrK"
"barajar","50SOjCv"
"baraje","50SjZ9Z"
"barajear","50TPuLU"
"barajo","50UQ8Kv"
"barajo","50Xa2b7"
"barajón","50d1Ypc"
"barajustada","50eKg9R"
"baracaldés, sa","50CmJfI"
"barahá","50EQAJg"
"barahonero, ra","50FUyuV"
"barahúnda","50I0glY"
"barahustar","50J8Bla"
"baraja","50KNvZN"
"barajada","50LNDdw"
"barajador, ra","50LgmRH"
"barajadura","50QEtrK"
"barajar","50SOjCv"
"baraje","50SjZ9Z"
"barajear","50TPuLU"
"barajo","50UQ8Kv"
"barajo","50Xa2b7"
"barajón","50d1Ypc"
"barajustada","50eKg9R"
"barajustar","50fFjxO"
"barba","51ZRuoN"
"barbacana","51ZmTk3"
"barbacoa","51cgQsX"
"barbacuá","51dZJpA"
"barbada","51f5tJ0"
"barbada","51h8Eb9"
"barbadense","51hANAR"
"barbado, da","51jinCQ"
"barbaja","51n2DLp"
"barbaján","51oDPbu"
"barbajuelas","51p1SeI"
"barbar","51pVAaT"
"barbarería","51w4elU"
"barbaresco, ca","51yyvZz"
"barbaria","520Xeqp"
"barbárico, ca","523qirr"
"barbaridad","528EwGl"
"barbarie","528vgGC"
"barbarismo","529v2Vc"
"barba","51ZRuoN"
"barbacana","51ZmTk3"
"barbacoa","51cgQsX"
"barbacuá","51dZJpA"
"barbada","51f5tJ0"
"barbada","51h8Eb9"
"barbadense","51hANAR"
"barbado, da","51jinCQ"
"barbaja","51n2DLp"
"barbaján","51oDPbu"
"barbajuelas","51p1SeI"
"barbar","51pVAaT"
"barbarería","51w4elU"
"barbaresco, ca","51yyvZz"
"barbaria","520Xeqp"
"barbaridad","528EwGl"
"barbarie","528vgGC"
"barbarismo","529v2Vc"
"barbarización","52BNU6q"
"barbarizar","52D8T2D"
"barbacana","51ZmTk3"
"barbacoa","51cgQsX"
"barbacuá","51dZJpA"
"barbada","51f5tJ0"
"barbada","51h8Eb9"
"barbadense","51hANAR"
"barbado, da","51jinCQ"
"barbaja","51n2DLp"
"barbaján","51oDPbu"
"barbajuelas","51p1SeI"
"barbar","51pVAaT"
"barbarería","51w4elU"
"barbaresco, ca","51yyvZz"
"barbaria","520Xeqp"
"barbaridad","528EwGl"
"barbarie","528vgGC"
"barbarismo","529v2Vc"
"barbarización","52BNU6q"
"barbarizar","52D8T2D"
"barbarote","52DRvFP"
"barbas","52FIphl"
"barbasco","52HAUp7"
"barbastrense","52Iyk16"
"barbastrino, na","52JLhJt"
"barbárico, ca","523qirr"
"barbear","52KUgok"
"barbechada","52KyslP"
"barbechar","52LWLqh"
"barbechera","52MYjLg"
"barbecho","52NcRZS"
"barbería","52U2tNA"
"barberil","52UAqpw"
"barbero","52V5VRU"
"barbero","52X2Qf5"
"barberol","52YTDkz"
"barbeta","52anNoE"
"barbián, na","52bbw2e"
"barbiblanco, ca","52fITpW"
"barbicacho","52geUuv"
"barbicano, na","52n3i59"
"barbicastaño, ña","52tCJfc"
"barbie","52vF9Vk"
"barbiespeso, sa","52xJtFs"
"barbihecho, cha","52zXxzU"
"barbijo","531KGyE"
"barbilampiño, ña","533HXPi"
"barbilindo","534tMEI"
"barbilla","535cuAx"
"barbillas","5360nBh"
"barbo","53aN6FZ"
"barbón, na","53ajfXq"
"barboquejo","53bQ97U"
"barbotar","53cXy0x"
"barbote","53e3j9H"
"barboteadura","53ewm0e"
"barbotear","53f21zI"
"barbotear","53g50iZ"
"barboteo","53g8Vu6"
"barbotina","53gCB1v"
"barbón, na","53ajfXq"
"barbudo, da","53gKTQP"
"barbulla","53kde21"
"barbullar","53lIr5w"
"barbullido","53mniEG"
"barbullón, na","53mpRNA"
"barbuquejo","53mwgjV"
"barbusano","53qdOzi"
"barca","53rHaQt"
"barcada","53t6pnG"
"barcaje","53tae2E"
"barcal","53toT8I"
"barcarola","53u3gHV"
"barcaza","53uw4HK"
"barcella","53xJQ92"
"Barcelona","53yEDrc"
"barcelonés, sa","53z8zsN"
"barcelonismo","53zMj5M"
"barceno, na","542SVaZ"
"barceo","543F5Sk"
"barchilla","548Q0eM"
"barchilón, na","54B76WQ"
"barcia","54C7NXm"
"barcina","54DV15O"
"barcinador","54EjV9D"
"barcino, na","54GIjcd"
"barca","53rHaQt"
"barcada","53t6pnG"
"barcaje","53tae2E"
"barcal","53toT8I"
"barcarola","53u3gHV"
"barcaza","53uw4HK"
"barcella","53xJQ92"
"Barcelona","53yEDrc"
"barcelonés, sa","53z8zsN"
"barcelonismo","53zMj5M"
"barceno, na","542SVaZ"
"barceo","543F5Sk"
"barchilla","548Q0eM"
"barchilón, na","54B76WQ"
"barcia","54C7NXm"
"barcina","54DV15O"
"barcinador","54EjV9D"
"barcinar","54FEI1s"
"barcino, na","54GIjcd"
"barcinonense","54Geh3n"
"barco","54Gx7OV"
"barcolongo","54HDHUu"
"barcoluengo","54IQqOy"
"barcón","54MEikh"
"barda","54QcOlZ"
"barda","54S8igV"
"bardado","54VkmcI"
"bardado","54YaPxz"
"bardaguera","54aDhRJ"
"bardaja","54bznUq"
"bardaje","54dc9j6"
"bardal","54f3CoD"
"bardana","54fjqqE"
"bardanza","54hiXIx"
"bardar","54iMIOu"
"bardariota","54lflaa"
"bardera","54qovIQ"
"bardero","54rOnll"
"bardiza","54snbDN"
"bardo","54t8ldX"
"bardo","54uboUT"
"bardoma","54vtcUE"
"bardomera","54zdw4G"
"barda","54QcOlZ"
"barda","54S8igV"
"bardado","54VkmcI"
"bardado","54YaPxz"
"bardaguera","54aDhRJ"
"bardaja","54bznUq"
"bardaje","54dc9j6"
"bardal","54f3CoD"
"bardana","54fjqqE"
"bardanza","54hiXIx"
"bardar","54iMIOu"
"bardariota","54lflaa"
"bardera","54qovIQ"
"bardero","54rOnll"
"bardiza","54snbDN"
"bardo","54t8ldX"
"bardo","54uboUT"
"bardoma","54vtcUE"
"bardomera","54zdw4G"
"bareiní","54zr4H9"
"baremación","550GJro"
"baremar","551voVW"
"baremo","5524Akm"
"bareque","552ShFN"
"bareta","555qP9r"
"bargueño, ña","556cY24"
"baria","55DmbWe"
"bariatra","55HhbWr"
"bariatría","55HpfNt"
"bariátrico, ca","55IykDw"
"baricentro","55MgeWD"
"baril","55N3aCv"
"barinés, sa","55O9Ab3"
"bario","55Piexb"
"barión","55PpMiS"
"barisfera","55Pw4YD"
"barista","55PxO3J"
"barita","55PyiXP"
"baritel","55SPl9R"
"baritina","55U40Ez"
"baritonal","55YVitQ"
"varillero, ra","bO08ffo"
"barí","556xfID"
"barí","55CMEqF"
"baría","55GWYin"
"barisfera","55Pw4YD"
"barítono","55ZcKxZ"
"barjuleta","55ZevwE"
"barloa","55auJWd"
"barloar","55bnhp0"
"barloventear","55c84tD"
"barloventeo","55ceA2g"
"barlovento","55elh8T"
"barman","55hyfMm"
"barn","55igEIY"
"barnabita","55j8m4u"
"barnacla","55jVEjK"
"barniz","55vPzun"
"barnizado","55vVoI2"
"barnizador, ra","55w8WJN"
"barnizadura","55xezJs"
"barnizar","55xxVF5"
"baro","55y73e6"
"baro-","56005dC"
"barojiano, na","56388uO"
"barométrico, ca","564XOVY"
"barón, nesa","565gHuB"
"baronía","56A7qTQ"
"baroto","56AHZQR"
"barógrafo","562tbPx"
"barómetro","565Mf4S"
"barón, nesa","565gHuB"
"barquear","56DwyBj"
"barqueo","56E3Qez"
"barquero, ra","56Fm3lZ"
"barqueta","56G8hT1"
"barquía","56IYDBT"
"barquilla","56J82WO"
"barquillero, ra","56LiKTm"
"barquillo","56Lufe7"
"barquín","56OPcMZ"
"barquinazo","56RlHbJ"
"barquinera","56TjbM9"
"barquino","56Wd1Fc"
"barquisimetano, na","56Y7rXW"
"barra","56YKfWG"
"barrabás","56YSmLh"
"barrabasada","56YymJq"
"barraca","56gLKxc"
"barrachel","56gnFEt"
"barracón","56iCcZW"
"barracuda","56kyHEy"
"barrado, da","56o5KcF"
"barragán","56pFwoS"
"barragán","56qlEYF"
"barraganada","56uXMB5"
"barraganería","56wOEXp"
"barraganete","571OmOq"
"barraganía","571QoOl"
"barral","571fRtn"
"barranca","573K0EP"
"barrancada","576Eo5v"
"barrancal","57BMBmq"
"barra","56YKfWG"
"barrabás","56YSmLh"
"barrabasada","56YymJq"
"barraca","56gLKxc"
"barrachel","56gnFEt"
"barracón","56iCcZW"
"barracuda","56kyHEy"
"barrado, da","56o5KcF"
"barragán","56pFwoS"
"barragán","56qlEYF"
"barraganada","56uXMB5"
"barraganería","56wOEXp"
"barraganete","571OmOq"
"barraganía","571QoOl"
"barral","571fRtn"
"barranca","573K0EP"
"barrancada","576Eo5v"
"barrancal","57BMBmq"
"barra","56YKfWG"
"barrabás","56YSmLh"
"barrabasada","56YymJq"
"barraca","56gLKxc"
"barrachel","56gnFEt"
"barracón","56iCcZW"
"barracuda","56kyHEy"
"barrado, da","56o5KcF"
"barragán","56pFwoS"
"barragán","56qlEYF"
"barraganada","56uXMB5"
"barraganería","56wOEXp"
"barraganete","571OmOq"
"barraganía","571QoOl"
"barral","571fRtn"
"barranca","573K0EP"
"barrancada","576Eo5v"
"barrancal","57BMBmq"
"barranco","57CEdk9"
"barrancoso, sa","57CT154"
"barranquera","57ExKRp"
"barranquillero, ra","57HF8Se"
"barranquismo","57HHvKM"
"barraquero, ra","57JP4Kk"
"barraquismo","57JUd1V"
"barraquista","57KGSNL"
"varraquera","bOSipQT"
"barrar","57L27RL"
"barrasco","57LK7UW"
"barrasquillo","57LW3V1"
"barreaero","57LdDXb"
"barreal","57OfPTI"
"barrealoso, sa","57R8MFi"
"barrear","57STwpe"
"barrearse","57SvAzI"
"barredero, ra","57VeGNd"
"barredor, ra","57X5ct1"
"barreduela","57X6SDV"
"barredura","57YHfl5"
"barreminas","57YrYJj"
"barrena","57cdjjH"
"barrenado, da","57cuLwE"
"barrenador","57e7gp5"
"barrenar","57fbGRX"
"barrendero, ra","57lB6mw"
"barriada","58DywLF"
"barrial","58HqgFF"
"barrial","58JRES3"
"barrica","58LAQcA"
"barricada","58MpqOv"
"barrida","58NtU6T"
"barrido","58OR35c"
"barriga","58RGuzl"
"barrigón, na","58SxKDs"
"barrigudo, da","58Uw8zo"
"barriguera","58WzOnT"
"barril","58YlSxF"
"barrila","58alUEl"
"barrilaje","58eEW5x"
"barrilamen","58gRCg6"
"barrilería","58jB45p"
"barrilero","58oA4NB"
"barrilete","58p3nci"
"barrilla","58p6oKy"
"barriada","58DywLF"
"barrial","58HqgFF"
"barrial","58JRES3"
"barrica","58LAQcA"
"barricada","58MpqOv"
"barrida","58NtU6T"
"barrido","58OR35c"
"barriga","58RGuzl"
"barrigón, na","58SxKDs"
"barrigudo, da","58Uw8zo"
"barriguera","58WzOnT"
"barril","58YlSxF"
"barrila","58alUEl"
"barrilaje","58eEW5x"
"barrilamen","58gRCg6"
"barrilería","58jB45p"
"barrilero","58oA4NB"
"barrilete","58p3nci"
"barrilla","58p6oKy"
"barrillar","58qe5m7"
"barrillero, ra","58rYi0S"
"barrillo","58sBNkH"
"barrio","58tzLGO"
"barriobajero, ra","58vZF46"
"barrioso, sa","58zLoLy"
"barriotero, ra","58zcJwV"
"barriquería","590lRfk"
"barrisco","590yHEH"
"barrista","591BNAA"
"barritar","591HAT1"
"barrito","591vUVZ"
"barrizal","596Vf9w"
"barro","59Abdam"
"barro","59AgXp2"
"barrocho","59B1QK0"
"barroco, ca","59BRieE"
"barroquismo","59DJdHL"
"barroquización","59DWivX"
"barroquizante","59FdqNU"
"barroquizar","59IPB7C"
"barroso","59JY0fZ"
"barroso","59OUC0p"
"barrote","59SPdUp"
"barrón","59BuQ1Z"
"barrueco","59UHRsI"
"barrujo","59UPKGF"
"barrumbada","59UZYYJ"
"barrunta","59V1UPM"
"barruntador, ra","59VHAby"
"barruntamiento","59XicMi"
"barruntar","59Z7tkT"
"barrunte","59amLq2"
"barrunto","59c9zwX"
"bartola","59dvWXg"
"bartolear","59f77Vd"
"bartolillo","59nN44V"
"bartolina","59nR5bh"
"baruca","59of7Dq"
"barullento, ta","59og61Z"
"barullero, ra","59p04zB"
"barullo","59pKk6k"
"barza","59rT2of"
"barzal","59sBO8w"
"barzola","59vIMFT"
"barzón, na","59wOB6g"
"barzoneada","59wlvWO"
"barzonear","59xTVjv"
"basa","59xnx1L"
"basa","5A2ScIE"
"basada","5A33hIp"
"basal","5A4s0GT"
"basáltico, ca","5A8H5M9"
"basalto","5A8MfWF"
"basamento","5A9IxtA"
"basanita","5AAEaJC"
"basar","5AAPyCQ"
"basáride","5ABREdN"
"basca","5ABjIv2"
"bascar","5ACGz4s"
"bascosidad","5ACkr9D"
"bascoso, sa","5ADBoZa"
"basculación","5AIOYO2"
"basculador, ra","5AJDNcS"
"basculamiento","5ALDmTj"
"basculante","5ALo7Q4"
"basa","59xnx1L"
"basa","5A2ScIE"
"basada","5A33hIp"
"basal","5A4s0GT"
"basalto","5A8MfWF"
"basamento","5A9IxtA"
"basanita","5AAEaJC"
"basar","5AAPyCQ"
"basáltico, ca","5A8H5M9"
"basáride","5ABREdN"
"basca","5ABjIv2"
"bascar","5ACGz4s"
"bascosidad","5ACkr9D"
"bascoso, sa","5ADBoZa"
"basculación","5AIOYO2"
"basculador, ra","5AJDNcS"
"basculamiento","5ALDmTj"
"basculante","5ALo7Q4"
"bascular","5ANRjg6"
"basculero, ra","5APS2i3"
"bascuñana","5AQp97i"
"base","5ASmP2Z"
"baseláceo, a","5ATaQUD"
"basilar","5AZo8mk"
"basilense","5AZoEcK"
"basilical","5Abg6Es"
"basilicón","5Abww5H"
"basiliense","5AcoG13"
"basilio, lia","5AeVln5"
"basilisco","5Af9wJW"
"basis","5AfIp5t"
"basílica","5AayE0K"
"basna","5Afw3az"
"basófilo, la","5AiFQ9u"
"basquear","5Al4EkI"
"básquetbol","5ArAgtq"
"basquetbolista","5ArG96j"
"basquetbolístico, ca","5AvY9yp"
"basquilla","5AyWxnS"
"basquiña","5B4fLbl"
"basta","5B4t1Ow"
"bastaje","5B5HVBN"
"bastante","5B5LSJV"
"bastantear","5B5iXWy"
"bastantemente","5BBN8hT"
"bastanteo","5BCjAu3"
"bastar","5BD5w98"
"bastar","5BDcmJE"
"bastardar","5BGChnG"
"bastardear","5BH2lVs"
"bastardelo","5BMs1T4"
"bastardía","5BP7TV9"
"bastardilla","5BQ7Rl3"
"bastardo, da","5BTZ46N"
"baste","5BTopFR"
"bastear","5BUccd8"
"bastecedor, ra","5BVPPt2"
"bastecer","5BXzvcX"
"bastecimiento","5BY6UrV"
"basto","5C43CjP"
"basta","5B4t1Ow"
"bastaje","5B5HVBN"
"bastante","5B5LSJV"
"bastantear","5B5iXWy"
"bastantemente","5BBN8hT"
"bastanteo","5BCjAu3"
"bastar","5BD5w98"
"bastar","5BDcmJE"
"bastardar","5BGChnG"
"bastardear","5BH2lVs"
"bastardelo","5BMs1T4"
"bastardía","5BP7TV9"
"bastardilla","5BQ7Rl3"
"bastardo, da","5BTZ46N"
"basto","5C43CjP"
"baste","5BTopFR"
"bastear","5BUccd8"
"bastecedor, ra","5BVPPt2"
"bastecer","5BXzvcX"
"bastecimiento","5BY6UrV"
"bastedad","5BY8mL4"
"basterna","5BYZFU8"
"bastero","5Bd3g9x"
"bastetano, na","5Bj96OT"
"basteza","5Bk2lSr"
"bastida","5Bn3Bvf"
"bastidor","5BptI5h"
"bastilla","5BsG0MZ"
"bastimentar","5Bu3bj7"
"bastimentero","5Bvj9NB"
"bastimento","5BxBq8E"
"bastión","5Bylm1Q"
"bastionar","5C10Ep5"
"bastir","5C2iB2m"
"bastitano, na","5C3KRiS"
"basto","5C407cE"
"basto","5C43CjP"
"bastonada","5C5wbjZ"
"bastonazo","5C5xkYu"
"bastoncillo","5C7oFFM"
"bastoncito","5CAWMdZ"
"bastonear","5CDzBg0"
"bastonero, ra","5CEvEKm"
"bastón","5C4NQka"
"basuco","5CLnbry"
"basura","5CMSvtv"
"basural","5CMXZQA"
"basurear","5CNite9"
"basurero, ra","5CNqX0B"
"basurita","5CRTy0A"
"bata","5CSdyFe"
"bata","5CTiprh"
"batacazo","5CXQutx"
"bataclán","5Cbooz7"
"bataclana","5CcJKwe"
"batahola","5CcVjR5"
"batalán","5CdSVc0"
"batalla","5CfdCo2"
"batallador, ra","5CiGomp"
"batallar","5CjpKNI"
"batallaroso, sa","5ClUjIU"
"batallola","5CmFmkh"
"batallón","5CnZHUI"
"batallona","5CoOTth"
"batalloso, sa","5ConPWD"
"batán","5CpTg1X"
"batanar","5CrIsq8"
"baudio","5EYKvxh"
"baula","5EYLt0q"
"baulera","5EYaf90"
"baulero","5EcBTHT"
"bauprés","5Eci67z"
"baurac","5Ecub5g"
"baure","5Ed5Nad"
"bausa","5EdRFRm"
"bausán, na","5EeHu9I"
"bausero, ra","5EfYHfT"
"bautismal","5Eg0Ag1"
"bautismo","5EgBDLb"
"bautista","5EgBIVZ"
"bautisterio","5Ehn6ZY"
"bautizar","5EiU5jV"
"bautizo","5Eit7Pw"
"bauxita","5EjjsbT"
"bauza","5EkTytZ"
"baudio","5EYKvxh"
"baula","5EYLt0q"
"baulera","5EYaf90"
"baulero","5EcBTHT"
"bauprés","5Eci67z"
"baurac","5Ecub5g"
"baure","5Ed5Nad"
"bausa","5EdRFRm"
"bausán, na","5EeHu9I"
"bausero, ra","5EfYHfT"
"bautismal","5Eg0Ag1"
"bautismo","5EgBDLb"
"bautista","5EgBIVZ"
"bautisterio","5Ehn6ZY"
"bautizar","5EiU5jV"
"bautizo","5Eit7Pw"
"bauxita","5EjjsbT"
"bauza","5EkTytZ"
"bauzador, ra","5EmMVJz"
"baúl","5EYLjZg"
"baya","5Enxblh"
"bayadera","5EslLrF"
"bayal","5EtlQEA"
"bayal","5EuCVYf"
"bayamés, sa","5EweOMI"
"bayamonés, sa","5ExgPEC"
"bayano, na","5EzkhJ1"
"bayarte","5F0FsFc"
"bayeta","5F0HbvD"
"bayetilla","5F3hPoj"
"bayetón","5F3vioZ"
"bayo, ya","5F4pvsK"
"bayoco","5F8qyXh"
"bayoco","5F9DOHC"
"bayón","5F9PlzQ"
"Bayona","5F9RbqA"
"bayonense","5FBETZP"
"bayonés, sa","5FEjZrl"
"baya","5Enxblh"
"bayadera","5EslLrF"
"bayal","5EtlQEA"
"bayal","5EuCVYf"
"bayamés, sa","5EweOMI"
"bayamonés, sa","5ExgPEC"
"bayano, na","5EzkhJ1"
"bayarte","5F0FsFc"
"bayo, ya","5F4pvsK"
"bayeta","5F0HbvD"
"bayetilla","5F3hPoj"
"bayetón","5F3vioZ"
"bayo, ya","5F4pvsK"
"bayoco","5F8qyXh"
"bayoco","5F9DOHC"
"Bayona","5F9RbqA"
"bayonense","5FBETZP"
"bayonés, sa","5FEjZrl"
"bayoneta","5FGI9ic"
"bayonetazo","5FHQQ7u"
"bayoque","5FHUcn7"
"bayosa","5FInfnk"
"bayón","5F9PlzQ"
"bayuca","5FLOXVU"
"bayuncada","5FNiRTt"
"bayunco","5FOSUDO"
"bayunco","5FQaWU5"
"bayú","5FKGQK5"
"bayúa","5FKQc0l"
"baza","5FWOD09"
"bazar","5Fa5kim"
"bazo, za","5FbCT5N"
"bazofia","5Fc2gPm"
"bazuca","5FcjY0n"
"bazucar","5FcrwLL"
"bazucazo","5Fd5tSO"
"bazuco","5Ffxros"
"bazuquear","5Fi1MsM"
"bazuqueo","5Fi6jiT"
"bazuquero, ra","5FkCS56"
"bácara","4jYGOdD"
"bácaris","4jdtmQm"
"báciga","4kObQGj"
"báculo","4lGM378"
"bádminton","4lgqwDq"
"bálago","4q3k8mR"
"bálamo","4qDYXMn"
"bálano","4qnE3R4"
"bálsamo","4v0oVtU"
"bálteo","4vGWsBK"
"báltico, ca","4vHXg4h"
"bambara","4vaeRMK"
"báquico, ca","4zxsi1E"
"báquira","505ShXk"
"báquiro","507BulF"
"báratro","51QapnL"
"Bárbara","51uTeC1"
"bárbaramente","51vIVng"
"bárbaro, ra","52DLHf1"
"bácara","4jYGOdD"
"bácaris","4jdtmQm"
"báciga","4kObQGj"
"báculo","4lGM378"
"bádminton","4lgqwDq"
"bálago","4q3k8mR"
"bálamo","4qDYXMn"
"bálano","4qnE3R4"
"bálsamo","4v0oVtU"
"bálteo","4vGWsBK"
"báltico, ca","4vHXg4h"
"bambara","4vaeRMK"
"báquico, ca","4zxsi1E"
"báquira","505ShXk"
"báquiro","507BulF"
"báratro","51QapnL"
"Bárbara","51uTeC1"
"bárbaramente","51vIVng"
"bárbaro, ra","52DLHf1"
"bárbulas","53hGEMN"
"bárcena","542IZJL"
"bárico, ca","55N0Rpv"
"bártulos","59oBGFl"
"báscula","5ADUkFX"
"básicamente","5AVyBTj"
"básico, ca","5AZjEzX"
"básquet","5Anis2y"
"básquetbol","5ArAgtq"
"bástulo, la","5CJj4Cd"
"bátavo, va","5D23BNz"
"bávaro, ra","5Emn4yV"
"be","5FltnKe"
"be","5Fn5zht"
"beaciense","5FnKJKO"
"beamontés, sa","5FqiwXi"
"bearnés, sa","5FsaCdB"
"beat","5FxnFFF"
"beatería","5Fyx5F4"
"beaterio","5G37GjG"
"beatificación","5G45tOB"
"beatíficamente","5G5CGvd"
"beatificar","5G7HOCX"
"beatífico, ca","5G7UGh0"
"beatilla","5GHj4V5"
"beatísimo","5GIJiso"
"beatitud","5GMpTWM"
"beatlemanía","5GMuSOa"
"beatnik","5GMzQFu"
"beato, ta","5GSbDF5"
"beaciense","5FnKJKO"
"beamontés, sa","5FqiwXi"
"bearnés, sa","5FsaCdB"
"beat","5FxnFFF"
"beatería","5Fyx5F4"
"beaterio","5G37GjG"
"beatificación","5G45tOB"
"beatíficamente","5G5CGvd"
"beatificar","5G7HOCX"
"beatífico, ca","5G7UGh0"
"beatilla","5GHj4V5"
"beatísimo","5GIJiso"
"beatitud","5GMpTWM"
"beatlemanía","5GMuSOa"
"beatnik","5GMzQFu"
"beato, ta","5GSbDF5"
"bebé","5GXBUmj"
"bebe, ba","5GTF0qM"
"bebedero, ra","5GY3AtL"
"bebedizo, za","5GZAAca"
"bebedor, ra","5GcN2Or"
"bebendurria","5GgKxcR"
"bebentina","5GgugNy"
"beber","5GiyY3M"
"beber","5GjKfxr"
"bebercio","5Glhrx0"
"bebería","5Gm1UY7"
"beberrón, na","5GpATjw"
"bebestible","5Gqznrv"
"bebetina","5GrY1rW"
"bebiata","5Gy6gd5"
"bebible","5GyjeTc"
"bebo, ba","5H3V7Me"
"beca","5H6Z9Jt"
"becacina","5HAg5Xi"
"becada","5HD088U"
"becado, da","5HG3WR8"
"becafigo","5HJaaN5"
"becante","5HK7aoJ"
"becar","5HN9MmH"
"becardón","5HNCcjS"
"becario, ria","5HNbqow"
"becerrada","5HPjXC7"
"becerrero","5HRvwe1"
"becerril","5HVCk2k"
"becerrillo","5HbjTCH"
"becerrista","5Hbpaff"
"becerro, rra","5HcnR2I"
"bechamel","5Hd9Pgi"
"bechamela","5HesSwI"
"becoquín","5HexFff"
"beca","5H6Z9Jt"
"becacina","5HAg5Xi"
"becada","5HD088U"
"becado, da","5HG3WR8"
"becafigo","5HJaaN5"
"becante","5HK7aoJ"
"becar","5HN9MmH"
"becardón","5HNCcjS"
"becario, ria","5HNbqow"
"becerrada","5HPjXC7"
"becerrero","5HRvwe1"
"becerril","5HVCk2k"
"becerrillo","5HbjTCH"
"becerrista","5Hbpaff"
"becerro, rra","5HcnR2I"
"bechamel","5Hd9Pgi"
"bechamela","5HesSwI"
"becoquín","5HexFff"
"becoquino","5HfTZ2Y"
"becquerel","5HgNfLC"
"becqueriano, na","5Hniq3M"
"becuadrado","5HnlMph"
"becuadro","5HpSCyK"
"bedano","5Hpxt3o"
"bedel, la","5HsgNo3"
"bedelía","5HtXsBi"
"bedelio","5HtaSHL"
"bederre","5HwpFS3"
"beduino, na","5HySKuM"
"beduro","5HzmwGj"
"beethoveniano, na","5I0Rppw"
"befa","5I0xmdL"
"befabemí","5I1XrQa"
"befar","5I2QLrK"
"befedad","5I5q7VX"
"befo, fa","5I6Pmpz"
"befre","5I7lTd9"
"begardo, da","5IB0zbb"
"begastrense","5IBYmNT"
"begonia","5ID0SKq"
"begoniáceo, a","5IDgulJ"
"beguino, na","5IIXXiC"
"begum","5IIeCJh"
"behaísmo","5IJ21Ad"
"behaviorismo","5IJmxHk"
"behaviorista","5IK5tP3"
"behetría","5IMQpYJ"
"behique","5IMfkEb"
"beicon","5IMmcG1"
"beige","5IMq7SM"
"beirutí","5IOMUaI"
"beis","5IPkO8W"
"béisbol","5ITUgvf"
"beisbolero, ra","5IVWr24"
"beisbolista","5IZpWn4"
"beisbolístico, ca","5IawHTn"
"bejarano, na","5Ib8KeW"
"bejerano, na","5IeixdB"
"bejín","5Ifmr3G"
"bejucal","5Ihrzch"
"bejuco","5IlCjSq"
"bejuquear","5IoZB8O"
"bejuquero","5Ip0UFH"
"bejuquilla","5IpMsRo"
"bejuquillo","5IrrS6a"
"bel canto","5J0sb7U"
"bel","5IxOCSp"
"bel","5IyErQY"
"belcantismo","5IyMu3O"
"belcantista","5Iz9eBN"
"belcho","5J1THql"
"beldad","5J5H5RT"
"belduque","5J5NM0h"
"belemnita","5J6IGgR"
"belemnites","5J9zulH"
"belén","5JAcohL"
"belenismo","5JEBlI3"
"belenista","5JFBV1y"
"beleño","5JFIxDH"
"belérico","5JGI6Vy"
"belesa","5JIF9UP"
"belez","5JIGZ3N"
"belezo","5JIKf4M"
"belfo, fa","5JLdVla"
"bel","5IyErQY"
"belcantismo","5IyMu3O"
"belcantista","5Iz9eBN"
"belcho","5J1THql"
"beldad","5J5H5RT"
"belduque","5J5NM0h"
"belemnita","5J6IGgR"
"belemnites","5J9zulH"
"belenismo","5JEBlI3"
"belenista","5JFBV1y"
"beleño","5JFIxDH"
"belesa","5JIF9UP"
"belez","5JIGZ3N"
"belezo","5JIKf4M"
"belén","5JAcohL"
"belérico","5JGI6Vy"
"belfo, fa","5JLdVla"
"belga","5JMOQwT"
"belgradense","5JO890D"
"beliceño, ña","5JOKYP1"
"belicismo","5JPGpR9"
"belicista","5JU5Jib"
"belicosidad","5JXP0FC"
"belicoso, sa","5JYHC5u"
"belida","5JYRscK"
"beligerancia","5JZO4aj"
"beligerante","5JbrY0N"
"belio","5JfVCyp"
"belitre","5JgkQFM"
"belígero, ra","5Jc6O8Q"
"belísono, na","5JgY7fg"
"bellacada","5JhwGKD"
"bellaco, ca","5JniNn4"
"belladona","5JoGG1l"
"bellamente","5JpGMFj"
"bellaquear","5JqNNp6"
"bellaquería","5JsS048"
"bellardina","5JsZjlu"
"bellasombra","5JtTIVZ"
"belle époque","5Jtxuiv"
"belleguín","5Jvz7nE"
"belleza","5Jw7ezp"
"bellido, da","5K06UL7"
"bellísima","5K7FLkX"
"bellista","5K9f5Bb"
"bello, lla","5KBFtyf"
"bellota","5KC5C6E"
"bellote","5KE6Urv"
"belorta","5KXUXMY"
"belua","5KYuUOY"
"beluga","5KZSRRD"
"belvedere","5KbMOYO"
"bembe","5Kh4pPE"
"bembé","5Kir0Fk"
"bembetear","5Kn4WEX"
"bembeteo","5KpSgwb"
"bembo, ba","5KufU4R"
"bembón, na","5Kw8y58"
"bembudo, da","5KzftjC"
"bemol","5L2UCxO"
"bemolado, da","5L4V2zJ"
"ben","5L6NzOi"
"benalmadense","5L9r1Js"
"benaventino, na","5LEC3Mt"
"benceno","5LEYFHp"
"bencina","5LEfEYZ"
"bencinero, ra","5LJtHsR"
"bendecidera","5LOGXeK"
"bendecidor, ra","5LPCMlw"
"bendecir","5LQ5waj"
"bendición","5LQSVym"
"benditera","5LTLyns"
"bendito, ta","5LTOCXi"
"benedícite","5LTYFns"
"benedicta","5LUaJBo"
"benedictino, na","5LWDYJP"
"beocio, cia","5MWvYWS"
"beodera","5MbToGc"
"beodez","5MbZb1L"
"beodo, da","5MfW8RQ"
"beorí","5MfWBwg"
"beque","5MhKo2E"
"berbajo","5Mm3u64"
"berberecho","5MnSZ6o"
"berberí","5MpVW0H"
"berberidáceo, a","5Mpnd3s"
"berberídeo, a","5Mqn6CH"
"berberís","5Msa2w4"
"berberisco, ca","5Mwrbxn"
"berbiquí","5Myhvn5"
"berceo","5N0Zxuw"
"bercería","5N1c093"
"bercero, ra","5N1pSIv"
"berceuse","5N1qBIs"
"bercial","5N2K1Jp"
"berciano, na","5N4bpci"
"bereber","5N5D7sT"
"bes","5P5zLfn"
"besalamano","5P6ZzUZ"
"besamanos","5P9qYHR"
"besamel","5PA3yya"
"besamela","5PDV1lO"
"besana","5PFBzVV"
"besante","5PHynEU"
"besapiés","5PJrA6q"
"besar","5PMFiht"
"besico","5PPHGIS"
"beso","5PQqqPX"
"bestezuela","5PRHXoc"
"bestia","5PRU1Ah"
"bestiaje","5PS3OUW"
"bestial","5PWpEpM"
"bestialidad","5PYpgiP"
"bestialismo","5PZdMsM"
"bestializar","5Pa1lZo"
"bestialmente","5PbFRSy"
"besalamano","5P6ZzUZ"
"besamanos","5P9qYHR"
"besamel","5PA3yya"
"besamela","5PDV1lO"
"besana","5PFBzVV"
"besante","5PHynEU"
"besapiés","5PJrA6q"
"besar","5PMFiht"
"besico","5PPHGIS"
"beso","5PQqqPX"
"best seller","5Pqsj7d"
"bestezuela","5PRHXoc"
"bestia","5PRU1Ah"
"bestiaje","5PS3OUW"
"bestial","5PWpEpM"
"bestialidad","5PYpgiP"
"bestialismo","5PZdMsM"
"bestializar","5Pa1lZo"
"bestialmente","5PbFRSy"
"bestiario","5PdhZAG"
"bestión","5PeAwOB"
"bestión","5PeEbCl"
"bestiún","5PeUsiY"
"bestoba","5PgcLHD"
"bestoga","5PjG2H1"
"besucador, ra","5PtqBBW"
"besucar","5PuDPha"
"besucón, na","5PuGIau"
"besugada","5PuTHL6"
"besugo","5Pun2wp"
"besuguero, ra","5PvmTq3"
"besuguete","5Pwc4ES"
"besuqueador, ra","5Q033Ij"
"besuquear","5Q1zBY0"
"besuqueo","5Q2ou6H"
"beta","5Q3PX6x"
"beta","5Q61reG"
"betabel","5Q9iOS8"
"betabloqueante","5QBr9nl"
"betacaroteno","5QBsNp5"
"betarraga","5QC3dsJ"
"betarrata","5QPqbmy"
"betatrón","5QQqomq"
"betel","5QTDFQw"
"beterava","5QUzNjy"
"beterraga","5QWfsta"
"betijo","5QdkNPP"
"betlehemita","5QeIEEf"
"betlehemítico, ca","5QfJ4Rg"
"betlemita","5QfQ27i"
"betlemítico, ca","5Qk8JAO"
"betónica","5QkUwtI"
"betuláceo, a","5QlxaKt"
"beta","5Q3PX6x"
"beta","5Q61reG"
"betabel","5Q9iOS8"
"betabloqueante","5QBr9nl"
"betacaroteno","5QBsNp5"
"betarraga","5QC3dsJ"
"betarrata","5QPqbmy"
"betatrón","5QQqomq"
"betel","5QTDFQw"
"beterava","5QUzNjy"
"beterraga","5QWfsta"
"betijo","5QdkNPP"
"betlehemita","5QeIEEf"
"betlehemítico, ca","5QfJ4Rg"
"betlemita","5QfQ27i"
"betlemítico, ca","5Qk8JAO"
"betónica","5QkUwtI"
"betuláceo, a","5QlxaKt"
"betume","5QnCD4r"
"betumen","5QnryFI"
"betuminoso, sa","5QnsCz1"
"betunar","5QsDFiF"
"betunería","5QtGbeo"
"betunero","5QuKOde"
"betún","5QrWJQz"
"beudez","5QuXcAq"
"beudo, da","5QvavJL"
"bey","5R2w6zz"
"bezaar","5R37SBE"
"bezante","5R7OU04"
"bezo","5RBHPkG"
"bezoar","5RCDLDp"
"bezoárdico, ca","5RFHV2U"
"bezoárico, ca","5RFbn7z"
"bezón","5RHZger"
"bezote","5RJ8oGr"
"bezudo, da","5RLDZBA"
"bebop","5H3Zt32"
"béisbol","5ITUgvf"
"bélgico, ca","5JO19Zh"
"bélico, ca","5JXKedI"
"béquico, ca","5MhQTY8"
"bérbero","5MxBOIQ"
"béstola","5PpTn31"
"bético, ca","5QY3iji"
"bi-","5RMMVxL"
"biafreño, ña","5RMNQxL"
"biajaca","5RN8LyM"
"biajaiba","5ROJOUs"
"biangular","5ROzm2l"
"biansado, da","5RPYtrc"
"bianual","5RPeDJY"
"biarrota","5RQiqej"
"biatleta","5RR4UWx"
"biatlón","5RSEGPd"
"biaural","5RTV8HO"
"biauricular","5RVR3TA"
"biaxial","5Rau08H"
"biaza","5RhLNzi"
"bibelot","5Rlw50P"
"biberón","5RnPMZn"
"bibí","5RpYBlm"
"bibijagua","5Rpf4AH"
"biafreño, ña","5RMNQxL"
"biajaca","5RN8LyM"
"biajaiba","5ROJOUs"
"biangular","5ROzm2l"
"biansado, da","5RPYtrc"
"bianual","5RPeDJY"
"biarrota","5RQiqej"
"biatleta","5RR4UWx"
"biatlón","5RSEGPd"
"biaural","5RTV8HO"
"biauricular","5RVR3TA"
"biaxial","5Rau08H"
"biaza","5RhLNzi"
"bibelot","5Rlw50P"
"biberón","5RnPMZn"
"bibí","5RpYBlm"
"bibijagua","5Rpf4AH"
"biblia","5RquIbT"
"biblio-","5RtwZb9"
"bibliobús","5Rub8Zf"
"bibliofilia","5RwVp1n"
"bibliofílico, ca","5Ry0Dfg"
"bibliófilo, la","5Ryh4Mp"
"bibliografía","5S2ksCW"
"bibliográfico, ca","5S7QwGu"
"bibliógrafo, fa","5S8ZgkW"
"bibliología","5S8pZV0"
"bibliomancia","5S9rQpT"
"bical","5SVoCzo"
"bicameral","5SXDCjl"
"bicameralismo","5SXV8UU"
"bicampeón, na","5SZMqu0"
"bicampeonato","5Sa5IAN"
"bicapitalidad","5SaR2LD"
"bicapsular","5SbotX9"
"bicarbonatado, da","5SejxQc"
"bicarbonato","5Sf6DBR"
"bicatenario, ria","5SijbRL"
"bicefalia","5SjkcSM"
"bicéfalo, la","5SlSJEp"
"bicentenario, ria","5SmbvWQ"
"bicerra","5SpPrry"
"bicha","5SrLI5Z"
"bidé","5TUcIoM"
"bidente","5TVMYc8"
"bidimensional","5TXMXQs"
"bidimensionalidad","5TY4mJP"
"bidireccional","5Ta6NO6"
"bidón","5TdW3SN"
"biela","5TdglPD"
"bielda","5TdoAzP"
"bieldo","5TiruGu"
"bielgo","5TjF2cM"
"bielorruso, sa","5TjaXcu"
"biempensante","5Tk2eF4"
"bien","5TkGdE0"
"bienal","5TnA3VO"
"bienalmente","5TnRhPl"
"bienamado, da","5ToQNcr"
"bienandante","5Trh1a9"
"bienandanza","5TtIRQb"
"bienaventurado, da","5TuWJEP"
"bienaventuranza","5Tuksfk"
"bienaventurar","5TvPK3c"
"bienestar","5TwfW6F"
"bienfacer","5Twwvi9"
"bifásico, ca","5UeVmfY"
"bifaz","5Uegyd8"
"bife","5UfM2aj"
"bifloro, ra","5Ui1WOK"
"bifocal","5UiSCNF"
"biforme","5UjL3wA"
"bifronte","5Ukh64B"
"bifurcación","5Ukmyaa"
"bifurcado, da","5UmgE8M"
"bifurcarse","5Upl6Lb"
"big bang","5V9FNGi"
"big data","5V9WYYQ"
"biga","5UpwTOc"
"bigamia","5UudLZj"
"bigardear","5UzldEY"
"bigardía","5V1Fl7b"
"bigardo, da","5V2VwgX"
"bigarrado, da","5V88blV"
"bigarro","5V8YydO"
"bigato","5V8gJxT"
"bignonia","5V9hdl9"
"bignoniáceo, a","5VB1WlH"
"bigorneta","5VHo8Eu"
"bigornia","5VLype1"
"bigornio","5VOoKPn"
"bigote","5VQwxFY"
"bigotera","5VSIe4D"
"bija","5VYdASj"
"bijagua","5VaKEHZ"
"bijao","5VdC0zq"
"bijol","5Ved7ew"
"bikini","5VfV0he"
"bilabiado, da","5VhFvzg"
"bilabial","5VhGTEr"
"bilao","5VhSUtz"
"bilateral","5VmRTrb"
"bilateralismo","5VmaCTU"
"bilbaíno, na","5Vmp16H"
"bilbilitano, na","5VmxSBA"
"bilé","5VnI7BK"
"biliar","5VnymKc"
"biliario, ria","5VpJpBz"
"bilimbique","5Vta0Sz"
"bilingüe","5Vtkw1K"
"bilingüismo","5Vuaof9"
"bilioso, sa","5VvPQ66"
"bilirrubina","5Vwxmtq"
"bimano, na","5Wfr77C"
"bimba","5Wom56n"
"bimbre","5WtjDSJ"
"bimembre","5WtkmJo"
"bimensual","5WxK8ux"
"bimestral","5X2adpY"
"bimestre","5X6DuY9"
"bimetal","5X7631r"
"bimetálico, ca","5XAQ6YM"
"bimetalismo","5XCR7ZN"
"bimetalista","5XCVOJd"
"bimilenario, ria","5XCdD3M"
"bimilenio","5XCkgOA"
"biministro, tra","5XDs8l5"
"bimotor","5XG64Xm"
"bina","5XLEnv5"
"binación","5XO46b3"
"binacional","5XOyBUC"
"binador, ra","5XSKDEP"
"binadura","5XVeEfI"
"binar","5XVpGJD"
"binario, ria","5XZK8oe"
"binazón","5XaZyd7"
"bingarrote","5Xaiga4"
"bingo","5XbHYbh"
"binguero, ra","5XbNigo"
"binguí","5XcTymv"
"binocular","5Xd89if"
"binóculo","5XdH66b"
"binomial","5XdU9p9"
"binomio","5XgnUR5"
"binza","5XkCiqV"
"bio-, -bio, bia","5XqA4AQ"
"biobanco","5XsYD0Z"
"biobibliografía","5XuqTzc"
"biobibliográfico, ca","5XwKt6w"
"biocapacidad","5XwLe3r"
"biocarburante","5XxEU0l"
"biocatalizador","5XxFkro"
"biocenosis","5XyQUuJ"
"biochip","5XzVQkr"
"biocida","5Y00QM5"
"bioclimático, ca","5Y0BRN6"
"biocombustible","5Y2Aecj"
"biocompatibilidad","5Y4WWjQ"
"biocompatible","5Y5MBQC"
"biodegradable","5Y604sU"
"biodegradación","5Y6XcaE"
"biodegradar","5Y903Wb"
"biodiésel","5YA04Xc"
"biobanco","5XsYD0Z"
"biobibliografía","5XuqTzc"
"biobibliográfico, ca","5XwKt6w"
"biocapacidad","5XwLe3r"
"biocarburante","5XxEU0l"
"biocatalizador","5XxFkro"
"biocenosis","5XyQUuJ"
"biochip","5XzVQkr"
"biocida","5Y00QM5"
"bioclimático, ca","5Y0BRN6"
"biocombustible","5Y2Aecj"
"biocompatibilidad","5Y4WWjQ"
"biocompatible","5Y5MBQC"
"biodegradable","5Y604sU"
"biodegradación","5Y6XcaE"
"biodegradar","5Y903Wb"
"biodiésel","5YA04Xc"
"biodinámico, ca","5YC0mSN"
"biodisponibilidad","5YCAhMI"
"biodiversidad","5YDRbFC"
"bioelectricidad","5YEQ4bt"
"bioeléctrico, ca","5YFY5Fm"
"bioelectrónica","5YI37NS"
"bioelemento","5YIeSaE"
"bioenergético, ca","5YIqZRQ"
"bioenergía","5YKseaP"
"bioestadística","5YLtfbQ"
"bioestratigrafía","5YM8JDz"
"bioetanol","5YNH4MH"
"bioético, ca","5YQconJ"
"biofertilizante","5YQirpV"
"biofísico, ca","5YQylig"
"biogás","5YRpn5q"
"biogénesis","5YTGpqH"
"biogenético, ca","5YXuhhn"
"biogeografía","5YZBi9G"
"biogeográfico, ca","5Ya0Tum"
"biogeógrafo, fa","5YaCUvn"
"biografía","5YaRZ0n"
"biografiado, da","5YfZzy8"
"biografiar","5YiIkUg"
"biográfico, ca","5Yiq8Te"
"bioinformático, ca","5YkjPtZ"
"biología","5Ykv4ay"
"biológicamente","5YkwUhv"
"biológico, ca","5Yl2vpr"
"biologismo","5Ylx52H"
"bioluminiscencia","5YneZ9f"
"bioluminiscente","5YoUxzY"
"bioma","5YsNQ3o"
"biomarcador","5YsNR3d"
"biomasa","5YtOE4H"
"biomaterial","5Z085Ec"
"biombo","5Z2C0y1"
"biomecánico, ca","5Z9WfhE"
"biomedicina","5ZBPRoy"
"biomédico, ca","5ZBdCGH"
"biometano","5ZCS0Ya"
"biometría","5ZEB2lz"
"biométrico, ca","5ZER5Ul"
"biomimetismo","5ZEmqIA"
"bionda","5ZH4wFz"
"biopic","5ZLflDw"
"biopolímero","5ZMlk7T"
"bioprótesis","5ZN09r6"
"biopsia","5ZN8Omw"
"bioquímico, ca","5ZQzBUP"
"biorremediación","5ZRDJs1"
"biorritmo","5ZRHde3"
"biosanitario, ria","5ZRz41c"
"bioseguridad","5ZS141c"
"biosensor","5ZS852d"
"biosfera","5ZVzlJQ"
"biosíntesis","5Zg65U3"
"biosociología","5ZhqCBO"
"biota","5ZiRHbF"
"biotecnología","5ZjTrbQ"
"biotecnológico, ca","5ZleeKN"
"biotecnólogo, ga","5ZoF64p"
"bioterapia","5Zu1qCs"
"bioterio","5ZvC3CR"
"bioterrorismo","5XsYD1Z"
"bioterrorista","5Xst36R"
"biotipo","5ZxOYIU"
"biotipología","5Zxq0kv"
"biotipológico, ca","5ZyIv27"
"biotopo","5Zz6j3M"
"bio-, -bio, bia","5XqA4AQ"
"biógrafo, fa","5YjG9ru"
"biólogo, ga","5YnN4d9"
"biónico, ca","5ZKamQc"
"biosfera","5ZVzlJQ"
"biótico, ca","5ZwVNC1"
"bióxido","5a1B1h8"
"bipartición","5a1kxFE"
"bipartidismo","5a5CJ6E"
"bipartidista","5a5jm9a"
"bipartido, da","5a7QewI"
"bipartito, ta","5a9Y8kk"
"bipedación","5aAmTRx"
"bipedalismo","5aBFhSu"
"bipedestación","5aDDwoy"
"biplano","5aH0Upp"
"biplaza","5aHX5BL"
"bipolar","5aLeKvg"
"bipolaridad","5aLy9F2"
"bipolarización","5aNMcjN"
"bipolarizar","5aO1zUo"
"bipontino, na","5aSDjwK"
"bikini","5VfV0he"
"birdie","5aYcOS9"
"biribís","5aZ4NoV"
"biricú","5acmQsD"
"birimbao","5aeaVKa"
"birla","5aet0uS"
"birlador, ra","5afpU8T"
"birlar","5ahQG5z"
"birlesco","5aj4fJ9"
"birlí","5ajXYME"
"birlibirloque","5akNeO3"
"birlo","5amDqQy"
"birlocha","5amNbsr"
"birlocho","5anZQfx"
"birlón","5ap3zdR"
"birlonga","5ap9ZWh"
"birmano, na","5arlQxB"
"biro, ra","5as4BIl"
"bis","5bI1IRz"
"bis-","5bJQD97"
"bisabuelo, la","5bLMg8A"
"bisagra","5bO8JXA"
"bisalta","5bOL21X"
"bisalto","5bOcsKB"
"bisar","5bPjScc"
"bisarma","5bR2ITL"
"bisaya","5bR5Qpj"
"bisayo, ya","5bSM6Vq"
"bisbirindo, da","5bWTs68"
"bisbís","5bXgxk2"
"bisbisar","5bYsZyq"
"bisbisear","5ba7W48"
"bisbiseo","5bcPPID"
"biscocho","5beT4fa"
"biscote","5beZDqz"
"bisecar","5beotLo"
"bisabuelo, la","5bLMg8A"
"bisagra","5bO8JXA"
"bisalta","5bOL21X"
"bisalto","5bOcsKB"
"bisar","5bPjScc"
"bisarma","5bR2ITL"
"bisaya","5bR5Qpj"
"bisayo, ya","5bSM6Vq"
"bisbirindo, da","5bWTs68"
"bisbís","5bXgxk2"
"bisbisar","5bYsZyq"
"bisbisear","5ba7W48"
"bisbiseo","5bcPPID"
"biscocho","5beT4fa"
"biscote","5beZDqz"
"bisecar","5beotLo"
"bisección","5bfEiQa"
"bisector, triz","5bftRVt"
"bisel","5bgDJ9y"
"biselador","5bhGpmE"
"biselar","5bixw8d"
"bisemanal","5bjsZzf"
"bisemanario","5bkZJYL"
"bisextil","5blT3mU"
"bisexual","5blpffT"
"bisexualidad","5blzEWA"
"bisiesto","5bn5eQG"
"bisilábico, ca","5bosHFx"
"bisílabo, ba","5bpU7hZ"
"bismutina","5bpvxx9"
"bismutita","5brHmQ7"
"bismuto","5bsDZAP"
"bisnes","5bsoNdx"
"bisnieto, ta","5bwRHIo"
"biso","5bxiHzD"
"bisojo, ja","5bzPfWZ"
"bisonte","5c0bv5w"
"bisoñada","5c1Vs82"
"bisoñé","5c2EHru"
"bisoñería","5c4wPwX"
"bisoñez","5c53PRC"
"bisoño, ña","5c5nE5N"
"bisté","5c7EZNW"
"bistec","5c8RtsV"
"bistorta","5cAoeM0"
"bistró","5cApNMD"
"bisturí","5cB56NY"
"bisulco, ca","5cBGWzb"
"bisulfito","5cDDvRB"
"bisulfuro","5cGpG1x"
"bisunto, ta","5cL6kOm"
"bisurco","5cMWt9n"
"bisutería","5cN1iQ0"
"bisutero, ra","5cPVQY0"
"bis-","5bJQD97"
"bit","5cPrUzM"
"bita","5cQcO7Y"
"bitácora","5cSAC2h"
"bitadura","5cUMT7A"
"bitango","5cXVZ2R"
"bitar","5cYImMw"
"bitcóin","5cYk4kB"
"bitínico, ca","5cZGKvN"
"bitinio, nia","5cbV8cb"
"bitneriáceo, a","5ce2KR7"
"bitonal","5ceLOcL"
"bitonalidad","5ceOxGv"
"bitongo, ga","5cepmiC"
"bitoque","5cfbCog"
"bitor","5cnLH61"
"biunívoca","5cqoTPY"
"bivalente","5crt6ps"
"bivalvo, va","5ctAmor"
"bivariado, da","5ctG67U"
"bivitelino, na","5cuNII8"
"bixáceo, a","5cuT8cR"
"bixíneo, a","5cvu12w"
"biyección","5cwFHtC"
"biyectivo, va","5cxfQNn"
"biz-","5cyPKDu"
"biza","5d3FeFL"
"bizantinismo","5d5CNp3"
"bizantino, na","5d70Tzc"
"bizarramente","5d9CDy9"
"bizarrear","5dA9ema"
"bizarría","5dBn6mT"
"bizarro, rra","5dC5eFT"
"bizaza","5dCYvve"
"bizbirindo, da","5dG9dm6"
"bizcar","5dGU5by"
"bizco, ca","5dKjjpZ"
"bizcochada","5dLGV9Q"
"bizcochar","5dLtbI3"
"bizcochería","5dOXKJ8"
"bizcochero, ra","5dQey4E"
"bi-","5RMMVxL"
"bíbaro","5RkdiCM"
"bíblico, ca","5Rsn3ai"
"bíceps","5Sp9TT4"
"bífero, ra","5UfffOc"
"bífido, da","5UgUYE2"
"bígamo, ma","5UwcadZ"
"bígaro","5V6Iiil"
"bimano, na","5Wfr77C"
"bínubo, ba","5XjRnCx"
"bío","5XkbxpF"
"bío","5XnRVYK"
"bípede","5aCbQwY"
"bípedo, da","5aGCINF"
"bíper","5aGOIjM"
"bla","5e1JoZ5"
"blablá","5e1WovX"
"blablablá","5e5BMrw"
"blackjack","5e67zQz"
"blancal","5eFarFI"
"blancarte","5eIZZU1"
"blancazo, za","5eJRNsi"
"blanchete","5eMxfY2"
"blanco, ca","5eNsBBo"
"blancor","5eO4lGE"
"blancote, ta","5eSzxAe"
"blancura","5eTQfZK"
"blancuzco, ca","5eWVKWl"
"boa","5hjAT8A"
"boalaje","5hlPcAx"
"boalar","5hnOOQd"
"boaqueño, ña","5hnP2Ew"
"boatiné","5hoWJVy"
"boato","5holOei"
"bobada","5hqhmSd"
"bobalías","5hrVFKN"
"bobalicón, na","5hroqqs"
"bobaliconería","5hrptK7"
"bobamente","5hsYxDA"
"bobatel","5hy3nMA"
"bobear","5hy67iz"
"bobedad","5hyRzD8"
"bobera","5hyobxs"
"bobería","5hz573y"
"bobillo","5i0rPCQ"
"bobina","5i2mCqx"
"boa","5hjAT8A"
"boalaje","5hlPcAx"
"boalar","5hnOOQd"
"boaqueño, ña","5hnP2Ew"
"boatiné","5hoWJVy"
"boato","5holOei"
"bohardilla","5lLWzCz"
"bobada","5hqhmSd"
"bobalías","5hrVFKN"
"bobalicón, na","5hroqqs"
"bobaliconería","5hrptK7"
"bobamente","5hsYxDA"
"bobatel","5hy3nMA"
"bobear","5hy67iz"
"bobedad","5hyRzD8"
"bobera","5hyobxs"
"bobería","5hz573y"
"bobillo","5i0rPCQ"
"bobina","5i2mCqx"
"bobinado","5i4OWPA"
"bobinadora","5i4gM6f"
"bobinar","5i4nHZs"
"bobo, ba","5i6Gnjj"
"boboré","5i6JLyr"
"bobsleigh","5i6UOxc"
"bobada","5hqhmSd"
"bobalías","5hrVFKN"
"bobalicón, na","5hroqqs"
"bobaliconería","5hrptK7"
"bobamente","5hsYxDA"
"bobatel","5hy3nMA"
"bobo, ba","5i6Gnjj"
"bobear","5hy67iz"
"bobedad","5hyRzD8"
"bobera","5hyobxs"
"bobería","5hz573y"
"bobillo","5i0rPCQ"
"bobina","5i2mCqx"
"bobinado","5i4OWPA"
"bobinadora","5i4gM6f"
"bobinar","5i4nHZs"
"bobo, ba","5i6Gnjj"
"boboré","5i6JLyr"
"bobsleigh","5i6UOxc"
"boca","5i6aRwS"
"bocabajear","5i6zFFM"
"bocabajo","5i79xQL"
"bocabarra","5i7JE0C"
"bocacalle","5i7sikr"
"bocacaz","5iCWfjH"
"bocacha","5iCykUh"
"bocachancla","5iEVQNf"
"bocacho, cha","5iG26Gd"
"bocací","5iHuqSz"
"bocada","5iLfnlr"
"bocadear","5iSfTag"
"bocadillería","5iTgZwJ"
"bocadillo","5iV6kp0"
"bocadito","5iXR9aG"
"bocado","5iZDVhc"
"bocajarro","5iZt2g6"
"bocal","5iaFkGV"
"bocal","5idZq3k"
"bocallave","5idxT41"
"boca","5i6aRwS"
"bocabajear","5i6zFFM"
"bocabajo","5i79xQL"
"bocabarra","5i7JE0C"
"bocacalle","5i7sikr"
"bocacaz","5iCWfjH"
"bocacha","5iCykUh"
"bocachancla","5iEVQNf"
"bocacho, cha","5iG26Gd"
"bocací","5iHuqSz"
"bocada","5iLfnlr"
"bocadear","5iSfTag"
"bocadillería","5iTgZwJ"
"bocadillo","5iV6kp0"
"bocadito","5iXR9aG"
"bocado","5iZDVhc"
"bocajarro","5iZt2g6"
"bocal","5iaFkGV"
"bocal","5idZq3k"
"bocallave","5idxT41"
"boca","5i6aRwS"
"bocabajear","5i6zFFM"
"bocabajo","5i79xQL"
"bocabarra","5i7JE0C"
"bocacalle","5i7sikr"
"bocacaz","5iCWfjH"
"bocacha","5iCykUh"
"bocachancla","5iEVQNf"
"bocacho, cha","5iG26Gd"
"bocací","5iHuqSz"
"bocada","5iLfnlr"
"bocadear","5iSfTag"
"bocadillería","5iTgZwJ"
"bocadillo","5iV6kp0"
"bocadito","5iXR9aG"
"bocado","5iZDVhc"
"bocajarro","5iZt2g6"
"bocal","5iaFkGV"
"bocal","5idZq3k"
"bocallave","5idxT41"
"bocamanga","5ie7C11"
"bocamina","5ieXxys"
"bocana","5ierfxE"
"bocanada","5ifSFCD"
"bocapí","5ig6vcF"
"boca","5i6aRwS"
"bocarada","5iixtPs"
"bocarda","5imdlS9"
"bocarte","5intfut"
"bocarte","5ioBbBX"
"bocas","5ipiqmY"
"bocata","5iqjrnZ"
"bocateja","5iqsGlU"
"bocatijera","5it5a8P"
"bocatoma","5iudKix"
"bocatoreño, ña","5iugwuv"
"bocazas","5iwtz2O"
"bocazo","5iyIqBQ"
"boccia","5izLpE7"
"bocear","5j5OoIo"
"bocel","5j650bZ"
"bocelar","5j8AAFG"
"bocelete","5j8Xws6"
"bocera","5j8wntF"
"boceras","5j9CcUm"
"bocetar","5jApJBa"
"bocetear","5jAuKOn"
"boceto","5jB61Ln"
"bocezar","5jC9ziY"
"bocezo","5jF1RoO"
"bocha","5jGBpaQ"
"bochar","5jGSHGq"
"bochazo","5jGkUNy"
"boche","5jHlfag"
"boche","5jIrN38"
"boche","5jK6PFt"
"boche","5jKPcB6"
"bochín","5jKRWaW"
"bochín","5jLsUBT"
"bochinche","5jMdWw4"
"bochinchero, ra","5jRGTuF"
"bochista","5jSOOBP"
"bochorno","5jUiVu3"
"bochornoso, sa","5jVACS0"
"bocina","5jWr48I"
"bocinar","5jXfrvB"
"bocinazo","5jXrzpv"
"bocinegro, gra","5jYG18L"
"bocinero","5jYKXM3"
"bocio","5jizC9R"
"bocín","5jVz3mG"
"bocón, na","5jjdF0D"
"boconada","5jnCrfQ"
"bocotá","5jpgQep"
"bocoy","5jpocp2"
"bocón, na","5jjdF0D"
"bocudo, da","5jqWTAz"
"boda","5jssXib"
"bode","5jt7mCw"
"bodega","5jtPDms"
"bodegaje","5jtntth"
"bodego","5jwvBD6"
"bodegón","5jyY6cb"
"bodegoncillo","5jzF8Go"
"bodegonero, ra","5k25wvd"
"bodegonista","5k5yobP"
"bodeguero, ra","5k93AYm"
"bodi","5kBhfJl"
"bodigo","5kFwxmC"
"bodijo","5kJfA5B"
"bodocal","5kKupMB"
"bodocazo","5kOXUWZ"
"bodón","5kPUL3K"
"bodonal","5kPqUc8"
"bodoque","5kV7T8P"
"boda","5jssXib"
"bode","5jt7mCw"
"bodega","5jtPDms"
"bodegaje","5jtntth"
"bodego","5jwvBD6"
"bodegón","5jyY6cb"
"bodegoncillo","5jzF8Go"
"bodegonero, ra","5k25wvd"
"bodegonista","5k5yobP"
"bodeguero, ra","5k93AYm"
"bodi","5kBhfJl"
"bodigo","5kFwxmC"
"bodijo","5kJfA5B"
"bodocal","5kKupMB"
"bodocazo","5kOXUWZ"
"bodonal","5kPqUc8"
"bodoque","5kV7T8P"
"bodoquera","5kW75Bo"
"bodorrio","5kWdUMF"
"bodón","5kPUL3K"
"bodrio","5kXVucR"
"body","5kXlmUn"
"boezuelo","5kgZj46"
"bofarse","5kjAH0z"
"bofe","5klYwlL"
"bofena","5kmcwSX"
"bofetada","5krATBH"
"bofetán","5krIXH3"
"bofetón","5kwZCs3"
"bofia","5kwg7Na"
"bofo, fa","5l0QZqi"
"boga","5l0faQL"
"boga","5l1usyb"
"boga","5l28r7g"
"bogada","5l39O7g"
"bogador, ra","5l4PuOq"
"bogar","5l6MrWk"
"bogavante","5l82SBK"
"bogavante","5l8itca"
"bogey","5lDfBKI"
"bogie","5lJre4v"
"bogomilo, la","5lJsKQl"
"bogotano, na","5lK21na"
"bogueta","5lKgXJO"
"bohardilla","5lLWzCz"
"bohemia","5lWlfop"
"Bohemia","5lX1qkS"
"bohemiano, na","5lauBCO"
"bohémico, ca","5lb8hbi"
"bohemio, mia","5lboqBW"
"bohemo, ma","5lfJSkr"
"bohío","5lgkUSL"
"bohíque","5lhDhNC"
"bohonería","5ljMSVJ"
"bohonero","5ljVu3f"
"bohordar","5ljj8mO"
"bohordo","5ljmWlg"
"bohrio","5ljusuw"
"boicot","5lkniVw"
"boicoteador, ra","5lkyJps"
"boicotear","5lnNFtt"
"boicoteo","5lnYByW"
"boina","5lpCsw0"
"boira","5lqzNzT"
"boiserie","5lsxJ3H"
"boj","5luJlgf"
"boj","5lufRqf"
"boja","5luufh8"
"boja","5lwKqvb"
"bojar","5lxtByX"
"bojar","5lyXfb1"
"bojazo","5m16E8S"
"boje","5m39akE"
"bojear","5m3P153"
"bojedal","5m4WC8Q"
"bojeo","5m8ReOk"
"bojiganga","5m9BdZ4"
"bojo","5m9Uiqc"
"bojote","5mADsBK"
"bojotero","5mAMFHA"
"bol","5mF9ykd"
"bol","5mG1TnT"
"bol","5mHXvdj"
"bola","5mIvKnQ"
"bolacero, ra","5mLOoYO"
"bolacha","5mLYSxt"
"bolada","5mNkHY3"
"bolado","5mNnT7y"
"bolaga","5mOCk5a"
"bolagar","5mTDLb8"
"bolandista","5mY08yC"
"bolañego, ga","5mZ776L"
"bolaño","5mZeL2g"
"bolar","5maNX65"
"bolardo","5mcTFHU"
"bolaspa","5mcb0kS"
"bolazo","5mf8Pru"
"bolchaca","5mgtmPj"
"bolchevique","5mjKm24"
"bolo","5oPl81T"
"bola","5mIvKnQ"
"bolacero, ra","5mLOoYO"
"bolacha","5mLYSxt"
"bolada","5mNkHY3"
"bolado","5mNnT7y"
"bolaga","5mOCk5a"
"bolagar","5mTDLb8"
"bolandista","5mY08yC"
"bolañego, ga","5mZ776L"
"bolaño","5mZeL2g"
"bolar","5maNX65"
"bolardo","5mcTFHU"
"bolaspa","5mcb0kS"
"bolazo","5mf8Pru"
"bolo","5oPl81T"
"bolchaca","5mgtmPj"
"bolchevique","5mjKm24"
"bolcheviquismo","5mktP3p"
"bolchevismo","5mo7UgB"
"boldina","5ms5yo0"
"boldo","5msnTpN"
"boleada","5mtSfJB"
"boleadora","5mtbPnp"
"bolear","5mtl8dl"
"bolear","5mv48DH"
"bolencia","5n0gzvb"
"boleo","5n2r7JB"
"bolera","5n4fse4"
"bolera","5n7Oowk"
"bolerista","5n8UYlp"
"bolero, ra","5n9y5kS"
"boleta","5nCCUfx"
"boletear","5nHbNsn"
"boletear","5nI2XCK"
"boleteo","5nIHdtO"
"boletería","5nJCgmK"
"boletero","5nKDGzY"
"boletero","5nKL9Zy"
"boletín","5nKM7b7"
"boletinar","5nLCbL4"
"boleto","5nMOf2Q"
"boleada","5mtSfJB"
"boleadora","5mtbPnp"
"bolear","5mtl8dl"
"bolear","5mv48DH"
"bolencia","5n0gzvb"
"boleo","5n2r7JB"
"bolera","5n4fse4"
"bolera","5n7Oowk"
"bolerista","5n8UYlp"
"bolero, ra","5n9y5kS"
"boleta","5nCCUfx"
"boletear","5nHbNsn"
"boletear","5nI2XCK"
"boleteo","5nIHdtO"
"boletería","5nJCgmK"
"boletero","5nKDGzY"
"boletero","5nKL9Zy"
"boletín","5nKM7b7"
"boletinar","5nLCbL4"
"boleto","5nMOf2Q"
"boleto","5nMryfw"
"boletus","5nOUwew"
"boli","5nP8avZ"
"boliaco","5nPrqgp"
"bolichada","5nSJVMG"
"boliche","5nSSUfd"
"boliche","5nTY4nT"
"bolichear","5nUtsqW"
"bolicheo","5nYtGwk"
"bolichero","5nbfTlz"
"bolichero","5nbprF5"
"bolicho","5ndErVX"
"bolihoyo","5niDavg"
"bolilla","5nkNlqm"
"bolillero","5nlJ74Y"
"bolillo","5noLNPT"
"bolina","5ntZIaO"
"bolincha","5nuHwWC"
"bolinche","5nwweza"
"bolindre","5nxpLFd"
"bolineador, ra","5nzYhDA"
"bolinear","5o17oLG"
"boliaco","5nPrqgp"
"bolichada","5nSJVMG"
"boliche","5nSSUfd"
"boliche","5nTY4nT"
"bolichear","5nUtsqW"
"bolicheo","5nYtGwk"
"bolichero","5nbfTlz"
"bolichero","5nbprF5"
"bolicho","5ndErVX"
"bolihoyo","5niDavg"
"bolilla","5nkNlqm"
"bolillero","5nlJ74Y"
"bolillo","5noLNPT"
"bolina","5ntZIaO"
"bolincha","5nuHwWC"
"bolinche","5nwweza"
"bolindre","5nxpLFd"
"bolineador, ra","5nzYhDA"
"bolinear","5o17oLG"
"bolinero, ra","5o2n29H"
"bolisa","5o4Hvzt"
"bolista","5o4LuUk"
"bolita","5o5st0b"
"bolivarense","5o7Nhbq"
"bolivariano, na","5o8HsHm"
"bolivianidad","5o8kXlQ"
"bolivianismo","5oEP7JD"
"boliviano, na","5oESLbe"
"bolígrafo","5nfscMk"
"bolín","5npFBXG"
"bolívar","5o7HlcN"
"bolla","5oGTfd6"
"bolladura","5oGoMgP"
"bollar","5oH3B3v"
"bollar","5oHAs6a"
"bollecer","5oHL0OR"
"bollén","5oIQWdk"
"bollería","5oIWJX5"
"bollero, ra","5oJdmcb"
"bolliciar","5oKnT1V"
"bollicio","5oLON0Z"
"bollir","5oLxyIM"
"bollo","5oMdG20"
"bollón","5oNVeiK"
"bollonado, da","5oNy1gY"
"bolo","5oOnhdF"
"bolo","5oOqc9g"
"bolo","5oPbAez"
"bolo","5oPl81T"
"bololo, la","5oSS6Ux"
"bolonio","5oW93Ko"
"boloñés, sa","5ocp8pw"
"bolón","5oTVTE5"
"bolsa","5offwNC"
"bolsa","5oiUDdr"
"bolsada","5oknehH"
"bolsas","5onajE8"
"bolseada","5oputna"
"bolseador, ra","5osJ3sG"
"bolsear","5ou8YnE"
"bolsera","5ow24f8"
"bolsería","5ox1dXs"
"bolsero, ra","5oxDJsU"
"bolsico","5oxqUai"
"bolsillo","5oyA290"
"bolsín","5ozDRWg"
"bolsiquear","5p14hda"
"bolsista","5p2WX07"
"bolsista","5p3xfxP"
"bolso","5pA11TD"
"bolsón","5pAamhJ"
"bolsor","5pCw6FX"
"bolsa","5offwNC"
"bolsa","5oiUDdr"
"bolsada","5oknehH"
"bolsas","5onajE8"
"bolseada","5oputna"
"bolseador, ra","5osJ3sG"
"bolsear","5ou8YnE"
"bolsera","5ow24f8"
"bolsería","5ox1dXs"
"bolsero, ra","5oxDJsU"
"bolsico","5oxqUai"
"bolsillo","5oyA290"
"bolsiquear","5p14hda"
"bolsista","5p2WX07"
"bolsista","5p3xfxP"
"bolsín","5ozDRWg"
"bolso","5pA11TD"
"bolsor","5pCw6FX"
"bolsón","5pAamhJ"
"boludear","5pE4Mz1"
"boludencia","5pFKVSH"
"boludez","5pGyH63"
"boludo, da","5pIEPpY"
"bomba","5pINrRS"
"bombacáceo, a","5pIdA5x"
"bombáceo, a","5pKUuQV"
"bombacha","5pLxsb0"
"bombacho","5pMFFVU"
"bombarda","5pMNJop"
"bombardear","5pP1EP6"
"bombardeo","5pPAKT1"
"bombardero, ra","5pQOuBd"
"bombardinista","5pQVrTt"
"bombardino","5pQhnfX"
"bombardón","5pSbYQN"
"bombasí","5pTZnSV"
"bombástico, ca","5pUv0Og"
"bombazo","5pXnUt3"
"bombé","5pYBXvy"
"bombo, ba","5prGcPu"
"bon, na","5qJMQZv"
"Bona","5qKuB8y"
"bonachón, na","5qQrg5W"
"bonachonería","5qQsObu"
"bonaense","5qSEzyC"
"bonaerense","5qVBjS8"
"bonal","5qVn9ue"
"bonancible","5qVpv57"
"bonanza","5qW9mKz"
"bonanzoso, sa","5qYAe9Q"
"bonapartismo","5qYDscR"
"bonapartista","5qYSHr1"
"bonasí","5qYlVLS"
"bonaventuriano, na","5qZR6iL"
"bondad","5qZYqEv"
"bondadoso, sa","5qbMDwc"
"bono, na","5raHxcs"
"boñiga","5rxCfWW"
"boñigar","5rxqR58"
"boñigo","5ryEcnQ"
"boñiguero","5s1Mzae"
"boom","5s2Tuh3"
"boque","5s3KQzE"
"boqueada","5s4KciL"
"boquear","5s5w6AR"
"boquera","5s7lHKA"
"boqueras","5s7xnzs"
"boquerel","5sA3nkQ"
"boquerón","5sAXpit"
"boqueronense","5sBaAXl"
"boqueta","5sGPgr2"
"boquete","5sHAQMs"
"boquetero","5sHW7K8"
"boqui","5sLAfiN"
"boquiabierto, ta","5sLHdXj"
"boquiancho, cha","5sNQFEO"
"boquiangosto, ta","5sNm2n3"
"boquiblando, da","5sNri37"
"boratero, ra","5t1JwOm"
"borato","5t3T41R"
"borbolla","5t59Vkm"
"borbollar","5t5fUHn"
"borbollear","5t5xZLe"
"borbolleo","5tA60MQ"
"borbollón","5tAQo6S"
"borbollonear","5tBgIMl"
"borbónico, ca","5tDSJcJ"
"borbor","5tFUkHW"
"borborigmo","5tI0QMr"
"borboritar","5tIMv9V"
"borborito","5tKof7X"
"borbotar","5tMpVge"
"borbotear","5tN4zzR"
"borboteo","5tQAsUA"
"borbotón","5tWNRQW"
"borceguí","5tYAWpM"
"boratero, ra","5t1JwOm"
"borato","5t3T41R"
"borbolla","5t59Vkm"
"borbollar","5t5fUHn"
"borbollear","5t5xZLe"
"borbolleo","5tA60MQ"
"borbollón","5tAQo6S"
"borbollonear","5tBgIMl"
"borbónico, ca","5tDSJcJ"
"borbor","5tFUkHW"
"borborigmo","5tI0QMr"
"borboritar","5tIMv9V"
"borborito","5tKof7X"
"borbotar","5tMpVge"
"borbotear","5tN4zzR"
"borboteo","5tQAsUA"
"borbotón","5tWNRQW"
"borceguí","5tYAWpM"
"borceguinería","5tYwcrY"
"borceguinero, ra","5tZ4o7x"
"borcelano, na","5tZsySt"
"borcellar","5tbr7eQ"
"borda","5tdimnk"
"borda","5tfSssJ"
"bordada","5tflFTU"
"bordada","5tgCvKz"
"bordadillo","5tgJibB"
"bordado","5tpBIoh"
"bordador, ra","5tpjduW"
"bordadura","5tpvUvl"
"bordar","5tqZIhO"
"borde","5tr9JXy"
"borde","5ttaiVn"
"bordear","5twUttH"
"bordelés, sa","5txfkSH"
"bordería","5tyqpf4"
"bordillo","5tzgoEp"
"bordiona","5u1FwYz"
"bordo","5u1rdQ1"
"bordón","5u1w8mt"
"bordona","5u2cUsO"
"bordoncillo","5u4gYNi"
"borda","5tdimnk"
"borda","5tfSssJ"
"bordada","5tflFTU"
"bordada","5tgCvKz"
"bordadillo","5tgJibB"
"bordado","5tpBIoh"
"bordador, ra","5tpjduW"
"bordadura","5tpvUvl"
"bordar","5tqZIhO"
"borde","5tr9JXy"
"borde","5ttaiVn"
"bordear","5twUttH"
"bordelés, sa","5txfkSH"
"bordería","5tyqpf4"
"bordillo","5tzgoEp"
"bordiona","5u1FwYz"
"bordo","5u1rdQ1"
"bordona","5u2cUsO"
"bordoncillo","5u4gYNi"
"bordonear","5u7lDKq"
"bordoneo","5u9g2oq"
"bordonero, ra","5uCJtoH"
"bordón","5u1w8mt"
"bordura","5uEY1zk"
"boreal","5uFLEnu"
"borgeano, na","5uJlM32"
"borgiano, na","5uMBxNL"
"borgoña","5uMpzVs"
"borgoñés, sa","5uPEPTE"
"borgoñón, na","5uPcMnL"
"borgoñota","5uPuYDA"
"borguil","5uSRQTu"
"boria","5uSSkZ4"
"boricado, da","5uVDVrQ"
"boricua","5uXzfiE"
"borincano, na","5uYbgMM"
"borinqueño, ña","5uagtzF"
"borla","5ufyU90"
"borlilla","5ugZVS9"
"borlón","5ugsFnk"
"borlote","5uhJUeC"
"borlotero, ra","5uhhAHE"
"borna","5uitPeW"
"borne","5ujcwPp"
"borne","5ulDhyZ"
"borne","5ulqAO8"
"borneadizo, za","5uqDNAS"
"borneadura","5uuoKBo"
"bornear","5uuxIg4"
"bornear","5uyx3SR"
"borneo","5uzBBvL"
"borneo","5v1KSST"
"bornero, ra","5v2RDW4"
"borní","5v2ckHZ"
"bornizo","5v34eNR"
"boro","5v48MX3"
"borona","5v6BSwU"
"borondanga","5v6Hu88"
"boronero","5v6NgcX"
"boronía","5v7pKAB"
"borra","5vAxF84"
"borra","5vCOMZT"
"borrachada","5vJgANO"
"borrachales","5vKA5SF"
"borrachear","5vME0a2"
"borrachera","5vMThOM"
"borrachería","5vNdWFG"
"borrachero","5vO0AuQ"
"borrachez","5vRSXti"
"borrachín, na","5vTtBQJ"
"borracho, cha","5vUhcNU"
"borrachómetro","5vVW7Kb"
"borrachuela","5vWPflN"
"borrachuzo, za","5vXjuIf"
"borrado, da","5vYNAN7"
"borrador, ra","5vYV3Ie"
"borro, rra","5wG9K0J"
"bortal","5wTX2yQ"
"borto","5wTv0NC"
"boruca","5wXL45g"
"boruca","5wXtKW0"
"boruga","5wZXcK9"
"borujo","5wb2KjN"
"borujón","5wbUAyq"
"borundés, sa","5wdv8XN"
"boruquiento, ta","5wfSwQi"
"boruro","5wgnxJd"
"borusca","5wk2QWz"
"bosadilla","5wmtSFe"
"bosar","5wo9WWR"
"boscaje","5wrT6h0"
"boscoso, sa","5wwAlmC"
"boshito, ta","5x5tpwR"
"bosniaco, ca","5x6WslB"
"bosnio, nia","5x8SC91"
"bosón","5x8Wtm0"
"bosque","5xAxQKq"
"bosquejar","5xGOkXO"
"bosquejo","5xN94f7"
"bosquete","5xNYn9b"
"bosquimán, na","5xRCuuL"
"bosquimano, na","5xWTlwZ"
"bot","5xrFQKi"
"bota","5xtSA0h"
"bota","5xuY3CS"
"botadero","5xvHNMI"
"botado, da","5xvMG3t"
"botador, ra","5xvfHmd"
"botadura","5xvkbza"
"botafuego","5xyyBnM"
"botafumeiro","5xzUyzj"
"botagua","5y0vD56"
"botagueña","5y1SPgf"
"botaina","5y1e7iH"
"botalomo","5y45Wps"
"botalón","5y4fVEf"
"botamanga","5y4gTXW"
"botamay","5y53RkG"
"botamen","5y6dgdX"
"botana","5y7GsB7"
"botanear","5y8zVhX"
"boto","5zjDEs8"
"bota","5xtSA0h"
"bota","5xuY3CS"
"botadero","5xvHNMI"
"botado, da","5xvMG3t"
"botador, ra","5xvfHmd"
"botadura","5xvkbza"
"botafuego","5xyyBnM"
"botafumeiro","5xzUyzj"
"botagua","5y0vD56"
"botagueña","5y1SPgf"
"botaina","5y1e7iH"
"botalomo","5y45Wps"
"botalón","5y4fVEf"
"botamanga","5y4gTXW"
"botamay","5y53RkG"
"botamen","5y6dgdX"
"botana","5y7GsB7"
"botanear","5y8zVhX"
"botanista","5yEzGin"
"boto","5zjDEs8"
"botadero","5xvHNMI"
"botado, da","5xvMG3t"
"botador, ra","5xvfHmd"
"botadura","5xvkbza"
"botafuego","5xyyBnM"
"botafumeiro","5xzUyzj"
"botagua","5y0vD56"
"botagueña","5y1SPgf"
"botaina","5y1e7iH"
"botalomo","5y45Wps"
"botalón","5y4fVEf"
"botamanga","5y4gTXW"
"botamay","5y53RkG"
"botamen","5y6dgdX"
"botana","5y7GsB7"
"botanear","5y8zVhX"
"botanista","5yEzGin"
"botar","5yH2JRv"
"botarata","5yHuTgQ"
"botaratada","5yIs36h"
"botarate","5yN7QBJ"
"botarel","5yOXS9N"
"botarete","5yOgdK7"
"botarga","5yRR13U"
"botasilla","5yShPv0"
"botavante","5yY6aAZ"
"botavara","5yYRCek"
"botánicamente","5yDg5ak"
"botánico, ca","5yEBpyu"
"bote","5yatllK"
"bote","5yboas9"
"bote","5yc2i2E"
"bote","5ycMwec"
"bote","5ycy6L2"
"bote","5yg7rxF"
"boteal","5ygCG0j"
"botear","5yhYZGJ"
"botecario","5yha4Wu"
"boteja","5yiVfO6"
"botella","5yiuECX"
"botellazo","5yp4AqR"
"botellero, ra","5yqnDFQ"
"botellín","5yvxkyx"
"botellita","5yy6TFX"
"botellón","5yyclWX"
"botería","5yzxlKB"
"botero","5z26xMK"
"botero","5z42Yyj"
"botero","5z4f9AC"
"boteal","5ygCG0j"
"botear","5yhYZGJ"
"botecario","5yha4Wu"
"boteja","5yiVfO6"
"botella","5yiuECX"
"botellazo","5yp4AqR"
"botellero, ra","5yqnDFQ"
"botellín","5yvxkyx"
"botellita","5yy6TFX"
"botellón","5yyclWX"
"botería","5yzxlKB"
"botero","5z26xMK"
"botero","5z42Yyj"
"botero","5z4f9AC"
"botica","5z4wYOa"
"botica","5z5j8O7"
"boticaje","5z7cWRX"
"boticario, ria","5z9VGRk"
"botifarra","5zA1Rvf"
"botiga","5zB1k8A"
"botiguero, ra","5zBmS6V"
"botija","5zCKr3H"
"botijero, ra","5zDds0d"
"botijo","5zESV9z"
"botijón, na","5zEjwNM"
"botijuela","5zF1gNr"
"botilla","5zHVsJC"
"botiller","5zJFMic"
"botillería","5zMOBwt"
"botillero","5zP5Vbk"
"botillo","5zQeb7L"
"botillo","5zSXUpK"
"botica","5z4wYOa"
"botica","5z5j8O7"
"boticaje","5z7cWRX"
"boticario, ria","5z9VGRk"
"botifarra","5zA1Rvf"
"botiga","5zB1k8A"
"botiguero, ra","5zBmS6V"
"botija","5zCKr3H"
"botijero, ra","5zDds0d"
"botijo","5zESV9z"
"botijón, na","5zEjwNM"
"botijuela","5zF1gNr"
"botilla","5zHVsJC"
"botiller","5zJFMic"
"botillería","5zMOBwt"
"botillero","5zP5Vbk"
"botillo","5zQeb7L"
"botillo","5zSXUpK"
"botina","5zUACZM"
"botinería","5zWMhSU"
"botinero","5zaRgeT"
"botinero","5zaRm2W"
"botiondo, da","5zbvkJ7"
"botiquería","5zcWaJX"
"botiquín","5zgiSh0"
"botito","5zi09Nl"
"botivoleo","5ziG4rY"
"botín","5zTsusZ"
"botín","5zTy6cn"
"boto","5ziiNrY"
"boto","5zj9Xiw"
"boto","5zjDEs8"
"botocudo, da","5zjuNLH"
"botón, na","5zk0lxd"
"botonadura","5zl8420"
"botonazo, za","5zlc2Kl"
"botoncillo","5zliahn"
"botonear","5zmuFmv"
"botonería","5znRmou"
"botonero, ra","5zpRcmE"
"botones","5zsZgf2"
"botor","5zsvMD4"
"botoral","5zuqgxb"
"botoso, sa","5zuw1LN"
"bototo","5zxLk6g"
"botón, na","5zk0lxd"
"botrino","6011Ct9"
"botritis","601MBaN"
"botsuano, na","601jAMd"
"botín","5zTsusZ"
"botín","5zTy6cn"
"boto","5ziiNrY"
"boto","5zj9Xiw"
"boto","5zjDEs8"
"botocudo, da","5zjuNLH"
"botón, na","5zk0lxd"
"botonadura","5zl8420"
"botonazo, za","5zlc2Kl"
"botoncillo","5zliahn"
"botonear","5zmuFmv"
"botonería","5znRmou"
"botonero, ra","5zpRcmE"
"botones","5zsZgf2"
"botor","5zsvMD4"
"botoral","5zuqgxb"
"botoso, sa","5zuw1LN"
"bototo","5zxLk6g"
"botón, na","5zk0lxd"
"botrino","6011Ct9"
"botritis","601MBaN"
"botsuano, na","601jAMd"
"botulínico, ca","601kT4X"
"botulismo","602dgtL"
"botuto","6035vtM"
"bou","603lUyF"
"boudoir","605tOpg"
"bourbon","608PIg0"
"boutade","608PcWq"
"boutique","608tuXd"
"bovaje","60Csmwn"
"bovático","60DKjAY"
"bovedilla","60IeVX7"
"bovino, na","60KVyKV"
"box","60KtpAI"
"box","60Lw5rQ"
"boxeador, ra","60NYZFX"
"boxear","60OomD2"
"boxeo","60QCG79"
"boxístico, ca","60V0YdG"
"boxito, ta","60VZbGv"
"boy","60abwsK"
"boy scout","60yZcUs"
"boya","60bv5Dn"
"boya","60dVT1I"
"boyacense","60drzyW"
"boyada","60fSqdC"
"boyal","60gh07A"
"boyante","60k13M1"
"boyante","60kW2pT"
"boyar","60oYvy4"
"boyarda","60pL7Fw"
"boyardo","60pkl18"
"boyarín","60qTLxm"
"boyerizo, za","60uTUWh"
"boyero, ra","60uUq3L"
"boyuno, na","611YuOv"
"boza","611egqR"
"bozal","614JuHK"
"bozalear","614fTb8"
"bozalejo","616SVZw"
"bozalillo","61AVKD2"
"bozo","61BN4HW"
"bozón","61DGHRh"
"bozorola","61EIA7Z"
"bóbilis","5i0M43r"
"bóer","5kfMnsk"
"bófeta","5kniicj"
"bólido","5nf0N21"
"bómper","5qIojQh"
"bórax","5t3lEK6"
"bóreas","5uHTUcX"
"bóreo","5uIJF0F"
"bórico","5uVHVA4"
"bótox","5zy8KeV"
"bóveda","60H3afR"
"bóvido, da","60JGnKt"
"bóxer","60UqBRq"
"bóxer","60UrMr8"
"brabante","61En7P8"
"brabántico","61FPHsC"
"brabanzón, na","61GA9jt"
"bracamarte","61GEcmH"
"bracarense","61GZ76k"
"braceada","61GtvL4"
"braceador, ra","61HOpUP"
"braceaje","61Ib3Kw"
"braceaje","61NasUD"
"bracear","61PXMZ4"
"bracear","61QlMJD"
"braceo","61TZBq5"
"braceo","61U7eju"
"braceral","61UCRZN"
"bracero, ra","61UEHcv"
"bracete","61VkTKa"
"bracil","61YUW1s"
"bracillo","61ZXqF3"
"bracista","61c6jFA"
"bracket","61e7ZFT"
"brabante","61En7P8"
"brabántico","61FPHsC"
"brabanzón, na","61GA9jt"
"bracamarte","61GEcmH"
"bracarense","61GZ76k"
"braceada","61GtvL4"
"braceador, ra","61HOpUP"
"braceaje","61Ib3Kw"
"braceaje","61NasUD"
"bracear","61PXMZ4"
"bracear","61QlMJD"
"braceo","61TZBq5"
"braceo","61U7eju"
"braceral","61UCRZN"
"bracero, ra","61UEHcv"
"bracete","61VkTKa"
"bracil","61YUW1s"
"bracillo","61ZXqF3"
"bracista","61c6jFA"
"bracket","61e7ZFT"
"brabante","61En7P8"
"brabántico","61FPHsC"
"brabanzón, na","61GA9jt"
"bracamarte","61GEcmH"
"bracarense","61GZ76k"
"braceada","61GtvL4"
"braceador, ra","61HOpUP"
"braceaje","61Ib3Kw"
"braceaje","61NasUD"
"bracear","61PXMZ4"
"bracear","61QlMJD"
"braceo","61TZBq5"
"braceo","61U7eju"
"braceral","61UCRZN"
"bracero, ra","61UEHcv"
"bracete","61VkTKa"
"bracil","61YUW1s"
"bracillo","61ZXqF3"
"bracista","61c6jFA"
"bracket","61e7ZFT"
"bracmán","61gDIEh"
"braco, ca","61gdcnP"
"bractéola","61jfBs9"
"bracamarte","61GEcmH"
"bracarense","61GZ76k"
"braco, ca","61gdcnP"
"braceada","61GtvL4"
"braceador, ra","61HOpUP"
"braceaje","61Ib3Kw"
"braceaje","61NasUD"
"bracear","61PXMZ4"
"bracear","61QlMJD"
"braceo","61TZBq5"
"braceo","61U7eju"
"braceral","61UCRZN"
"bracero, ra","61UEHcv"
"bracete","61VkTKa"
"bracil","61YUW1s"
"bracillo","61ZXqF3"
"bracista","61c6jFA"
"bracket","61e7ZFT"
"bracmán","61gDIEh"
"braco, ca","61gdcnP"
"bractéola","61jfBs9"
"bradi-","61lMg8i"
"bradicardia","61mSth3"
"bradilalia","61o9dcb"
"bradipepsia","61ou3ZN"
"bradita","61qrbCk"
"brafonera","61rW1xY"
"braga","61xXPis"
"braga","61zcRk6"
"bragada","623coGV"
"bragado, da","624FqDr"
"bragadura","627xvjG"
"bragazas","629YN1U"
"braguero","62CSkD9"
"bragueta","62E0ZEr"
"braguetazo","62EB9c9"
"braguetero","62EX9Wl"
"brahmán","62FmG8I"
"brahmánico, ca","62IopJP"
"brahmanismo","62MCaJL"
"brahmín","62MERNX"
"brahón","62OVPe6"
"braille","62OaE2Z"
"brama","62PSVOV"
"bramadera","62PY3Nw"
"bramadero","62UETou"
"bramador, ra","62W2WcI"
"bramante","62WR1Ij"
"bramar","62YvCuE"
"bramido","62ZDzaB"
"bramona","62aMfFI"
"bramuras","62cy7yE"
"bran","62d6iN5"
"branca","62fcHAH"
"brancada","62iOAlc"
"brancal","62ikjYw"
"brandada","62lwGcE"
"brandal","62mknTg"
"brandi","62mnWu8"
"brandy","62pu1ed"
"branque","62sKRoI"
"branquia","62vFF6I"
"branquial","62wWHI7"
"branquífero, ra","62zt54Z"
"branquiuro","632zvKV"
"branza","634in3d"
"braña","635fojP"
"braquiación","638lpWh"
"braquiador, ra","63AA7Db"
"braquial","63CcKnH"
"braquiar","63DpZf1"
"braquicefalia","63E7uRK"
"braquicéfalo, la","63J17dr"
"braquícero","63J91Li"
"braquigrafía","63LSqjJ"
"braquilogía","63NKXDu"
"braquiocefálico, ca","63NxJZS"
"braquiópodo","63O4tIN"
"braquiuro","63O9OEG"
"brasa","63Q0JAA"
"brasca","63QsD8K"
"brasear","63RmFWU"
"brasero","63SGZSW"
"brasier","63VR6y8"
"brasil","63WCL5m"
"Brasil","63Zi6EZ"
"brasilado, da","63a7zWO"
"brasileño, ña","63fBkXd"
"brasilero, ra","63fLXVg"
"brasilete","63ghgTU"
"brassavola","63h5zNs"
"brava","63hkP6q"
"bravamente","63hpTxa"
"bravata","63iZPBP"
"bravato, ta","63j3jGi"
"braveador, ra","63jfDmR"
"bravear","63kTh67"
"bravera","63kxnHY"
"bravería","63mke4O"
"braveza","63moE91"
"bravío, a","63nWGzn"
"bravo, va","63pF2Fd"
"bravocear","63qi33w"
"bravonel","63rxWVU"
"bravosía","63tSZiM"
"bravosidad","63tfJjS"
"bravoso, sa","63yohOk"
"bravote","63zDk59"
"braza","64E4U1m"
"brazada","64H8F9O"
"brazado","64HjtaX"
"brazaje","64HvQ4W"
"brazaje","64K4QVl"
"brazal","64L1pEX"
"brazalete","64QmJ84"
"braznar","64Ryevy"
"brazo","64TRGlB"
"brazola","64TTPzt"
"brazolargo","64WlC1G"
"brazuelo","64XdWVp"
"bráctea","61hfxul"
"brea","64ZHQN6"
"break dance","64d6bmv"
"break","64ZloGh"
"break","64ZtOVW"
"brear","64gO4IR"
"brear","64gUkPI"
"brebaje","64hOTBy"
"brebajo","64iHj1y"
"breca","64j1ED6"
"brecha","64kKZNl"
"brecha","64ljBqc"
"brechero","64luduE"
"brechtiano, na","64nBw3w"
"breco, ca","64oSwzs"
"brecolera","64tl8Yv"
"brega","64ubjJo"
"bregadura","64v69lS"
"bregar","64vcVxZ"
"breguero, ra","64wn3Ex"
"brejeta","64wnHul"
"brea","64ZHQN6"
"break dance","64d6bmv"
"break","64ZloGh"
"break","64ZtOVW"
"brear","64gO4IR"
"brear","64gUkPI"
"brebaje","64hOTBy"
"brebajo","64iHj1y"
"breca","64j1ED6"
"brecha","64kKZNl"
"brecha","64ljBqc"
"brechero","64luduE"
"brechtiano, na","64nBw3w"
"breco, ca","64oSwzs"
"brecolera","64tl8Yv"
"brega","64ubjJo"
"bregadura","64v69lS"
"bregar","64vcVxZ"
"breguero, ra","64wn3Ex"
"brejeta","64wnHul"
"bren","64xB8FW"
"brenca","64xc6nO"
"brenca","64yv9U1"
"brent","64ywA5Q"
"breña","64zCJkv"
"breñal","6519HVY"
"breñar","651uITk"
"breñoso, sa","653PjNp"
"breque","654pJJg"
"breque","657SfTt"
"brequear","657T4Vm"
"brequero","658FOYe"
"bresca","659AiEG"
"brescar","65Bbar4"
"bretador","65E3M0o"
"bretaña","65FKwPb"
"brete","65GLG75"
"brete","65GxA4v"
"breteador, ra","65HvR6D"
"bretear","65I46ix"
"bretel","65Jr9Dc"
"bretón","65Ka5sX"
"bretón","65LgzTT"
"bretoniano, na","65MriXC"
"bretónica","65NxSiI"
"breva","65O598P"
"breval","65OHL4M"
"breve","65PRGOf"
"brevedad","65Pw5Ye"
"brevemente","65QSKPp"
"brevera","65SOE6t"
"brevete","65SpJhh"
"breviario","65VCqYQ"
"brezal","65VHYl9"
"brezar","65c8ATz"
"brezo","65cT3Mx"
"brezo","65fHZtt"
"brécol","64sKNmM"
"briago, ga","65ik8iL"
"brial","65j46kk"
"briba","65kahol"
"bribar","65l8PEo"
"bribia","65lVaIG"
"bribiático, ca","65lzdSc"
"bribión","65nG5VC"
"bribón, na","65ncsn5"
"bribonada","65oD30N"
"bribonear","65oNWrz"
"bribonería","65oowCV"
"bribonesco, ca","65qXMOl"
"bribri","65wRpG6"
"bricbarca","65ys8My"
"bricho","65zFrwr"
"brío","672nRvF"
"bríos","678eC06"
"brístol","67XOZWb"
"broa","67iVoZJ"
"broa","67l6G1g"
"broca","67l9QhF"
"brocadillo","67lnsFr"
"brocado, da","67sdgth"
"brocadura","67xWUXv"
"brocal","67ySADz"
"brocalado, da","67z4bBr"
"brocamantón","6807IMx"
"brocárdico","682wqrJ"
"brocardo","684J8Gc"
"brocatel","685S1wN"
"brocearse","687hraM"
"brocense","688dhU5"
"broceo","689hmmv"
"brocha","689vyII"
"brocha","68BBWr6"
"brochada","68BrLPy"
"brochado, da","68EAzyx"
"brocho, cha","68NJQ1h"
"broa","67iVoZJ"
"broa","67l6G1g"
"broca","67l9QhF"
"brocadillo","67lnsFr"
"brocado, da","67sdgth"
"brocadura","67xWUXv"
"brocal","67ySADz"
"brocalado, da","67z4bBr"
"brocamantón","6807IMx"
"brocárdico","682wqrJ"
"brocardo","684J8Gc"
"brocatel","685S1wN"
"brocearse","687hraM"
"brocense","688dhU5"
"broceo","689hmmv"
"brocha","689vyII"
"brocha","68BBWr6"
"brochada","68BrLPy"
"brochado, da","68EAzyx"
"brochadura","68Em6hT"
"brochal","68FUg7p"
"brocho, cha","68NJQ1h"
"broca","67l9QhF"
"brocadillo","67lnsFr"
"brocado, da","67sdgth"
"brocadura","67xWUXv"
"brocal","67ySADz"
"brocalado, da","67z4bBr"
"brocamantón","6807IMx"
"brocardo","684J8Gc"
"brocatel","685S1wN"
"brocárdico","682wqrJ"
"brocearse","687hraM"
"brocense","688dhU5"
"broceo","689hmmv"
"brocha","689vyII"
"brocha","68BBWr6"
"brochada","68BrLPy"
"brochado, da","68EAzyx"
"brochadura","68Em6hT"
"brochal","68FUg7p"
"brochazo","68HJkf0"
"broche","68Jt8MC"
"brocheta","68KLHPY"
"brocho, cha","68NJQ1h"
"brochón","68Py0cc"
"brochón","68Y3UVM"
"brochure","68Y8cVN"
"brocino","68YEqVl"
"brodio","68aVPSo"
"brodista","68ackcX"
"brollador, ra","68dNybW"
"brollar","68dlfO9"
"brollo","68ga6aD"
"broma","68hKX8j"
"broma","68iPMy4"
"bromar","68jcEjN"
"bromatología","68l2slp"
"bromatológico, ca","68m3XCq"
"bromatólogo, ga","68n8Y8F"
"bromazo","68o3BIF"
"bromear","68oMBBQ"
"bromeliáceo, a","68u7ysm"
"bromista","68vdugJ"
"bromo","68xMxOJ"
"bromo","692DvoY"
"bromoso, sa","694Ay1e"
"bromuro","697UUeC"
"bronce","699OdVe"
"bronceado, da","69AQUBP"
"bronceador, ra","69AsTHs"
"bronceadura","69ECVJU"
"broncear","69FvXaV"
"broncería","69G8rJ6"
"broncha","69Gxjla"
"broncíneo, a","69IR7UR"
"broncista","69KVdia"
"bronco, ca","69LnJZx"
"broncodilatador, ra","69P9pn1"
"bronconeumonía","69QR0vP"
"broncopulmonar","69UA09T"
"broncorragia","69UOvhe"
"broncorrea","69VK8Xa"
"broquel","69wjs02"
"broquelazo","69x9d0t"
"broquelero","69xGgsk"
"broquelillo","69yqw0P"
"broqueta","69z5iYk"
"brosla","69zk3Jz"
"broslador","6A0gjOi"
"brosladura","6A2bAgs"
"broslar","6A8GSKs"
"brosquil","6A9Tb9N"
"brota","6ACCO2F"
"brotación","6ADFFP5"
"brotado, da","6ADOC8Z"
"brotadura","6AEPFWh"
"brotar","6AHl62C"
"brote","6AIcdVj"
"broto","6AKpa5V"
"brotón","6APKTFx"
"broza","6ARWQhO"
"brozador","6AUIYgc"
"brozar","6AUylem"
"broznedad","6AVR1mr"
"brozno, na","6AZZ26Y"
"brozoso, sa","6AZutzZ"
"brócol","68YaZUg"
"brócoli","68YfBfC"
"brócul","68ZI8es"
"bróculi","68ZtZqB"
"bróker","68dFsOa"
"bróquil","69zNjaL"
"brótano","6AHWrBW"
"brótola","6ANS1vM"
"brucelosis","6AZvvn5"
"brucero","6AfJuSk"
"bruces","6Agxo3K"
"brucita","6AjmIhM"
"brugo","6AlJc3N"
"brujeador","6AmEFcD"
"brujear","6AmIpAJ"
"brujería","6AoDGa5"
"brujeril","6Aq1B6m"
"brujero, ra","6ArbQYq"
"brujesco, ca","6AxJkWc"
"brujez","6AyOAYR"
"brujidor","6AzpKg3"
"brujilla","6B19LpE"
"brujir","6B5aZOy"
"brujo, ja","6B6n5sS"
"brujul","6B6pDWP"
"brújula","6B70B7K"
"boya","60dVT1I"
"bu","6CZPOjQ"
"buaro","6CazzMj"
"buba","6Cbb6IV"
"bubango","6Cc9GWZ"
"bubático, ca","6CcC5iQ"
"bubi","6Cd3PJe"
"bubón","6Cdc9wn"
"bubónico, ca","6Cdn1cM"
"buboso, sa","6Ce8Rdw"
"bubucha","6CfPwrP"
"bubulín","6Cfeg8z"
"bucal","6ChDtFG"
"bucanero, ra","6Chkw3j"
"bucaral","6CjYoo1"
"bucardo","6Cmncqx"
"búa","6CZZQbt"
"búbalo, la","6Cc7XFb"
"bucare","6Cn3RXS"
"búcaro","6CofDR4"
"búcaro","6Cp6FVC"
"búdico, ca","6E2u4qJ"
"bue","6EAJ5UA"
"búfalo, la","6EsjHcn"
"búfano, na","6EwlUlo"
"búho","6G2XegZ"
"búlgaro, ra","6GtZvWk"
"búlico, ca","6H1PcMQ"
"bumerán","6I1lgBT"
"búnker","6I7XYVS"
"búsqueda","6LfAkZb"
"bypass","6MoAsrd"
"byroniano, na","6MoJtse"
"byte","6MofNvJ"
"c","6MolVcO"
"ca","6MvUeqe"
"ca","6MwsT6o"
"caacupeño, ña","6MwvIiu"
"caaguaceño, ña","6N0RO5B"
"caaminí","6N1ceJ0"
"caazapeño, ña","6N86T9P"
"cabadura","6NAR5w5"
"cabal","6NCxRsg"
"cábala","6NE00cq"
"cabalar","6NGa45l"
"cabalero, ra","6NJtFnV"
"cabalgada","6NMlzgG"
"cabalgador, ra","6NN5Lp7"
"cabalgadura","6NN5Spg"
"d","Bo5qWDy"
"da capo","Bo9sjBQ"
"dable","Bo61Jlg"
"daca","Bo6kKPp"
"dacá","Bo7btmK"
"dacha","BoBXTPl"
"dacio","BoDeO91"
"dacio","BoFI0PM"
"dación","BoFUZkF"
"dacriocistitis","BoGW8Rt"
"dacriología","BoGgbBc"
"dacriorrea","BoHHTgK"
"dacrón","BoHufGQ"
"dactilado, da","BoK4KFn"
"dactilar","BoMw7GL"
"dactílico, ca","BoP8Whl"
"dactiliforme","BoQDSTa"
"dactiliología","BoQmAVS"
"da capo","Bo9sjBQ"
"dable","Bo61Jlg"
"daca","Bo6kKPp"
"dacá","Bo7btmK"
"dacha","BoBXTPl"
"dacio","BoDeO91"
"dacio","BoFI0PM"
"dación","BoFUZkF"
"dacriocistitis","BoGW8Rt"
"dacriología","BoGgbBc"
"dacriorrea","BoHHTgK"
"dacrón","BoHufGQ"
"dactilado, da","BoK4KFn"
"dactilar","BoMw7GL"
"dactílico, ca","BoP8Whl"
"dactiliforme","BoQDSTa"
"dactiliología","BoQmAVS"
"dactilión","BoRZNZ0"
"dable","Bo61Jlg"
"daca","Bo6kKPp"
"dacá","Bo7btmK"
"dacha","BoBXTPl"
"dacio","BoDeO91"
"dacio","BoFI0PM"
"dación","BoFUZkF"
"dacriocistitis","BoGW8Rt"
"dacriología","BoGgbBc"
"dacriorrea","BoHHTgK"
"dacrón","BoHufGQ"
"dactilado, da","BoK4KFn"
"dactilar","BoMw7GL"
"dactílico, ca","BoP8Whl"
"dactiliforme","BoQDSTa"
"dactiliología","BoQmAVS"
"dactilión","BoRZNZ0"
"dactilo-, -dáctilo","BoUOJAI"
"dactilografía","BoYk0Px"
"daca","Bo6kKPp"
"dacá","Bo7btmK"
"dacha","BoBXTPl"
"dacio","BoDeO91"
"dacio","BoFI0PM"
"dación","BoFUZkF"
"dacriocistitis","BoGW8Rt"
"dacriología","BoGgbBc"
"dacriorrea","BoHHTgK"
"dacrón","BoHufGQ"
"dactilado, da","BoK4KFn"
"dactilar","BoMw7GL"
"dactílico, ca","BoP8Whl"
"dactiliforme","BoQDSTa"
"dactiliología","BoQmAVS"
"dactilión","BoRZNZ0"
"dactilo-, -dáctilo","BoUOJAI"
"dactilografía","BoYk0Px"
"dactilografiar","Boc4hp9"
"dactilográfico, ca","BocBUFy"
"dactilógrafo, fa","BodpIEa"
"dactilograma","BoeTy5w"
"dactilología","BofVbEm"
"dactilológico, ca","BogFr75"
"dactiloscopia","BohoN9V"
"dadá","Bou4iek"
"dadaísmo","BoutCkI"
"dadaísta","Boybufb"
"dadero, ra","Bp0ASpe"
"dadivado, da","Bp4bsaH"
"dadivar","Bp7LkTv"
"dadivosidad","BpAI8TO"
"dadivoso, sa","BpBSzBT"
"dado","BpBhRJZ"
"dado","BpCmlCS"
"dador, ra","BpGLhBy"
"daga","BpJACDY"
"daga","BpK2rPq"
"dagame","BpK6rzz"
"daguerreotipo","BpKWVqw"
"daguerrotipar","BpMMGL7"
"daguerrotipia","BpOpqo0"
"daguerrotipo","BpPNkt5"
"daguestaní","BpQzogC"
"daguestano, na","BpRSpI7"
"daguilla","BpSIXdd"
"daguilla","BpSdyEd"
"dahír","BpTc6lV"
"daifa","BpUmQTz"
"daimio","BpWAPSY"
"daiquiri","BpXB5Kx"
"dajabonero, ra","BpZ6uQL"
"dajao","BpZXhss"
"dala","BpbBSvg"
"dalaga","BpblQEp"
"dalái lama","BpduNhx"
"dalgo","BpgbB6S"
"dalia","BpgeAw8"
"daliniano, na","BpjiEA0"
"dalla","BpngmwO"
"dallá","BpngtL7"
"dallador, ra","BppVaNY"
"dallar","Bpw7JiL"
"dalle","BpwYXzz"
"dalmático, ca","BpzsQnF"
"dalton","Bq1Of9D"
"daltoniano, na","Bq1wUjq"
"daltónico, ca","Bq9lOhF"
"dama","BqCXb3I"
"dama","BqG39RE"
"dama","BqI7doB"
"dama","BqKA0vr"
"damaceno, na","BqKqwgA"
"damacuao","BqMIIXa"
"damajagua","BqMrA3t"
"damajuana","BqPZ2gw"
"damajuao","BqQtiVv"
"damasana","BqVBv96"
"damascado, da","BqVZprU"
"damasceno, na","Bqckaff"
"damasco","Bqd3IYp"
"damasquillo","BqdFe7s"
"damasquinado","BqmBfu7"
"damasquinador, ra","Bqn6aoI"
"damasquinar","Bqq7xVf"
"damasquino, na","Bqqo6Yn"
"dama","BqCXb3I"
"dama","BqG39RE"
"dama","BqI7doB"
"dama","BqKA0vr"
"damaceno, na","BqKqwgA"
"damacuao","BqMIIXa"
"damajagua","BqMrA3t"
"damajuana","BqPZ2gw"
"damajuao","BqQtiVv"
"damasana","BqVBv96"
"damascado, da","BqVZprU"
"damasceno, na","Bqckaff"
"damasco","Bqd3IYp"
"damasquillo","BqdFe7s"
"damasquinado","BqmBfu7"
"damasquinador, ra","Bqn6aoI"
"damasquinar","Bqq7xVf"
"damasquino, na","Bqqo6Yn"
"damaceno, na","BqKqwgA"
"damacuao","BqMIIXa"
"damajagua","BqMrA3t"
"damajuana","BqPZ2gw"
"damajuao","BqQtiVv"
"damasana","BqVBv96"
"damascado, da","BqVZprU"
"damasceno, na","Bqckaff"
"damasco","Bqd3IYp"
"damasquillo","BqdFe7s"
"damasquinado","BqmBfu7"
"damasquinador, ra","Bqn6aoI"
"damasquinar","Bqq7xVf"
"damasquino, na","Bqqo6Yn"
"damería","BqqxJ1U"
"damero","BquYOvB"
"damerograma","BqucQx2"
"damiana","Bqw07y1"
"damisela","Bqw0cHx"
"damnable","BqxNqpX"
"damnación","BqyYqNU"
"damnado, da","Bqz3y95"
"damnificado, da","BqzOIp7"
"damnificador, ra","Br2NuEN"
"damnificar","Br2jihx"
"Damocles","Br2uGNl"
"dan","Br3scFw"
"dana","Br4oU3i"
"danaide","Br5jGuZ"
"dance","Br7cFBJ"
"danchado, da","BrAywV1"
"dancístico, ca","BrCmt3W"
"dandi","BrCo5cv"
"dandismo","BrDXleC"
"danés, sa","BrDjhjf"
"dango","BrEVwce"
"danlideño, ña","BrHrX1V"
"danta","BrKexga"
"dante","BrL6vhK"
"dantellado, da","BrNf2CP"
"dantesco, ca","BrNviEZ"
"dañable","BrWvt2o"
"dañación","BrZGR6K"
"dañado, da","BrZvStu"
"dañador, ra","BrbLvsN"
"dañar","BrdY6Ro"
"dañino, na","BrfN2tt"
"daño","BrhkDYt"
"dañoso, sa","BrkAbX6"
"daquí","BroY9oP"
"dar","BrtRK35"
"dardabasí","Brut1iI"
"dardada","BrwznTt"
"dardanio, nia","BrxmtZz"
"dardo","Bs13SWc"
"dares","Bs21Zgj"
"darga","Bs29eum"
"darico","Bs2Pzuz"
"darienita","Bs5SZfP"
"darmstatio","Bs6Og3X"
"darwiniano, na","Bs8Kati"
"darwinismo","Bs9C0UG"
"darwinista","Bs9jKZJ"
"dasocracia","Bs9zsKU"
"dasocrático, ca","BsAnRvE"
"dasonomía","BsEU4h5"
"dasonómico, ca","BsLohLJ"
"data","BsM9P0S"
"data","BsNR3r2"
"datación","BsOKabH"
"datáfono","BsOfZei"
"datar","BsTcvvt"
"dataría","BsUEDHY"
"datario","BsUj2Ra"
"datear","BsXeZdX"
"dateo","BsYisuC"
"datero, ra","BsZIZmU"
"datilado, da","Bsa6ay6"
"datilera","BsavYM3"
"datismo","BsffR6k"
"dativa","BshLKnb"
"dativo","BsiLB13"
"dato","Bskzsq5"
"dato","BsnXzV1"
"datura","BsqwlAB"
"daturina","Bsrjz5L"
"data","BsM9P0S"
"data","BsNR3r2"
"datación","BsOKabH"
"datar","BsTcvvt"
"dataría","BsUEDHY"
"datario","BsUj2Ra"
"datáfono","BsOfZei"
"datear","BsXeZdX"
"dateo","BsYisuC"
"datero, ra","BsZIZmU"
"datilado, da","Bsa6ay6"
"datilera","BsavYM3"
"datismo","BsffR6k"
"dativa","BshLKnb"
"dativo","BsiLB13"
"dato","Bskzsq5"
"dato","BsnXzV1"
"datura","BsqwlAB"
"daturina","Bsrjz5L"
"dauco","Bst6HT4"
"daudá","BsvtbIz"
"dauleño, ña","BswvmEQ"
"davalar","Bt0krLo"
"David","Bt0oZcf"
"davideño, ña","Bt0utr8"
"davídico, ca","Bt5ORRP"
"dazibao","Bt8Tyqt"
"dáctilo","BoUIhnA"
"dádiva","Bp3lFve"
"dálmata","Bpy8B9w"
"dánico, ca","BrH5eY2"
"dárdano, na","BrzCrBs"
"dársena","Bs8JtYa"
"dátil","BsZb41l"
"DDT","BtBOXkO"
"de-","BtJ9Zbw"
"de","BtDkacL"
"de","BtFYznp"
"dea","BtJijUK"
"deal","BtJq9lk"
"deambulación","BtLOYsZ"
"deambular","BtNDmrU"
"deambulatorio, ria","BtNmoMg"
"deán","BtSFzGY"
"deanato","BtUI7If"
"deanazgo","BtVsjbH"
"debacle","BtZu6rE"
"debajera","Btbpho5"
"debajero","BteIZzk"
"debajo","BtfBQzd"
"debandar","BtmQQgV"
"debate","Btnc95B"
"debatible","BtoR9hh"
"debatir","Btoz7Y1"
"debatirse","BtpyU6E"
"dea","BtJijUK"
"deal","BtJq9lk"
"deambulación","BtLOYsZ"
"deambular","BtNDmrU"
"deambulatorio, ria","BtNmoMg"
"deanato","BtUI7If"
"deanazgo","BtVsjbH"
"deán","BtSFzGY"
"debacle","BtZu6rE"
"debajera","Btbpho5"
"debajero","BteIZzk"
"debajo","BtfBQzd"
"debandar","BtmQQgV"
"debate","Btnc95B"
"debatible","BtoR9hh"
"debatir","Btoz7Y1"
"debatirse","BtpyU6E"
"debda","BttTijX"
"debdo","BttYO0H"
"debe","BtuyC2y"
"debelación","BtvEd8T"
"debelador, ra","BtvPy3x"
"debelar","Bu2pl4n"
"deber","Bu2rLyz"
"deber","Bu8i6DA"
"debida","Bu9CRPl"
"debidamente","Bu9v7fu"
"debido","BuA2pD6"
"debacle","BtZu6rE"
"debajera","Btbpho5"
"debajero","BteIZzk"
"debajo","BtfBQzd"
"debandar","BtmQQgV"
"debate","Btnc95B"
"debatible","BtoR9hh"
"debatir","Btoz7Y1"
"debatirse","BtpyU6E"
"debda","BttTijX"
"debdo","BttYO0H"
"debe","BtuyC2y"
"debelación","BtvEd8T"
"debelador, ra","BtvPy3x"
"debelar","Bu2pl4n"
"deber","Bu2rLyz"
"deber","Bu8i6DA"
"debida","Bu9CRPl"
"debidamente","Bu9v7fu"
"debido","BuA2pD6"
"debilidad","BuAoNQi"
"debilitación","BuBNqk4"
"debilitamiento","BuCALI4"
"debilitante","BuGd6Ko"
"debilitar","BuHnAth"
"debitar","BuN0m8g"
"debla","BuNfQ1q"
"debocar","BuPQ1lS"
"debó","BuPOWx1"
"debrocar","BuQDkHI"
"debruzar","BuQRKXR"
"debut","BuUXOBh"
"debutante","BuVjriY"
"debutar","BuVohPG"
"deca-","BuYCitW"
"decadencia","BuaYwyO"
"decadente","BubUVSm"
"decadentismo","BudwHU0"
"decadentista","BuecKYM"
"decaedro","Buh8bXU"
"decaer","Buj1hG7"
"decagonal","BukZ6Rl"
"decágono, na","Bultw1N"
"decagramo","BuoTp35"
"decaíble","BuopUeF"
"decaído, da","BuozvfX"
"decaimiento","BuvBDsn"
"decalaje","BuwDKVa"
"decalcificación","BuyFS9T"
"decalcificar","Bv1c4vY"
"decalitro","Bv1inXE"
"decálogo","Bv25rS9"
"deca-","BuYCitW"
"decadencia","BuaYwyO"
"decadente","BubUVSm"
"decadentismo","BudwHU0"
"decadentista","BuecKYM"
"decaedro","Buh8bXU"
"decaer","Buj1hG7"
"decagonal","BukZ6Rl"
"decagramo","BuoTp35"
"decaíble","BuopUeF"
"decaído, da","BuozvfX"
"decaimiento","BuvBDsn"
"decalaje","BuwDKVa"
"decalcificación","BuyFS9T"
"decalcificar","Bv1c4vY"
"decalitro","Bv1inXE"
"decalvación","Bv2QpZc"
"decalvar","Bv3Rngj"
"decampar","Bv95g4z"
"decadencia","BuaYwyO"
"decadente","BubUVSm"
"decadentismo","BudwHU0"
"decadentista","BuecKYM"
"decaedro","Buh8bXU"
"decaer","Buj1hG7"
"decagonal","BukZ6Rl"
"decagramo","BuoTp35"
"decaimiento","BuvBDsn"
"decaíble","BuopUeF"
"decaído, da","BuozvfX"
"decalaje","BuwDKVa"
"decalcificación","BuyFS9T"
"decalcificar","Bv1c4vY"
"decalitro","Bv1inXE"
"decalvación","Bv2QpZc"
"decalvar","Bv3Rngj"
"decampar","Bv95g4z"
"decanato","Bv99zCB"
"decanatura","Bv9Vjaw"
"decania","BvAOgRy"
"decano, na","BvC8dJG"
"decantación","BvCKwUF"
"decantador, ra","BvCRBIm"
"decantar","BvCRYrp"
"decantar","BvFmCwH"
"decapado","BvGUrAW"
"decapante","BvHml6A"
"decapar","BvIhZPi"
"decapitación","BvItb4t"
"decapitar","BvIvThi"
"decasílabo, ba","BvLsauw"
"decatleta","BvQQXNN"
"decatlón","BvQVzou"
"decatloniano, na","BvRPgAj"
"deca-","BuYCitW"
"decágono, na","Bultw1N"
"decálogo","Bv25rS9"
"decámetro","Bv4Q0V6"
"decápodo","BvKRsSi"
"decárea","BvLgRBk"
"decástilo, la","BvPD8Kh"
"decebimiento","BvSQpM5"
"decebir","BvSwwHu"
"deceleración","BvUVwVy"
"decelerar","BvUWLMa"
"decembrino, na","BvUZpy9"
"decemnovenal","BvVxdrQ"
"decemnovenario","BvXRgZX"
"decenal","BvZ6LUC"
"decenar","BvZQqVg"
"decenario, ria","BvZnpyT"
"decencia","Bva3Dsa"
"decendencia","BvbOtWm"
"decender","Bvd33W5"
"decendida","BvfjfvY"
"decendimiento","BvftuFk"
"decenio","BvjNgwn"
"deceno, na","BvkvZuZ"
"dechado","Bw5AZJk"
"deci-","Bw5PvUN"
"deciárea","Bw6m2Ch"
"decibel","Bw7HGZN"
"decibélico, ca","Bw7RkZv"
"decibelímetro","Bw7jDds"
"decibelio","BwBYyeG"
"decible","BwCFVDZ"
"decidero, ra","BwFM0LQ"
"decididamente","BwIBf9w"
"decidido, da","BwKa6aI"
"decidir","BwLsxjt"
"decidor, ra","BwQvOcu"
"deciembre","BwRCTsK"
"deciente","BwRRQss"
"decigramo","BwVAoZd"
"decilitro","BwVEIHa"
"decímetro","Bwqf6PU"
"declamación","BxUlXs8"
"declamador, ra","BxVyujE"
"declamar","BxW0PUW"
"declamatorio, ria","BxWfBHA"
"declarable","BxZwBnO"
"declaración","BxamUxw"
"declaradamente","BxdoAke"
"declarado, da","Bxf3Wn7"
"declarador, ra","Bxh4Cjv"
"declarante","BxhGzHO"
"declarar","BxiWP4r"
"declarativo, va","BxlgCTr"
"declaratorio, ria","Bxohjmz"
"declinable","Bxq9bce"
"decocción","ByAikbz"
"decodificación","ByBQTsy"
"decodificador, ra","ByCf5fk"
"decodificar","ByDN9Qi"
"decolgar","ByH9c9Y"
"decoloración","ByJpugY"
"decolorante","ByLFdAc"
"decolorar","ByNERZK"
"decomisar","ByNMNsJ"
"decomiso","ByNYO1B"
"decomisos","ByOg0Jy"
"deconstrucción","ByPcuX6"
"deconstruccionismo","ByQJzx3"
"deconstruccionista","ByQoGn9"
"deconstructivismo","ByUVXkS"
"deconstructivo, va","ByUWF0R"
"deconstruir","ByV94TP"
"decor","ByZHTp6"
"decocción","ByAikbz"
"decodificación","ByBQTsy"
"decodificador, ra","ByCf5fk"
"decodificar","ByDN9Qi"
"decolgar","ByH9c9Y"
"decoloración","ByJpugY"
"decolorante","ByLFdAc"
"decolorar","ByNERZK"
"decomisar","ByNMNsJ"
"decomiso","ByNYO1B"
"decomisos","ByOg0Jy"
"deconstrucción","ByPcuX6"
"deconstruccionismo","ByQJzx3"
"deconstruccionista","ByQoGn9"
"deconstructivismo","ByUVXkS"
"deconstructivo, va","ByUWF0R"
"deconstruir","ByV94TP"
"decor","ByZHTp6"
"decoración","ByaFAHG"
"decoración","BydM7I2"
"decorado","Byfl26Q"
"decorado","ByfsoD6"
"decorador, ra","BygqUhu"
"decorar","BymLSuN"
"decorar","BynEFe8"
"decorativismo","BytxsnV"
"decorativista","ByvRsR9"
"decorativo, va","BywWtTN"
"decoro","Byz2tNB"
"decoro","ByzF6MM"
"decoroso, sa","Bz1g9sC"
"decorrerse","Bz4QS0x"
"decorrimiento","BzArKh9"
"decorticación","BzC2HTR"
"decorticar","BzCFrqa"
"decoración","ByaFAHG"
"decoración","BydM7I2"
"decorado","Byfl26Q"
"decorado","ByfsoD6"
"decorador, ra","BygqUhu"
"decorar","BymLSuN"
"decorar","BynEFe8"
"decorativismo","BytxsnV"
"decorativista","ByvRsR9"
"decorativo, va","BywWtTN"
"decoro","ByzF6MM"
"decoro","Byz2tNB"
"decoro","ByzF6MM"
"decoroso, sa","Bz1g9sC"
"decorrerse","Bz4QS0x"
"decorrimiento","BzArKh9"
"decorticación","BzC2HTR"
"decorticar","BzCFrqa"
"decrecer","BzCZfDc"
"decreciente","BzFGavX"
"decrecimiento","BzG9mW9"
"decrementar","BzK2xkW"
"decremento","BzKqe5g"
"decrepitación","BzM13Lm"
"decrepitar","BzO5lJt"
"decrépito, ta","BzOKGmw"
"decrepitud","BzPPdKY"
"decrescendo","BzPnoEU"
"decretación","BzQpcPZ"
"decretal","BzQrdgS"
"decretalista","BzUcp46"
"decretar","BzV0z93"
"decretazo","BzVh98P"
"decretero","BzWdTo9"
"decretista","Bza7vx6"
"decreto","BzbhM4P"
"decretorio","BzcNp3a"
"decrecer","BzCZfDc"
"decreciente","BzFGavX"
"decrecimiento","BzG9mW9"
"decrementar","BzK2xkW"
"decremento","BzKqe5g"
"decrepitación","BzM13Lm"
"decrepitar","BzO5lJt"
"decrepitud","BzPPdKY"
"decrescendo","BzPnoEU"
"decretación","BzQpcPZ"
"decretal","BzQrdgS"
"decretalista","BzUcp46"
"decretar","BzV0z93"
"decretazo","BzVh98P"
"decretero","BzWdTo9"
"decretista","Bza7vx6"
"decreto","BzbhM4P"
"decretorio","BzcNp3a"
"decrecer","BzCZfDc"
"decreciente","BzFGavX"
"decrecimiento","BzG9mW9"
"decrementar","BzK2xkW"
"decremento","BzKqe5g"
"decrepitación","BzM13Lm"
"decrepitar","BzO5lJt"
"decrepitud","BzPPdKY"
"decrescendo","BzPnoEU"
"decretación","BzQpcPZ"
"decretal","BzQrdgS"
"decretalista","BzUcp46"
"decretar","BzV0z93"
"decretazo","BzVh98P"
"decretero","BzWdTo9"
"decretista","Bza7vx6"
"decreto","BzbhM4P"
"decretorio","BzcNp3a"
"decrépito, ta","BzOKGmw"
"decumbente","BziM3Rg"
"decuplar","BzmKVPH"
"decuplicar","BzmN9RD"
"decuria","BzscUQr"
"decuriato","Bzu6sMq"
"decurión","BzuNiio"
"decurionato","BzuTbzi"
"decurrente","BzyGvG5"
"decurso","BzzcL7N"
"decusación","C00ae2A"
"decusado, da","C02RHTH"
"decusata","C09hhZb"
"decuso, sa","C0ASaYM"
"decúbito","BzfCoHD"
"dedada","C0AwZV6"
"dedal","C0B2zbe"
"dedalera","C0DGdBy"
"dedazo","C0J3sdL"
"dedeo","C0KdBJY"
"dedeté","C0MuZ7b"
"dedicación","C0Pk5Wa"
"dedicar","C0QNRgI"
"dedicatario, ria","C0WuzJA"
"dedicativo, va","C0Zgr4u"
"dedicatorio, ria","C0bF7OX"
"dedición","C0be6KH"
"dedignar","C0cFsUA"
"dedil","C0eevhG"
"dedillo","C0ezhUD"
"dedo","C0hXyqG"
"dedocracia","C0hpE99"
"deesa","C0xGCyW"
"defalcar","C0zexZw"
"defallecido, da","C11ZTZ9"
"defallecimiento","C11eLgH"
"defamar","C136y1v"
"defatigante","C160KQI"
"defecación","C16DgDs"
"defecador, ra","C17wUKY"
"defecar","C1B06zc"
"defección","C1Dw9DU"
"defeccionar","C1EL3ZT"
"defectibilidad","C1JeZ9n"
"defectible","C1PYzIj"
"defectivo, va","C1Ty0dk"
"defecto","C1g7xcE"
"defectuoso, sa","C1jRL3D"
"defendedero, ra","C1oUYt8"
"degano","C3uGowP"
"degañero","C3vaH3y"
"degeneración","C3vpDtf"
"degenerado, da","C3xZZL9"
"degenerante","C3zd4Yh"
"degenerar","C42VZmA"
"degenerativo, va","C440cBR"
"degenere","C456uiR"
"deglución","C481nkd"
"deglutir","C48M8IL"
"deglutorio, ria","C49sTKa"
"degollación","C4BHUqC"
"degolladero","C4C1QXd"
"degollado","C4Fke8r"
"degollador, ra","C4G01tk"
"degolladura","C4HCCdA"
"dehender","C4i23TP"
"dehendimiento","C4jqaVT"
"dehesa","C4nGHEG"
"dehesar","C4oXyYA"
"dehesero","C4qgSK7"
"dehiscencia","C4r6EvU"
"dehiscente","C4scjjp"
"dehortar","C4v2NHP"
"deicida","C4w1TlG"
"deicidio","C4wNQG7"
"deidad","C4wmDlg"
"deificación","C4yyagC"
"deificar","C538wEB"
"deiforme","C561nNU"
"deitano, na","C5BUVe6"
"deixis","C5EQPe1"
"deíctico, ca","C4wQffe"
"deífico, ca","C56075X"
"deípara","C565E3u"
"deísmo","C576R8G"
"deísta","C57ftB1"
"deixis","C5EQPe1"
"deja","C5FTnAw"
"dejación","C5Gasra"
"dejada","C5HyVcz"
"dejadero, ra","C5Ij1YX"
"dejadez","C5JpuP8"
"dejado, da","C5K8OIC"
"dejador, ra","C5KRf5O"
"dejamiento","C5NjmRR"
"dejante","C5XUXA8"
"dejar","C5aUM2o"
"dejarretar","C5afvly"
"dejativo, va","C5akoS7"
"dejazón","C5at5Qk"
"deje","C5df5rH"
"dejemplar","C5iCDjy"
"dejillo","C5m3aO7"
"dejo","C5p0kqw"
"del","C5sAXFD"
"delación","C5yXZyG"
"delado","C602q98"
"delantal","C60SycG"
"delante","C61cg3i"
"delantealtar","C61iU6K"
"delantero, ra","C63FneK"
"delasolré","C63VXDS"
"delatable","C63dHzt"
"delatador, ra","C63hUiA"
"delatar","C641Xsy"
"delator, ra","C67EFi4"
"delaxar","C6ARjXU"
"delco","C6B6TpL"
"dele","C6Bhqvf"
"deleble","C6BsC5I"
"deleción","C6E01Ni"
"demacración","C8O7Q5s"
"demacrado, da","C8UXean"
"demacrar","C8Urhgv"
"demagogia","C8V3LG9"
"demagógico, ca","C8V7Mkf"
"demagogo, ga","C8V8M1S"
"demanda","C8W49JX"
"demandable","C8WBk5I"
"demandadero, ra","C8X5SJf"
"demandado, da","C8YUm2Q"
"demandador, ra","C8bKRYp"
"demandante","C8c6dMW"
"demandanza","C8ckPuC"
"demandar","C8drIhp"
"denante","CB5NBYz"
"denantes","CB6BdkU"
"denario, ria","CB75D9U"
"dende","CBA4Xtf"
"dendriforme","CBCEfmR"
"dendrita","CBCec8x"
"dendrítico, ca","CBFPjHR"
"dendrografía","CBIBXCA"
"dendrográfico, ca","CBIfJKr"
"dendroide","CBKlglZ"
"dendroideo, a","CBLhPkx"
"dendrómetro","CBOoC8l"
"dendrotráquea","CBPMhXn"
"denegación","CBQ3A9U"
"denegar","CBRXe58"
"denegatorio, ria","CBSmW59"
"deñar","CEOtp5u"
"deo gracias","CESBX9S"
"Deo volente","CEUGngB"
"deodara","CEPD8EL"
"deontología","CESMXhy"
"deontológico, ca","CET3iFN"
"deóntico, ca","CESGXPf"
"deparador, ra","CEYMMAK"
"deparar","CEYdWBi"
"departamental","CEYm3wa"
"departamento","CEajDW3"
"departidamente","CEao3vj"
"departidor, ra","CEcT6Gb"
"departimiento","CEcZqVl"
"departir","CEfthHb"
"depauperación","CEgtTbX"
"depauperar","CEij6PP"
"dependencia","CEjjsLO"
"dependente","CElnAle"
"depender","CEn49xS"
"depender","CEoMSBg"
"dependiente, ta","CEpn5BT"
"depilación","CEs9Yt4"
"depilado","CEswL02"
"depilador, ra","CEuarpV"
"deparador, ra","CEYMMAK"
"deparar","CEYdWBi"
"departamental","CEYm3wa"
"departamento","CEajDW3"
"departidamente","CEao3vj"
"departidor, ra","CEcT6Gb"
"departimiento","CEcZqVl"
"departir","CEfthHb"
"depauperación","CEgtTbX"
"depauperar","CEij6PP"
"dependencia","CEjjsLO"
"dependente","CElnAle"
"depender","CEn49xS"
"depender","CEoMSBg"
"dependiente, ta","CEpn5BT"
"depilación","CEs9Yt4"
"depilado","CEswL02"
"depilador, ra","CEuarpV"
"depilar","CExGz7j"
"depilatorio, ria","CEzufvz"
"depirar","CF2C0df"
"depleción","CF2G4Eq"
"depletivo, va","CF2I2Me"
"deplorable","CF3KIUX"
"deplorar","CF586B2"
"deponente","CF6WU1S"
"deponer","CF8JawM"
"depopulación","CF9sKgO"
"depopulador, ra","CFAy8vX"
"deportación","CFBhkxq"
"deportar","CFE3WUp"
"deporte","CFEFwiY"
"deportismo","CFEs2k0"
"deportista","CFF1Zkz"
"deportivamente","CFNRWUW"
"deportividad","CFOSXVX"
"deportivo, va","CFPW3Sm"
"deportoso, sa","CFQGSNO"
"deposar","CFRFt76"
"deposición","CFTGz6w"
"deposición","CFVj9lZ"
"depositador, ra","CFWOlWE"
"depósito","CFg5bfg"
"depravación","CFg7CIj"
"depravado, da","CFgDytQ"
"depravador, ra","CFgd6AO"
"depravar","CFjz29a"
"depre","CFk76kw"
"depre","CFlVJF5"
"deprecación","CFmWKG6"
"deprecante","CFoZtQ8"
"deprecar","CFrLzul"
"deprecativo, va","CFrnfFa"
"deprecatorio, ria","CFs96Vj"
"depreces","CFwDNV1"
"depreciación","CFz1U2T"
"depreciar","CG03Dgc"
"depredación","CG0OdUb"
"depredador, ra","CG29yPG"
"depuesto, ta","CGKkEhU"
"depuración","CGOBBxs"
"depurado, da","CGOxrGT"
"depurador, ra","CGSjhvs"
"depurar","CGX7RTL"
"depurativo, va","CGZRbrW"
"depuratorio, ria","CGajy3i"
"deputar","CGawOF4"
"deque","CGca1Mi"
"dequeísmo","CGdEzSW"
"dequeísta","CGfKZwg"
"derbi","CGfuvq4"
"derecera","CGgFWHd"
"derechamente","CGjkArb"
"derechazo","CGkP5uh"
"derechero, ra","CGlVxyU"
"derechez","CGpKF4Q"
"derecheza","CGqUFVR"
"derechismo","CGrcxJq"
"derechista","CGs8WQn"
"derechización","CGsK6bK"
"derechizar","CGtFk4E"
"derecho, cha","CGv2o6x"
"derechohabiente","CGwMnZJ"
"derechona","CGwPa1M"
"derechoso, sa","CGwTSdP"
"derechuelo","CGwj7nW"
"derechura","CGyW6mG"
"des","CJrmi27"
"des-","CJuPwUn"
"desabarrancar","CJwgfjJ"
"desabastecer","CJyLssA"
"desabastecimiento","CJzc8WD"
"desabatir","CK0bvy7"
"desabejar","CK3xk6c"
"desabido, da","CK50Maa"
"desabollador","CK7Juu8"
"desabollar","CK7kHCv"
"desabonarse","CK8LQIp"
"desabono","CKBYBIB"
"desabor","CKC2QcC"
"desaborado, da","CKFO8od"
"desaborar","CKHvBrx"
"desabordarse","CKI7UGo"
"desaborición","CKIQk8d"
"desaborido, da","CKKgMnA"
"desabarrancar","CJwgfjJ"
"desabastecer","CJyLssA"
"desabastecimiento","CJzc8WD"
"desabatir","CK0bvy7"
"desabejar","CK3xk6c"
"desabido, da","CK50Maa"
"desabollador","CK7Juu8"
"desabollar","CK7kHCv"
"desabonarse","CK8LQIp"
"desabono","CKBYBIB"
"desabor","CKC2QcC"
"desaborado, da","CKFO8od"
"desaborar","CKHvBrx"
"desabordarse","CKI7UGo"
"desaborición","CKIQk8d"
"desaborido, da","CKKgMnA"
"desabotonar","CKLt5mf"
"desánimo","CR74aIz"
"desbabadero","CXCBK8Q"
"desbabar","CXFIYBd"
"desbagar","CXFdwiu"
"desbalagar","CXJ44Me"
"desbalancear","CXMveHs"
"desballestar","CXNA50S"
"desbancar","CXQt1cb"
"desbandada","CXXNGDK"
"desbandarse","CXXtdi2"
"desbañado","CXZL9M8"
"desbarahustar","CXbsslm"
"desbarahúste","CXcO3zv"
"desbarajustar","CXd1E3w"
"desbarajuste","CXdFuO3"
"desbaratadamente","CXean5J"
"desbaratado, da","CXgArer"
"desbaratador, ra","CXguGB0"
"desbaratamiento","CXhax8c"
"desbabadero","CXCBK8Q"
"desbabar","CXFIYBd"
"desbagar","CXFdwiu"
"desbalagar","CXJ44Me"
"desbalancear","CXMveHs"
"desballestar","CXNA50S"
"desbancar","CXQt1cb"
"desbandada","CXXNGDK"
"desbandarse","CXXtdi2"
"desbañado","CXZL9M8"
"desbarahustar","CXbsslm"
"desbarahúste","CXcO3zv"
"desbarajustar","CXd1E3w"
"desbarajuste","CXdFuO3"
"desbaratadamente","CXean5J"
"desbaratado, da","CXgArer"
"desbaratador, ra","CXguGB0"
"desbaratamiento","CXhax8c"
"desbabadero","CXCBK8Q"
"desbabar","CXFIYBd"
"desbagar","CXFdwiu"
"desbalagar","CXJ44Me"
"desbalancear","CXMveHs"
"desballestar","CXNA50S"
"desbancar","CXQt1cb"
"desbandada","CXXNGDK"
"desbandarse","CXXtdi2"
"desbañado","CXZL9M8"
"desbarahustar","CXbsslm"
"desbarahúste","CXcO3zv"
"desbarajustar","CXd1E3w"
"desbarajuste","CXdFuO3"
"desbaratadamente","CXean5J"
"desbaratado, da","CXgArer"
"desbaratador, ra","CXguGB0"
"desbaratamiento","CXhax8c"
"desbaratar","CXhrcYM"
"desbarate","CXhzbnp"
"desbarato","CXjK3BY"
"desbarbado, da","CXlCh0u"
"desbarbar","CXmfE2X"
"desbarbillar","CXo4wq3"
"desbardar","CXob4WB"
"desbarrada","CXp07xr"
"desbarrancadero","CXrcUPQ"
"desbastador","CYAREQk"
"desbastadura","CYCJaSd"
"desbastar","CYEr16l"
"desbaste","CYFN1JK"
"desbastecido, da","CYJYgTd"
"desbautizarse","CYKkBTu"
"desbazadero","CYKuiwr"
"desbeber","CYLFD8S"
"desbecerrar","CYLXWC0"
"desbichinarse","CYLnUFp"
"desbinzar","CYOJ1Rx"
"desblanquecido, da","CYRTBDd"
"desblanquiñado, da","CYRW5zC"
"desbloquear","CYV0M0e"
"desbloqueo","CYXa0OM"
"desbocadamente","CYXl7tK"
"desbocado, da","CYZQzw2"
"desbocamiento","CYZrU4E"
"desbocar","CYbG0jt"
"desbolarse","CYg9yZQ"
"desbole","CYgKj03"
"desbonetarse","CYhhpik"
"desboquillar","CYiWI6R"
"desbordamiento","CYrfe3G"
"desbordante","CYrt7Xs"
"desbordar","CYtLV69"
"desborde","CYx2SJK"
"desbornizar","CYxUzy2"
"desboronar","CYzFfLu"
"desborrador, ra","CZ08IRV"
"desborrar","CZ10ybO"
"desborregarse","CZ1k8RL"
"desbotonar","CZ2e7ze"
"desbocadamente","CYXl7tK"
"desbocado, da","CYZQzw2"
"desbocamiento","CYZrU4E"
"desbocar","CYbG0jt"
"desbolarse","CYg9yZQ"
"desbole","CYgKj03"
"desbonetarse","CYhhpik"
"desboquillar","CYiWI6R"
"desbordamiento","CYrfe3G"
"desbordante","CYrt7Xs"
"desbordar","CYtLV69"
"desborde","CYx2SJK"
"desbornizar","CYxUzy2"
"desboronar","CYzFfLu"
"desborrador, ra","CZ08IRV"
"desborrar","CZ10ybO"
"desborregarse","CZ1k8RL"
"desbotonar","CZ2e7ze"
"desbragado, da","CZ3hn4U"
"desbragar","CZ4YFg7"
"desbraguetado, da","CZ8G65S"
"desbravador","CZ9WtG0"
"desbravar","CZAC8UM"
"desbravecer","CZAqh5Q"
"desbrazarse","CZB1zpe"
"desbridamiento","CZClFPG"
"desbridar","CZExfWg"
"desbriznar","CZJCfbp"
"desbroce","CZPMVYB"
"desbrozamiento","CZQEvsA"
"desbrozar","CZRDDkp"
"desbrozo","CZRm3KQ"
"desbruar","CZS2uKe"
"desbrujar","CZUbw4O"
"desbuchar","CZXUOeZ"
"desbulla","CZXW1Or"
"desbullador","CZXjWjA"
"desbullar","CZXoVe7"
"desburrungarse","CZYPcbP"
"desca","CZZM1Hm"
"descabal","CZdiFky"
"descabalado, da","CZgP72n"
"descabalamiento","CZl3TNg"
"descabalar","CZlD5QT"
"descabalgadura","CZlq0Tm"
"descabalgar","CZmB5AO"
"descabelladamente","CZnpwhS"
"descabellado, da","CZo4FB6"
"descabelladura","CZquDkJ"
"descabellamiento","CZsA2YA"
"descabellar","CZtcAjt"
"descabello","CZtqNsw"
"descabeñarse","CZu5h9D"
"descabestrar","CZx6Br7"
"descabezado, da","CZy3bfs"
"descabezamiento","CZzFZeq"
"desdar","CmwE47a"
"desde","Cmy8XSZ"
"desdecir","Cmypwds"
"desdel","Cn4tCrB"
"desdén","Cn5WqnA"
"desdentado, da","Cn7jS5z"
"desdentar","Cn8nBnJ"
"desdeñable","CnGju4p"
"desdeñador, ra","CnHcJ8k"
"desdeñar","CnImwNB"
"desdeño","CnInRKa"
"desdeñoso, sa","CnIpMyl"
"desdevanar","CnKCRA4"
"desdibujado, da","CnM5Za1"
"desdibujamiento","CnM9SL3"
"desdibujar","CnMFK6C"
"dese, sa","Cndk8US"
"deseabilidad","CnfXrBd"
"deseable","Cngg8S8"
"deseador, ra","Cni50PJ"
"desear","Cni7XXE"
"desecación","CnijJGy"
"desecador, ra","Cno0MYa"
"desecamiento","Cnr84jq"
"desecante","CnrHPMD"
"desecar","CnvMGm6"
"desecativo, va","CnwY6lI"
"desechable","CnxuBQD"
"desechar","CnzN47q"
"desecho","Co0Gmme"
"desedificación","Co3eb2C"
"desedificar","Co3x058"
"deseducador, ra","Co52fbJ"
"desértico, ca","Cx5DYdb"
"desfacción","CxzjK82"
"desfacedor, ra","Cy4xJbK"
"desfacer","Cy6yI1u"
"desfachatado, da","Cy8vpRs"
"desfachatez","CyBnAmX"
"desfacimiento","CyFYYvN"
"desfajar","CyGGEfe"
"desfalcador, ra","CyGHGA6"
"desfalcar","CyGyGTn"
"desfalco","CyJGPWd"
"desfallecer","CyKxrf1"
"desfallecimiento","CyL2OED"
"desfamamiento","CyLJutb"
"desfamar","CyNFaaB"
"desfasado, da","CyOzNQO"
"desfasaje","CyP3rQ1"
"desga","D0BqTC2"
"desgabilado, da","D0CM37Z"
"desgaire","D0DI8af"
"desgajadura","D0EX7W6"
"desgajamiento","D0GDkVU"
"desgajar","D0Ib0ws"
"desgaje","D0JVZuO"
"desgalgadero","D0JlrLf"
"desgalgar","D0KTBuj"
"desgalichado, da","D0M4fUe"
"desgalichadura","D0McvZV"
"desgalillarse","D0MxVGL"
"desgana","D0NRRSN"
"desganado, da","D0OhX7f"
"desganar","D0SARKx"
"desganchar","D0UtCDz"
"desgano","D0WS4SS"
"deshabido, da","D2eCfSo"
"deshabitado, da","D2gRBNf"
"deshabitar","D2krTrD"
"deshabituación","D2nNRjF"
"deshabituar","D2pfT3r"
"deshacedor, ra","D2wLZkn"
"deshacer","D2yPed3"
"deshacimiento","D2z6PF1"
"deshaldo","D31po5D"
"deshambrido, da","D33zUwC"
"desharrapado, da","D354W1e"
"desharrapamiento","D35UWi0"
"deshebillar","D3640Rv"
"deshebrar","D39gqAU"
"deshechizar","D3Dblqx"
"desideologización","D5W6uqw"
"desideologizar","D5WJVil"
"desiderable","D5b4yvt"
"desiderata","D5bjswG"
"desiderativo, va","D5c57Nb"
"desiderátum","D5dLBs3"
"desidia","D5dViXa"
"desidioso, sa","D5keCWh"
"desierto, ta","D5lWAvW"
"designación","D5qDP99"
"designado, da","D5rVAzv"
"designar","D5s74KK"
"designativo, va","D5uB05e"
"designio","D5xHWlv"
"desigual","D5xRd33"
"desjarretadera","D79U3bm"
"desjarretar","D7Bcchm"
"desjarrete","D7CKk1t"
"desjugar","D7DKdF7"
"desjuiciado, da","D7Ev7Ht"
"desjuntamiento","D7GFuTU"
"desjuntar","D7HKymp"
"deslabonar","D7JleGg"
"desladrillar","D7MEcmV"
"deslaidar","D7NB456"
"deslamar","D7NiYo5"
"deslánguido, da","D7QRHC8"
"deslardarse","D7Taf6N"
"deslastrar","D7VgYLO"
"deslatar","D7Wbc6e"
"deslatar","D7aS6se"
"deslate","D7bZxLm"
"deslateralización","D7cOpxz"
"deslateralizar","D7dIsSk"
"deslavado, da","D7e8dJL"
"deslavadura","D7faBYR"
"deslavamiento","D7fwmA4"
"deslavar","D7g5nac"
"deslavar","D7hRQyr"
"deslavazado, da","D7lW9Bz"
"deslavazar","D7nQxom"
"deslabonar","D7JleGg"
"desladrillar","D7MEcmV"
"deslaidar","D7NB456"
"deslamar","D7NiYo5"
"deslardarse","D7Taf6N"
"deslastrar","D7VgYLO"
"deslatar","D7Wbc6e"
"deslatar","D7aS6se"
"deslate","D7bZxLm"
"deslateralización","D7cOpxz"
"deslateralizar","D7dIsSk"
"deslavado, da","D7e8dJL"
"deslavadura","D7faBYR"
"deslavamiento","D7fwmA4"
"deslavar","D7g5nac"
"deslavar","D7hRQyr"
"deslavazado, da","D7lW9Bz"
"deslavazar","D7nQxom"
"deslave","D7o4Lwg"
"deslayo","D7o8iUG"
"deslabonar","D7JleGg"
"desladrillar","D7MEcmV"
"deslaidar","D7NB456"
"deslamar","D7NiYo5"
"deslardarse","D7Taf6N"
"deslastrar","D7VgYLO"
"deslatar","D7Wbc6e"
"deslatar","D7aS6se"
"deslate","D7bZxLm"
"deslateralización","D7cOpxz"
"deslateralizar","D7dIsSk"
"deslavado, da","D7e8dJL"
"deslavadura","D7faBYR"
"deslavamiento","D7fwmA4"
"deslavar","D7g5nac"
"deslavar","D7hRQyr"
"deslavazado, da","D7lW9Bz"
"deslavazar","D7nQxom"
"deslave","D7o4Lwg"
"deslayo","D7o8iUG"
"deslazamiento","D7oNvhx"
"deslazar","D7q7rYv"
"deslánguido, da","D7QRHC8"
"desleal","D7rxcZw"
"deslealtad","D7tJ4gM"
"deslechugador, ra","D7u9fgZ"
"deslechugar","D7vkwJK"
"deslechuguillar","D7woN3F"
"deslegalizar","D7xrSnP"
"deslegitimación","D7zWMlW"
"deslegitimar","D80aAjd"
"desleidura","D817Irr"
"desleimiento","D86uhIG"
"desleír","D87crXm"
"deslendrar","D88S4s5"
"deslenguado, da","D89OYe4"
"deslenguamiento","D8AwNeQ"
"deslenguar","D8CSJcl"
"desliar","D8CWHa4"
"desliar","D8DJ0mT"
"desligadura","D8DjKr5"
"desligar","D8EVmAi"
"deslinajar","D8G4DMR"
"deslinar","D8Gg4Vt"
"deslindador, ra","D8GqYKN"
"deslindamiento","D8I7Ced"
"deslindar","D8K1LYb"
"deslinde","D8Kg7tC"
"desliñar","D8KssW8"
"desliz","D8MAVVX"
"deslizable","D8McFg8"
"deslizadero, ra","D8OGjt4"
"deslizadizo, za","D8PKkCR"
"deslizamiento","D8PuM2a"
"deslizante","D8Q5PsB"
"deslizar","D8S7EnU"
"desliar","D8CWHa4"
"desliar","D8DJ0mT"
"desligadura","D8DjKr5"
"desligar","D8EVmAi"
"deslinajar","D8G4DMR"
"deslinar","D8Gg4Vt"
"deslindador, ra","D8GqYKN"
"deslindamiento","D8I7Ced"
"deslindar","D8K1LYb"
"deslinde","D8Kg7tC"
"desliñar","D8KssW8"
"desliz","D8MAVVX"
"deslizable","D8McFg8"
"deslizadero, ra","D8OGjt4"
"deslizadizo, za","D8PKkCR"
"deslizamiento","D8PuM2a"
"deslizante","D8Q5PsB"
"deslizar","D8S7EnU"
"deslío","D8L3shG"
"desloar","D8WQrWr"
"deslocalización","D8XKcIB"
"deslocalizar","D8auJlU"
"deslomadura","D8bDfs9"
"deslomar","D8f85KS"
"desloor","D8gDsQG"
"deslucidamente","D8jiFuD"
"deslucido, da","D8mvry5"
"deslucimiento","D8oF7N7"
"deslucir","D8oR8QU"
"deslumbrador, ra","D8pS85s"
"deslumbramiento","D8prfuN"
"deslumbrante","D8pxs7p"
"deslumbrar","D8qTI0p"
"deslumbre","D8qkIQu"
"deslustrador, ra","D8u4DXe"
"deslustrar","D8uCeO4"
"deslustre","D8uuadD"
"deslustroso, sa","D8vvHHC"
"desmadejado, da","D8wo7fz"
"desmadejamiento","D8y3zd7"
"desmadejar","D8y9VxP"
"desmadrado, da","D8zY67J"
"desmadrar","D91esSJ"
"desmadre","D94jY3O"
"desmajolar","D94mCkg"
"desmajolar","D95eUVj"
"desmalazado, da","D95mfje"
"desmalezadora","D98J6CX"
"desmalezar","D9D7rYl"
"desmalingrar","D9Fsd8s"
"desmallador, ra","D9I5jWj"
"desmalladura","D9Iqpqh"
"desmallar","D9J5Jdg"
"desmamar","D9KlnCy"
"desmambichar","D9LZuOn"
"desnacionalización","DDI9OXo"
"desnacionalizar","DDN1cd5"
"desnarigado, da","DDNZwOf"
"desnarigar","DDPJ9nt"
"desnatado","DDPxJmn"
"desnatadora","DDS4SAp"
"desnatar","DDSmj2H"
"desnatural","DDT0jr6"
"desnaturalización","DDVqdoQ"
"desnaturalizado, da","DDWPxx1"
"desnaturalizar","DDWptqt"
"desnaturar","DDX2qUv"
"desnecesario, ria","DDYoR7b"
"desnegar","DDZV0Qv"
"desnervar","DDab9QH"
"desnevado, da","DDdT9za"
"desobedecer","DEKh4tt"
"desobediencia","DEL98iH"
"desobediente","DELDQqe"
"desobligar","DELR8f9"
"desobligo","DELX5lL"
"desobstrucción","DEM8LEJ"
"desobstruir","DEOngHh"
"desocasionado, da","DERnwZM"
"desocupación","DESoKno"
"desocupado, da","DETnz1O"
"desocupar","DEUqYga"
"desodorante","DEWy7xT"
"desodorizante","DEXFySY"
"desodorizar","DEXvHPb"
"desoír","DEdF849"
"desojar","DEdwPqw"
"desolación","DEeJyc8"
"desolado, da","DEfQPUO"
"desobedecer","DEKh4tt"
"desobediencia","DEL98iH"
"desobediente","DELDQqe"
"desobligar","DELR8f9"
"desobligo","DELX5lL"
"desobstrucción","DEM8LEJ"
"desobstruir","DEOngHh"
"desocasionado, da","DERnwZM"
"desocupación","DESoKno"
"desocupado, da","DETnz1O"
"desocupar","DEUqYga"
"desodorante","DEWy7xT"
"desodorizante","DEXFySY"
"desodorizar","DEXvHPb"
"desoír","DEdF849"
"desojar","DEdwPqw"
"desolación","DEeJyc8"
"desolado, da","DEfQPUO"
"desolador, ra","DEi4j2O"
"desolar","DElqOnS"
"desolazar","DElsVNr"
"desoldar","DElwN6O"
"desolladero","DEp80Ze"
"desollado, da","DEpn003"
"desollador, ra","DEqgY2L"
"desolladura","DErydFO"
"desollamiento","DEsnulh"
"desollar","DEt2e2j"
"desollón","DEulZuQ"
"desonzar","DEvILlz"
"desopilación","DEvaYJS"
"desopilante","DEwCa9M"
"desopilar","DEwTEEx"
"desopilativo, va","DEwVNST"
"desopinar","DExW4ug"
"desopresión","DEy3nXU"
"desoprimir","DEz8Ltn"
"desorbitado, da","DEzSB00"
"desorbitar","DF304BQ"
"desorción","DF4y0Qw"
"desorden","DF5Xi1F"
"desordenación","DF5arJX"
"desordenadamente","DF5pDX1"
"desordenado, da","DF6bgCQ"
"desordenamiento","DF6ke0V"
"desordenar","DF83kOr"
"desorejado, da","DFFAWh2"
"desorejamiento","DFKrg1R"
"desorejar","DFLzUSG"
"desorganización","DFMOnZz"
"desorganizadamente","DFN23K9"
"desorganizado, da","DFRWEwH"
"desorganizador, ra","DFS7vZu"
"desosar","DFbO77g"
"desosegar","DFeJByE"
"desosiego","DFegFEg"
"desovadero","DFesuzR"
"desovar","DFey2g8"
"desove","DFf2Iky"
"desovillar","DFfImnY"
"desoxidable","DFgB9Xg"
"desoxidación","DFgXTTU"
"desoxidante","DFhjFqb"
"desoxidar","DFpY0J2"
"desoxigenación","DFq7uwU"
"desoxigenar","DFqpfvC"
"desoxirribonucleico","DFrcSJ1"
"desoxirribonucleótido","DFs3daK"
"desoxirribosa","DFtfDa3"
"despabiladeras","DFy5xAY"
"despabilado, da","DG1e7np"
"despabilador, ra","DG4iifb"
"despabiladura","DG5j4EL"
"despabilar","DG5rRYr"
"despabilo","DG5zptT"
"despachada","DG8NAP6"
"despachada","DG8Njuv"
"despachaderas","DGDpzb7"
"despachado, da","DGEqEDW"
"despachador, ra","DGIAbfl"
"despachamiento","DGJaNqO"
"despachante","DGKd2xZ"
"despachar","DGRkjlF"
"despachero, ra","DGSjOhM"
"despacho","DGTPsJn"
"despachurrado, da","DGTh97B"
"desque","DQcjqxG"
"desquebrajar","DQj1vc6"
"desquejar","DQko60w"
"desqueje","DQkyqT9"
"desquerer","DQrzWR1"
"desquiciador, ra","DQubhQN"
"desquiciamiento","DQunVO0"
"desquiciante","DQvPSa4"
"desquiciar","DQw1Po9"
"desquicio","DQy0yyS"
"desquijaramiento","DR2Uhhp"
"desquijarar","DR5DkII"
"desquijerar","DR5TDmX"
"desquilar","DR6G9C8"
"desquilatar","DR9JQpr"
"desquilo","DRAsSNQ"
"desquitar","DRF8EBo"
"desquite","DRHeags"
"desque","DQcjqxG"
"desquebrajar","DQj1vc6"
"desquejar","DQko60w"
"desqueje","DQkyqT9"
"desquerer","DQrzWR1"
"desquiciador, ra","DQubhQN"
"desquiciamiento","DQunVO0"
"desquiciante","DQvPSa4"
"desquiciar","DQw1Po9"
"desquicio","DQy0yyS"
"desquijaramiento","DR2Uhhp"
"desquijarar","DR5DkII"
"desquijerar","DR5TDmX"
"desquilar","DR6G9C8"
"desquilatar","DR9JQpr"
"desquilo","DRAsSNQ"
"desquitar","DRF8EBo"
"desquite","DRHeags"
"desque","DQcjqxG"
"desquebrajar","DQj1vc6"
"desquejar","DQko60w"
"desqueje","DQkyqT9"
"desquerer","DQrzWR1"
"desquiciador, ra","DQubhQN"
"desquiciamiento","DQunVO0"
"desquiciante","DQvPSa4"
"desquiciar","DQw1Po9"
"desquicio","DQy0yyS"
"desquijaramiento","DR2Uhhp"
"desquijarar","DR5DkII"
"desquijerar","DR5TDmX"
"desquilar","DR6G9C8"
"desquilatar","DR9JQpr"
"desquilo","DRAsSNQ"
"desquitar","DRF8EBo"
"desquite","DRHeags"
"desrabar","DRIBKTT"
"desrabotar","DRJKrsh"
"desraigar","DRLd7Di"
"desraizar","DRMikDQ"
"desramar","DRMqOWx"
"desranchar","DRMrh3j"
"desraspado","DROSabk"
"desraspar","DRPlBs0"
"desratización","DRQvyNm"
"desratizador, ra","DRRupcb"
"desratizante","DRRus2F"
"desratizar","DRSsfxV"
"desrazonable","DRX74Zd"
"desreglar","DRXn6Pe"
"desregulación","DRY9aDX"
"desregulador, ra","DRZF4KS"
"desregular","DRZYiQC"
"desregularización","DRZaigW"
"desrabar","DRIBKTT"
"desrabotar","DRJKrsh"
"desraigar","DRLd7Di"
"desraizar","DRMikDQ"
"desramar","DRMqOWx"
"desranchar","DRMrh3j"
"desraspado","DROSabk"
"desraspar","DRPlBs0"
"desratización","DRQvyNm"
"desratizador, ra","DRRupcb"
"desratizante","DRRus2F"
"desratizar","DRSsfxV"
"desrazonable","DRX74Zd"
"desreglar","DRXn6Pe"
"desregulación","DRY9aDX"
"desregulador, ra","DRZF4KS"
"desregular","DRZYiQC"
"desregularización","DRZaigW"
"desregularizar","DRZjAw3"
"desrelingar","DRaydik"
"desrengar","DRbV4tS"
"desreputación","DRdcfoi"
"desrielar","DRdnvne"
"desriñonar","DRgmHTe"
"desriscar","DRhNrwk"
"desrizar","DRjGGpO"
"desrizar","DRjY3Py"
"desroblar","DRmAGgZ"
"desroñar","DRnZ4o2"
"desrostrar","DRnchAv"
"destablar","DRph6gi"
"destacable","DRqhpqN"
"destacado, da","DRsTzFa"
"destacamento","DRuYEgY"
"destacar","DRw9M3C"
"destace","DS0Sc3B"
"destachonar","DS1aXsQ"
"destaconar","DS5jbTN"
"destajador","DS5nx7f"
"destajamiento","DS6XGJM"
"destajar","DSDUk9I"
"destajero, ra","DSHMnVZ"
"destajista","DSHQOQ9"
"destajo","DSJVVyP"
"destallar","DSJY8yj"
"destalonar","DSKJXKL"
"destanteada","DSMI2IJ"
"destantear","DSNjGU4"
"destablar","DRph6gi"
"destacable","DRqhpqN"
"destacado, da","DRsTzFa"
"destacamento","DRuYEgY"
"destacar","DRw9M3C"
"destace","DS0Sc3B"
"destachonar","DS1aXsQ"
"destaconar","DS5jbTN"
"destajador","DS5nx7f"
"destajamiento","DS6XGJM"
"destajar","DSDUk9I"
"destajero, ra","DSHMnVZ"
"destajista","DSHQOQ9"
"destajo","DSJVVyP"
"destallar","DSJY8yj"
"destalonar","DSKJXKL"
"destanteada","DSMI2IJ"
"destantear","DSNjGU4"
"destablar","DRph6gi"
"destacable","DRqhpqN"
"destacado, da","DRsTzFa"
"destacamento","DRuYEgY"
"destacar","DRw9M3C"
"destace","DS0Sc3B"
"destachonar","DS1aXsQ"
"destaconar","DS5jbTN"
"destajador","DS5nx7f"
"destajamiento","DS6XGJM"
"destajar","DSDUk9I"
"destajero, ra","DSHMnVZ"
"destajista","DSHQOQ9"
"destajo","DSJVVyP"
"destallar","DSJY8yj"
"destalonar","DSKJXKL"
"destanteada","DSMI2IJ"
"destantear","DSNjGU4"
"destapada","DSOTzBr"
"destapador","DSPL5Ib"
"destapadura","DSQwzVH"
"destapar","DSSe7Gh"
"destape","DSTrls3"
"destapiado","DSUk208"
"destapiar","DSVXtQu"
"destaponar","DSXbi1O"
"destaque","DSYrgPM"
"destara","DSbphyg"
"destarar","DScwIvG"
"destartalado, da","DSggPhN"
"destartalar","DSj1Brw"
"destartalo","DSkkWvT"
"destazador, ra","DSmDyl0"
"destazar","DSmo7qr"
"deste, ta","DSn3h29"
"destechadura","DSnyAoC"
"destechar","DStaYKH"
"destejar","DSvJnfq"
"destejer","DSyCljI"
"destellar","DSyN2du"
"destellear","DSyXsjL"
"destello","DT0BPkE"
"destemperado, da","DT1y7NB"
"destempladamente","DT2uMKC"
"destemplado, da","DT87WTf"
"destemplador, ra","DT8ujIh"
"destemplanza","DT8zgZb"
"destemplar","DT93zzA"
"destemple","DT9vkKg"
"destensar","DTBQLRP"
"destentar","DTBYFrx"
"destiempo","DTgQodV"
"destiento","DTgXV84"
"destierro","DTh9AQi"
"destilable","DThGsP2"
"destilación","DThWPBt"
"destiladera","DTkdhff"
"destilador, ra","DTlQRub"
"destilar","DTljaHR"
"destilatorio, ria","DTmgHsv"
"destilería","DTmpmXf"
"destinación","DTotd9o"
"destinado","DTtK4Mk"
"destinado","DTy95KP"
"destinar","DTzRYFc"
"destinar","DU4GpqO"
"destinatario, ria","DU4pn5f"
"destino","DU58TNx"
"destiñar","DU5g6kp"
"destiempo","DTgQodV"
"destiento","DTgXV84"
"destierro","DTh9AQi"
"destilable","DThGsP2"
"destilación","DThWPBt"
"destiladera","DTkdhff"
"destilador, ra","DTlQRub"
"destilar","DTljaHR"
"destilatorio, ria","DTmgHsv"
"destilería","DTmpmXf"
"destinación","DTotd9o"
"destinado","DTtK4Mk"
"destinado","DTy95KP"
"destinar","DTzRYFc"
"destinar","DU4GpqO"
"destinatario, ria","DU4pn5f"
"destino","DU58TNx"
"destiñar","DU5g6kp"
"destiño","DU60lgN"
"destiranizado, da","DU6xVbc"
"destirpar","DU7RNWL"
"destitución","DUAH2nf"
"destituible","DUDUoCJ"
"destituidor, ra","DUDxCbm"
"destituir","DUH08Jz"
"destitulado, da","DUH7BqE"
"destín","DTmqinG"
"destocar","DUKA1Yi"
"destorcedura","DUPN2m7"
"destorcer","DUPUWRz"
"destorgar","DUPsGBy"
"destormar","DURxCae"
"destornillado, da","DUSNA46"
"destornillador","DUVd5lp"
"destornillamiento","DUXBcRB"
"destornillar","DUZhCps"
"destorpadura","DUcgB6p"
"destorpar","DUcgIX8"
"destoserse","DUeBRK1"
"destotro, tra","DUfL0gt"
"destrabar","DUgLjpF"
"destrabazón","DUgh2zD"
"destral","DUifeAM"
"destraleja","DUkn09E"
"destralero","DUloAho"
"destramar","DUlrvyN"
"destrejar","DUr8K0E"
"destrenzar","DUr9zr5"
"destrero, ra","DUrnzXt"
"destreza","DUtSRFO"
"destreza","DUvj7SX"
"destributar","DV1SPDH"
"destricia","DV1Z2ID"
"destrincar","DV3LBcz"
"destripacuentos","DV5Fonw"
"destripador, ra","DV5OcLO"
"destripamiento","DV8U1p7"
"destripar","DV96tNu"
"destripaterrones","DV9g5El"
"destrabar","DUgLjpF"
"destrabazón","DUgh2zD"
"destral","DUifeAM"
"destraleja","DUkn09E"
"destralero","DUloAho"
"destramar","DUlrvyN"
"destrejar","DUr8K0E"
"destrenzar","DUr9zr5"
"destrero, ra","DUrnzXt"
"destreza","DUtSRFO"
"destreza","DUvj7SX"
"destributar","DV1SPDH"
"destricia","DV1Z2ID"
"destrincar","DV3LBcz"
"destripacuentos","DV5Fonw"
"destripador, ra","DV5OcLO"
"destripamiento","DV8U1p7"
"destripar","DV96tNu"
"destripaterrones","DV9g5El"
"destriunfar","DVBALXS"
"destrizar","DVBd12F"
"destrísimo, ma","DVAQeso"
"destrocar","DVD97Vr"
"destronamiento","DVE1vG4"
"destronar","DVE47Xb"
"destroncamiento","DVH7ZfE"
"destroncar","DVHsxdO"
"destronchar","DVI0dn3"
"destronconar","DVLErcu"
"destronque","DVMFOo9"
"destropar","DVNPNMJ"
"destrozador, ra","DVOAd8M"
"destrozar","DVODzHS"
"destrozo","DVOzMem"
"destrozón, na","DVPBbGr"
"destrón","DVDgE99"
"destrucción","DVQXGAk"
"destructibilidad","DVWZfbS"
"destructible","DVXq0O1"
"destructivamente","DVXuMnz"
"destructividad","DVZLraB"
"destructivo, va","DVbRyKw"
"destructor, ra","DVgycgZ"
"destrueco","DVhlGcV"
"destrueque","DVjKU6m"
"destruible","DVkKXMI"
"destruición","DVly4u3"
"destruidor, ra","DVmA5Sf"
"destruimiento","DVmgIV1"
"destruir","DVqxIJU"
"destullecer","DVz8DQO"
"destupición","DW01075"
"destupir","DW4HBNl"
"desturbar","DW6cMtO"
"desturcar","DW7UubI"
"destusar","DWBYdYX"
"desubicación","DWCXkb1"
"desubicado, da","DWEWska"
"desubicar","DWFbXOL"
"desucación","DWHmLF5"
"desucar","DWJCJWO"
"desudación","DWJIqHC"
"desudar","DWJM2JO"
"desuellacaras","DWMdBxe"
"desuello","DWOVzHY"
"desuerar","DWQJezq"
"desuncir","DWRV1zg"
"desunión","DWSSmel"
"desunir","DWTLOBX"
"desuñar","DWW93kw"
"desuñir","DWZ2pKJ"
"desurcar","DWZYDKn"
"desurdir","DWbijuX"
"desurtido, da","DWejBLj"
"desubicación","DWCXkb1"
"desubicado, da","DWEWska"
"desubicar","DWFbXOL"
"desustanciar","DWreoHN"
"desucación","DWHmLF5"
"desucar","DWJCJWO"
"desudación","DWJIqHC"
"desudar","DWJM2JO"
"desuellacaras","DWMdBxe"
"desuello","DWOVzHY"
"desuerar","DWQJezq"
"desuncir","DWRV1zg"
"desunión","DWSSmel"
"desunir","DWTLOBX"
"desuñar","DWW93kw"
"desuñir","DWZ2pKJ"
"desurcar","DWZYDKn"
"desurdir","DWbijuX"
"desurtido, da","DWejBLj"
"desusadamente","DWpRlQE"
"desusado, da","DWqpI82"
"desusar","DWr3EEv"
"desuso","DWrTUKw"
"desustanciar","DWreoHN"
"desús","DWntne7"
"desvahar","DWsWbIo"
"desvaído, da","DWswfgY"
"desvaidura","DWwvzbD"
"desvainadura","DWzmejV"
"desvainar","DX12hDO"
"desvaír","DX2arIE"
"desvalido, da","DX4myLA"
"desvalijador, ra","DX5V6Ap"
"desvalijamiento","DX6V5e4"
"desvalijar","DX6qqWT"
"desvalijo","DX7Tk4g"
"desvalimiento","DX8duTH"
"desvalor","DX8jRlv"
"desvalorar","DX9XRij"
"desvalorización","DXADwH9"
"desvalorizar","DXCwqfa"
"desván","DXFdc4B"
"deshierba","D3zJ0Pc"
"deshierbador, ra","D42ZmnX"
"deshierbar","D42gTlf"
"deshierbe","D43suNz"
"desyemar","DZ2GA02"
"desyerbo","DZ8jQeF"
"desyugar","DZ9FWTR"
"desyuncir","DZ9es9H"
"deszafrar","DZAbg0P"
"deszafre","DZClpwa"
"deszocar","DZE4YCG"
"deszulacar","DZHUI5P"
"deszumar","DZKwXK5"
"des-","CJuPwUn"
"detal","DZNI0ds"
"detall","DZNehPb"
"detalladamente","DZOI03v"
"detallado, da","DZPKWjP"
"detallar","DZQQjZR"
"detalle","DZQewBm"
"detallismo","DZRdzxF"
"detallista","DZRfANa"
"detalloso, sa","DZTrCAC"
"detardamiento","DZYOwQl"
"detardar","DZZpMn0"
"detasa","DZeSkvz"
"detección","DZeWByg"
"detectable","DZepMRW"
"detectar","DZg9yp1"
"detective","DZgbHzm"
"detectivesco, ca","DZmS7he"
"deuda","DauWaFm"
"deudo, da","DavROl3"
"deudor, ra","Davjifl"
"deudoso, sa","Dawqe3Y"
"deus ex machina","Daz0cCK"
"deuteragonista","Db0Re2P"
"deuterio","Db1eJP6"
"deuterón","Db1jQTE"
"deutón","Db7kkQh"
"devalar","Db7unmO"
"devaluación","Db8Ik6f"
"devaluador, ra","Db9eMJV"
"devaluar","DbA3PbB"
"devaluatorio, ria","DbAHRxI"
"devanadera","DbCgQ3O"
"devanado","DbCpAwP"
"devanador, ra","DbEoXxe"
"devanagari","DbFX3FP"
"devanar","DbGUcGu"
"devandicho, cha","DbIXPlF"
"devaneador, ra","DbJGqui"
"devanear","DbJq8Rp"
"devaneo","DbNqfQY"
"devantal","DbPQROE"
"dexiocardia","DcYcVAi"
"dextrina","DcYhv1B"
"dextrismo","DcafGUM"
"dextro","DcbOnoG"
"dextrógiro, ra","DcbkSfT"
"dextrorso, sa","DccI7yr"
"dextrosa","Dcch81S"
"dey","DcdOjfl"
"deyección","Dcetf8U"
"deyecto, ta","Dcg8HRg"
"dezmable","DchYMtB"
"dezmar","Dckyqwr"
"dezmatorio","DclihLI"
"dezmeño, ña","DcmC3Z5"
"dezmería","DcmKO6B"
"dezmero, ra","Dco9Q9s"
"de-","BtJ9Zbw"
"débil","BuAjlGh"
"débilmente","BuJCiBR"
"débito","BuN2RLY"
"década","BuaINgV"
"décimo, ma","BwrfRZm"
"décuplo, pla","BzpT4tV"
"dédalo","C0GXZXj"
"déficit","C2gGiMn"
"dél","C5wxfgH"
"délfico, ca","C6mI5WR"
"dérmico, ca","CHXIRgG"
"déshabillé","D2fGaIq"
"déspota","DOgg9rU"
"déspoto","DOsWSQ2"
"di-","Dcs6ogd"
"di-","DcsCE20"
"dia-","DcsXwJN"
"diabasa","DcsZLfq"
"diabático, ca","Dcuv8g5"
"diabetes","Dcw8l1D"
"diabético, ca","DcwlovN"
"diabeto","Dcxrom1"
"diabetología","Dcz153A"
"diabetólogo, ga","Dczx13r"
"diabla","Dd2wg9D"
"diablada","Dd3TLS1"
"diablado, da","Dd6IvIJ"
"diablear","Dd9Yo1u"
"diablero, ra","DdDWzKb"
"diablesa","DdEHlFX"
"diablesco, ca","DdGHmLa"
"dí","DcrvxSh"
"día","DcsVyE1"
"díada","DdjkXy0"
"díceres","DgPaRnk"
"díctamo","DhELy9U"
"díctico, ca","DhLAFp5"
"dídimo, ma","Dhc0ejy"
"dígito","DlH7Puo"
"dígrafo","DldSVl0"
"dímero","DnEQ6GS"
"dímetro","DnHAo1r"
"dinamo","Do2XfCe"
"díptero, ra","DqA7yZF"
"díptica","DqNZKMH"
"díptico","DqOjtmZ"
"dírham","DrAmMfa"
"dírhem","DrBIH4h"
"DNA","E1xhjgs"
"DNI","E1yehOH"
"do","E1z0RhR"
"do","E1zbR6E"
"dobla","E20Rf1l"
"doblada","E20xKEc"
"dobladamente","E218Uce"
"dobladilla","E21lzQQ"
"dobladillar","E22IEeF"
"dobladillo","E25OrRf"
"doblado, da","E2BYhia"
"doblador, ra","E2C9B1G"
"dobladura","E2CGv1a"
"doblaje","E2DzUBK"
"doblamiento","E2GQVdh"
"doblar","E2IMRrD"
"doble","E2KwfZ9"
"doblegable","E2MeTtt"
"doblegadizo, za","E2PuuKb"
"doblegadura","E2RWfJT"
"doblegamiento","E2RZg5a"
"dobla","E20Rf1l"
"doblada","E20xKEc"
"dobladamente","E218Uce"
"dobladilla","E21lzQQ"
"dobladillar","E22IEeF"
"dobladillo","E25OrRf"
"doblado, da","E2BYhia"
"doblador, ra","E2C9B1G"
"dobladura","E2CGv1a"
"doblaje","E2DzUBK"
"doblamiento","E2GQVdh"
"doblar","E2IMRrD"
"doble","E2KwfZ9"
"doblegable","E2MeTtt"
"doblegadizo, za","E2PuuKb"
"doblegadura","E2RWfJT"
"doblegamiento","E2RZg5a"
"doblegar","E2Twtx8"
"dobla","E20Rf1l"
"doblada","E20xKEc"
"dobladamente","E218Uce"
"dobladilla","E21lzQQ"
"dobladillar","E22IEeF"
"dobladillo","E25OrRf"
"doblado, da","E2BYhia"
"doblador, ra","E2C9B1G"
"dobladura","E2CGv1a"
"doblaje","E2DzUBK"
"doblamiento","E2GQVdh"
"doblar","E2IMRrD"
"doble","E2KwfZ9"
"doblegable","E2MeTtt"
"doblegadizo, za","E2PuuKb"
"doblegadura","E2RWfJT"
"doblegamiento","E2RZg5a"
"doblegar","E2Twtx8"
"dobla","E20Rf1l"
"doblada","E20xKEc"
"dobladamente","E218Uce"
"dobladilla","E21lzQQ"
"dobladillar","E22IEeF"
"dobladillo","E25OrRf"
"doblado, da","E2BYhia"
"doblador, ra","E2C9B1G"
"dobladura","E2CGv1a"
"doblaje","E2DzUBK"
"doblamiento","E2GQVdh"
"doblar","E2IMRrD"
"doble","E2KwfZ9"
"doblegable","E2MeTtt"
"doblegadizo, za","E2PuuKb"
"doblegadura","E2RWfJT"
"doblegamiento","E2RZg5a"
"doblegar","E2Twtx8"
"doblemente","E2VPHue"
"doblería","E2VnJ2Z"
"doblero","E2XWYex"
"doblescudo","E2a9xHQ"
"doblete","E2cD6s7"
"dobletear","E2cnzYW"
"dobletroque","E2gaiIa"
"doblez","E2lTW9l"
"doblilla","E2mkV2P"
"doblo","E2nyKV4"
"doblonada","E2peUzK"
"doblón","E2p2jCK"
"dobro","E2pfTjI"
"doca","E2qRSYF"
"doce","E2qmGNj"
"doceañista","E2rbQbz"
"doceavo, va","E2rftKr"
"docenal","E2wXSnC"
"docenario, ria","E2ww6yq"
"docencia","E2yFyXP"
"doceno, na","E308E30"
"docente","E30trd8"
"doceta","E351Zlm"
"docético, ca","E35ijVt"
"docetismo","E36fkwo"
"docible","E38LrV0"
"docientos, tas","E39O0x6"
"docilidad","E3GeTVv"
"dodeca-","E4JRY2T"
"dodecaedro","E4JxthY"
"dodecafonía","E4Ko0Vp"
"dodecafónico, ca","E4NituI"
"dodecafonismo","E4OlKcB"
"dodecágono, na","E4PC6zK"
"dodecasílabo, ba","E4RpsJ2"
"dodecástilo, la","E4SRTB8"
"dodo","E4WquHH"
"dodrante","E4XZAAl"
"doga","E4Zkxhe"
"dogal","E4a54rl"
"dogaresa","E4bOP5T"
"dogma","E4earE8"
"dogmáticamente","E4i0STi"
"dogmático, ca","E4kFi41"
"dogmatismo","E4n9hty"
"dogmatista","E4oq8nx"
"dogmatizador, ra","E4qbNBD"
"dogmatizante","E4rJYRD"
"dogmatizar","E4rYmFx"
"dogo","E4trMUc"
"dogo","E4y2Hfr"
"dogón, na","E4z31ih"
"dogre","E52pFWB"
"dola","E52vaT4"
"doladera","E55LfQJ"
"dolado, da","E5886O2"
"dolador","E5AcO8U"
"doladura","E5CZPPW"
"dolaje","E5CgX2q"
"dolama","E5Czmvk"
"dolame","E5DUGYY"
"dolar","E5DwtgM"
"dolarización","E5EoEPJ"
"dolarizarse","E5Evhgk"
"dolencia","E5FHcSm"
"doler","E5H1Ikj"
"dolicocefalia","E5HJGl8"
"dolicocéfalo, la","E5IVyt1"
"dolido, da","E5LQ3PZ"
"doliente","E5NwSC8"
"dom","E5zqgT7"
"doma","E60UdJs"
"domable","E61SGW7"
"domada","E63d33y"
"domador, ra","E6CPUDW"
"domadura","E6CwzpI"
"domanio","E6D1dU7"
"domar","E6F9eDl"
"dombenitense","E6GufZT"
"dombo","E6KKhRt"
"domeñable","E6KaMEv"
"domeñar","E6MewMw"
"domesticable","E6N9mFA"
"domesticación","E6NqgQt"
"domesticado","E6O1Jdx"
"domésticamente","E6OBsQ5"
"domesticar","E6OIFvN"
"domesticidad","E6PNtEx"
"doméstico, ca","E6SHWSY"
"doma","E60UdJs"
"domable","E61SGW7"
"domada","E63d33y"
"domador, ra","E6CPUDW"
"domadura","E6CwzpI"
"domanio","E6D1dU7"
"domar","E6F9eDl"
"dombenitense","E6GufZT"
"dombo","E6KKhRt"
"domeñable","E6KaMEv"
"domeñar","E6MewMw"
"domesticable","E6N9mFA"
"domesticación","E6NqgQt"
"domesticado","E6O1Jdx"
"domesticar","E6OIFvN"
"domesticidad","E6PNtEx"
"domestiquez","E6Vy04x"
"domestiqueza","E6XVixr"
"domésticamente","E6OBsQ5"
"doméstico, ca","E6SHWSY"
"domiciliación","E6Z3xF1"
"domiciliar","E6Z9XiH"
"domiciliario, ria","E6Zbfjo"
"domicilio","E6cyAL3"
"dominable","E6ejmOm"
"dominación","E6fjrDp"
"dominador, ra","E6gifh2"
"dominancia","E6kak4S"
"dominante","E6kuZ1h"
"dominar","E6m8yUL"
"dominativo, va","E6oAt90"
"dominatriz","E6ohxvl"
"dominga","E6qDS5s"
"domingada","E6qENTp"
"domingo","E6rLYdv"
"Domingo","E6srI3L"
"dominguejo","E6tMCzc"
"dominguero, ra","E6wtdnr"
"domiciliación","E6Z3xF1"
"domiciliar","E6Z9XiH"
"domiciliario, ria","E6Zbfjo"
"domicilio","E6cyAL3"
"dominable","E6ejmOm"
"dominación","E6fjrDp"
"dominador, ra","E6gifh2"
"dominancia","E6kak4S"
"dominante","E6kuZ1h"
"dominar","E6m8yUL"
"dominativo, va","E6oAt90"
"dominatriz","E6ohxvl"
"dominga","E6qDS5s"
"domingada","E6qENTp"
"domingo","E6rLYdv"
"Domingo","E6srI3L"
"dominguejo","E6tMCzc"
"dominguero, ra","E6wtdnr"
"dominguillo","E7Abgd6"
"domínica","E7EotcJ"
"dominical","E7FJARb"
"dominicanidad","E7GflP1"
"dominico, ca","E7IQPdx"
"dominable","E6ejmOm"
"dominación","E6fjrDp"
"dominador, ra","E6gifh2"
"dominancia","E6kak4S"
"dominante","E6kuZ1h"
"dominar","E6m8yUL"
"dominativo, va","E6oAt90"
"dominatriz","E6ohxvl"
"dominga","E6qDS5s"
"domingada","E6qENTp"
"domingo","E6rLYdv"
"Domingo","E6srI3L"
"dominguejo","E6tMCzc"
"dominguero, ra","E6wtdnr"
"dominguillo","E7Abgd6"
"domínica","E7EotcJ"
"dominical","E7FJARb"
"dominicanidad","E7GflP1"
"dominicanismo","E7GkmPL"
"dominicano, na","E7I5nuW"
"dominico, ca","E7IQPdx"
"dominio","E7NKfBh"
"dominiqués, sa","E7OSDVc"
"dominó","E7RQwmu"
"domínica","E7EotcJ"
"domínico, ca","E7JMLVP"
"domo","E7TLL5o"
"domótico, ca","E7W0v9b"
"dompedro","E7aV3YB"
"don","E7db2Hk"
"don","E7fKGDe"
"dona","E7geXGu"
"dona","E7idAOn"
"dona","E7lU6Md"
"donación","E7oF9KZ"
"donadío","E7p7pMK"
"donado, da","E7qbVFl"
"donador, ra","E7rtniV"
"donaire","E7sgtkm"
"donairoso, sa","E7u7BPf"
"donante","E7upZs7"
"donar","E7vNWWw"
"donatario, ria","E7xI90n"
"donatismo","E7ymTYa"
"donatista","E7zk7PK"
"donativo","E840E0D"
"doncel","E86aCJm"
"dona","E7geXGu"
"dona","E7idAOn"
"dona","E7lU6Md"
"donación","E7oF9KZ"
"donadío","E7p7pMK"
"donado, da","E7qbVFl"
"donador, ra","E7rtniV"
"donaire","E7sgtkm"
"donairoso, sa","E7u7BPf"
"donante","E7upZs7"
"donar","E7vNWWw"
"donatario, ria","E7xI90n"
"donatismo","E7ymTYa"
"donatista","E7zk7PK"
"donativo","E840E0D"
"doncel","E86aCJm"
"doncella","E897H8U"
"doncellería","E89V7GY"
"doncellez","E89aFNT"
"doncellil","E89c964"
"doncellueca","E89rya7"
"dond","E8E9XU6"
"donde","E8FfJ0i"
"dondequiera","E8JIKmq"
"dondiego","E8LR1Vi"
"doneador","E8LUu1R"
"donear","E8MSVYo"
"doneo","E8Nnl3m"
"donfrón","E8PthUc"
"donguindo","E8SQgNh"
"donillero","E8Se9aH"
"donjuán","E8TsbbS"
"donjuanear","E8W9BRQ"
"donjuanesco, ca","E8WM84K"
"donjuanismo","E8X5O4o"
"don","E7fKGDe"
"donosidad","E8XLusx"
"donosilla","E8XRoVt"
"donoso, sa","E8YR9HM"
"donostiarra","E8au7Sy"
"donosura","E8avKkF"
"donquijotesco, ca","E8b9Oty"
"dontancredismo","E8cjMQ0"
"don","E7fKGDe"
"doña","E8dTFSH"
"doña","E8f5Sxk"
"doñaguil","E8fXnBj"
"doñeador","E8g6Tgj"
"doñear","E8gAeXm"
"doñegal","E8gCok0"
"doñeguil","E8gsbS0"
"doñigal","E8i4dw2"
"dopa","E8ifWoF"
"dopado","E8jQvaJ"
"dopaje","E8pdOru"
"dopamina","E8q0hPl"
"dopante","E8qBC0C"
"dopar","E8trRe0"
"doppler","E8wlA9b"
"doquier","E8yw125"
"doquiera","E8zP4vC"
"doquiere","E8ziRAL"
"dorace","E937DVg"
"doradillo, lla","E95rRmG"
"dorado, da","E98Vnc1"
"dorador, ra","E997W6A"
"doradura","E99aP2u"
"doral","E9AGzTn"
"dorar","E9BCKRz"
"dorio, ria","E9Dbd1l"
"dormán","E9KhurI"
"dormición","E9Legaa"
"dormida","E9QLOki"
"dormidero, ra","E9UMqoF"
"dormido","E9Uyb3v"
"dormidor, ra","E9WHr7p"
"dos","EA0Jc84"
"dosalbo, ba","EA1zBUZ"
"doscientos, tas","EA2ZLJI"
"dosel","EA3bOHE"
"doselera","EA4cIq7"
"doselete","EA6PGOO"
"dosier","EA8M42s"
"dosificable","EA9u4fZ"
"dosificación","EAB6DvL"
"dosificador, ra","EAIjE5z"
"dosificar","EAJoSAk"
"dosillo","EAKaKDm"
"dosimetría","EANCe2E"
"dosimétrico, ca","EARNec5"
"dosímetro","EARSb6S"
"dosis","EASwa0D"
"dotación","EAUavnY"
"dotacional","EAVAgCa"
"dotado, da","EAVjrlu"
"dotador, ra","EAYVczB"
"dotal","EAdORLE"
"dotar","EAfPPPB"
"dote","EAgN6Fq"
"dotor, ra","EAhgEt4"
"dotrina","EAj4Ual"
"dotrinar","EAoWWdD"
"dotrinero","EAokw9I"
"doula","EAolX6F"
"dovela","EAqlWnW"
"dovelaje","EArBnOp"
"dovelar","EArF0l0"
"Down","EArj9SL"
"doxografía","EArkMVG"
"doxógrafo, fa","EArlWWD"
"doxología","EAsAbYA"
"doy","EAsKyVN"
"dozavado, da","EAsNPhb"
"dozavo, va","EAyEoi5"
"dóberman","E20Jvdg"
"dócil","E3B5YRR"
"dócilmente","E3Ipmxz"
"dólar","E5EQppW"
"dóllimo","E5OhsPF"
"dólope","E5mLOO1"
"dómine","E6puyff"
"dominó","E7RQwmu"
"donde","E8FfJ0i"
"dónde","E8IkjRi"
"dónut","E8ckJRm"
"dórico, ca","E9D7kEg"
"draba","EB1w9bt"
"dracma","EB4UbGO"
"draconiano, na","EB7Dify"
"draculino, na","EB7WlTy"
"draga","EB7jMZy"
"dragado","EBE1VGi"
"dragaminas","EBEeWqp"
"dragante","EBH65ha"
"dragar","EBH9jaK"
"dragea","EBNE3fO"
"drago","EBOrwO0"
"dragomán","EBPnlJ8"
"dragón, na","EBQTIka"
"dragoncillo","EBS84Qd"
"dragonear","EBX6inE"
"dragoneo","EBYUJuH"
"dragonete","EBZgYGg"
"dseta","EDVZNPs"
"dual","EDW7Kaf"
"dualidad","EDX0pOo"
"dualismo","EDXLiKs"
"dualista","EDXqSxv"
"dualístico, ca","EDgmGhE"
"dualización","EDgnWOK"
"dualizar","EDgoyCN"
"duarte","EDhMh6R"
"duatlón","EDhR9HR"
"duba","EDi5enZ"
"dubda","EDikZAl"
"dubio","EDjPaG2"
"dubitable","EDjb2Tc"
"dubitación","EDkW6KW"
"dubitante","EDkz3pI"
"dubitativo, va","EDmNHbK"
"dublinés, sa","EDrbBF0"
"dúa","EDVmS56"
"dúctil","EEC9JvR"
"dúho","EFA2da4"
"dúo","EGQWN52"
"dúplex","EGpWJHF"
"dúplica","EGtSuN5"
"dúplice","EH6w65j"
"DVD","EITKPOm"
"e-","EIWcxpl"
"e","EIVnk2C"
"e","EIVzI8t"
"ea","EIavMkp"
"eagle","EIeIImv"
"easonense","EIfikPv"
"ebanista","EIlGX5x"
"ebanistería","EInyx4W"
"ebenáceo, a","EIpYlcv"
"ebionita","EIqDtV5"
"ebonita","EIqFrBG"
"eborario, ria","EIsA7QC"
"ebrancado, da","EItIPZF"
"ebriedad","EIv7q5p"
"ebrio, bria","EIvrmim"
"ebrioso, sa","EIxRQee"
"ébano","EIozPc8"
"ébola","EIqEsLa"
"écfrasis","EJYjZgA"
"écloga","EKYE9fh"
"éctasis","ELxN75M"
"éfeta","EPLuQAP"
"éforo","EPxxbQg"
"égida","EQGqMmW"
"égloga","EQndFMo"
"él, ella","ESsilCu"
"élego, ga","EWifsqt"
"élite","EXtXytb"
"élitro","EY1rtoA"
"émbolo","Eevzsab"
"émbroca","EgkGKMj"
"émulo, la","Eu8Xngd"
"éneo, a","FG55nFT"
"cuartel","BT1Y4My"
"f","HR2Z6MX"
"fa","HR36rG7"
"faba","HR3zCpA"
"fabada","HR5xuHK"
"fabianismo","HR6VV2k"
"fabla","HR8YsH9"
"fablable","HR8lzWN"
"fablar","HR9V1Ah"
"fabliella","HRAqdC7"
"fablistanear","HRDt37N"
"fabo","HRFMleH"
"fabordón","HRFnn0o"
"fábrica","HRJlIp7"
"fabricación","HRKwsnj"
"fabricador, ra","HRMWBBZ"
"fabricante","HRQulqE"
"fabricar","HRUPsHJ"
"fabril","HRX1cmJ"
"fa","HR36rG7"
"faba","HR3zCpA"
"fabada","HR5xuHK"
"fabianismo","HR6VV2k"
"fabla","HR8YsH9"
"fablable","HR8lzWN"
"fablar","HR9V1Ah"
"fabliella","HRAqdC7"
"fablistanear","HRDt37N"
"fabo","HRFMleH"
"fabordón","HRFnn0o"
"fabricación","HRKwsnj"
"fabricador, ra","HRMWBBZ"
"fabricante","HRQulqE"
"fabricar","HRUPsHJ"
"fabril","HRX1cmJ"
"fabriquero","HRYy27I"
"fabro","HRZ3oJr"
"fabuco","HRbsa7L"
"faba","HR3zCpA"
"fabada","HR5xuHK"
"fabianismo","HR6VV2k"
"fabla","HR8YsH9"
"fablable","HR8lzWN"
"fablar","HR9V1Ah"
"fabliella","HRAqdC7"
"fablistanear","HRDt37N"
"fabo","HRFMleH"
"fabordón","HRFnn0o"
"fabricación","HRKwsnj"
"fabricador, ra","HRMWBBZ"
"fabricante","HRQulqE"
"fabricar","HRUPsHJ"
"fabril","HRX1cmJ"
"fabriquero","HRYy27I"
"fabro","HRZ3oJr"
"fabuco","HRbsa7L"
"fabulación","HRcX3qh"
"faba","HR3zCpA"
"fabada","HR5xuHK"
"fabianismo","HR6VV2k"
"fabla","HR8YsH9"
"fablable","HR8lzWN"
"fablar","HR9V1Ah"
"fabliella","HRAqdC7"
"fablistanear","HRDt37N"
"fabo","HRFMleH"
"fabordón","HRFnn0o"
"fabricación","HRKwsnj"
"fabricador, ra","HRMWBBZ"
"fabricante","HRQulqE"
"fabricar","HRUPsHJ"
"fabril","HRX1cmJ"
"fabriquero","HRYy27I"
"fabro","HRZ3oJr"
"fabuco","HRbsa7L"
"fabulación","HRcX3qh"
"fabulador, ra","HRds7Rf"
"fabular","HRffa8K"
"fabular","HRgaSSn"
"fabulario","HRgnrar"
"fabulista","HRhyL47"
"fabulístico, ca","HRlotpE"
"fabulosamente","HRpd5Nv"
"fabulosidad","HRpvD9n"
"fabuloso, sa","HRqMXys"
"faca","HRtCLgj"
"facazo","HS1BFtW"
"facción","HS2Wg2F"
"faccionar","HS3BA0u"
"faccionario, ria","HS5sSHm"
"faccioso, sa","HS6LAqf"
"facecia","HSBP6zy"
"facecioso, sa","HSBdOoF"
"facedor, ra","HSFxi1O"
"facer","HSGkVzy"
"facería","HSHG1ix"
"facero, ra","HSJQnA6"
"faceruelo","HSLWAE0"
"faceta","HSQjnAf"
"facetado, da","HST7baB"
"faceto, ta","HSVCdHa"
"fada","HU7Nljw"
"fadiga","HU854bA"
"fadista","HU8NqNK"
"fado","HU9U1E8"
"fadrubado, da","HU9duEN"
"faena","HUAsePY"
"faenar","HUBDq0R"
"faenero, ra","HUHGYw9"
"faetón","HUJ3JB7"
"fafarachero, ra","HULC8qP"
"fagáceo, a","HULSzTb"
"fago","HUPClvF"
"fago-, ‒́fago, ga","HUPUzSc"
"fagocitación","HURE6JY"
"fagocitar","HUZs7zr"
"fagocitario, ria","HUajLot"
"fagocito","HUbaadw"
"fagocitosis","HUdZpf2"
"fagot","HUdf69V"
"fagote","HUe0wBh"
"fagotista","HUe5601"
"fagüeño","HUifJwU"
"Fahrenheit","HUii7L9"
"fai","HUj0ZE5"
"faical","HUkjM5V"
"fainá","HUkkG3f"
"fainada","HUlPnzl"
"fainera","HUn48Hh"
"fainería","HUoFYLk"
"faino, na","HUph8Z6"
"faique","HUr9O5F"
"fair play","HUrGMOE"
"faisán","HUs0NPF"
"faisán","HUsYgmP"
"faisanería","HUss61t"
"faisanero, ra","HV0Hh5n"
"faja","HV2n9gD"
"fajada","HV4bSXR"
"fajado, da","HV5140G"
"fajador, ra","HV5Se6O"
"fajadura","HV8oGNv"
"fajamiento","HV9hpYb"
"fajana","HVAA6VK"
"fajar","HVBba2W"
"fajardeño, ña","HVCbIQY"
"fajardo","HVCpGkM"
"fajares","HVDzuGF"
"fajazo","HVEwrHz"
"fajeado, da","HVFTvWc"
"fajear","HVFc45O"
"fajero","HVGq6LO"
"fajilla","HVIDTNH"
"fajín","HVJK9tf"
"falacia","HVXQdUl"
"faláfel","HVXYZc2"
"falagar","HVXbPKC"
"falago","HVYQQWQ"
"falagüeño, ña","HVcMQLE"
"falaguero, ra","HVfCKey"
"falange","HVhSR3d"
"falangeta","HViZgGQ"
"falangia","HVinyU9"
"falangiano, na","HVjhQQy"
"falangina","HVlMFjj"
"falangio","HVm3DJk"
"falangismo","HVp7bsU"
"falangista","HVr7UrR"
"falansterio","HVwADQ1"
"falárica","HVwlCJY"
"fama","HZgs1k2"
"fambre","HZgyVPb"
"fame","HZhWHco"
"famélico, ca","HZkrFJL"
"familia","HZnZiow"
"familiar","HZqrvwe"
"familiaridad","HZrSor2"
"familiarizar","HZtMTLY"
"familiarmente","HZuPnix"
"familiatura","HZvicTN"
"familio","HZwmppO"
"familión","HZx5Pfn"
"famillo","HZyDaSu"
"famosamente","HZziacJ"
"famoseo","Ha0zeO1"
"famoso, sa","Ha1W2C6"
"famular","Ha20LVh"
"famulato","Ha5CBpd"
"fama","HZgs1k2"
"fambre","HZgyVPb"
"fame","HZhWHco"
"famélico, ca","HZkrFJL"
"familia","HZnZiow"
"familiar","HZqrvwe"
"familiaridad","HZrSor2"
"familiarizar","HZtMTLY"
"familiarmente","HZuPnix"
"familiatura","HZvicTN"
"familio","HZwmppO"
"familión","HZx5Pfn"
"famillo","HZyDaSu"
"famosamente","HZziacJ"
"famoseo","Ha0zeO1"
"famoso, sa","Ha1W2C6"
"famular","Ha20LVh"
"famulato","Ha5CBpd"
"famulicio","Ha6U0ds"
"fan","Ha73tO6"
"fanal","Ha7MRJl"
"fanaticada","HaAFvra"
"fanáticamente","HaAYG33"
"fanático, ca","HaD0l7Z"
"fanatismo","HaEgyc0"
"fanatizador, ra","HaFCZcG"
"fanatizar","HaGdAR1"
"fandango","HaHdwYe"
"fandanguero, ra","HaHjmh0"
"fandanguillo","HaKS0gv"
"fandulario","HaL8rDS"
"fané","HaLMCQC"
"faneca","HaQJRGA"
"fanega","HaQOeef"
"fanegada","HaQUZAz"
"faneguero","HaR5RMD"
"fañado, da","HbcKP2r"
"fañar","HbfrnnD"
"fañoso, sa","HbiEuS7"
"faquí","HbkuKP1"
"faquín","Hbmwl2R"
"faquir","HboTCAM"
"far","Hbr5wHa"
"fara","Hc10LIc"
"farabusteador","Hc1YuwV"
"farabustear","Hc2pieq"
"faracho","Hc3mitc"
"farad","Hc487XV"
"farádico, ca","Hc74mu5"
"faradio","Hc7ZHP3"
"faragua","Hc7gfCl"
"faragual","HcBcz9e"
"faralá","HcBkyXT"
"faralao","HcCAHfh"
"faralla","HcCT2zC"
"farallo","HcCyfsY"
"farallón","HcEIDiw"
"faramalla","HcEX0A4"
"faramallero, ra","HcEcS2I"
"faramallón, na","HcFbw7e"
"fara","Hc10LIc"
"farabusteador","Hc1YuwV"
"farabustear","Hc2pieq"
"faracho","Hc3mitc"
"farad","Hc487XV"
"faradio","Hc7ZHP3"
"faragua","Hc7gfCl"
"faragual","HcBcz9e"
"faralá","HcBkyXT"
"faralao","HcCAHfh"
"faralla","HcCT2zC"
"farallo","HcCyfsY"
"farallón","HcEIDiw"
"faramalla","HcEX0A4"
"faramallero, ra","HcEcS2I"
"faramallón, na","HcFbw7e"
"farandola","HcFn77n"
"farandola","HcGkfYW"
"farandulear","HcIapRp"
"farabusteador","Hc1YuwV"
"farabustear","Hc2pieq"
"faracho","Hc3mitc"
"farad","Hc487XV"
"faradio","Hc7ZHP3"
"faragua","Hc7gfCl"
"faragual","HcBcz9e"
"faralá","HcBkyXT"
"faralao","HcCAHfh"
"faralla","HcCT2zC"
"farallo","HcCyfsY"
"farallón","HcEIDiw"
"faramalla","HcEX0A4"
"faramallero, ra","HcEcS2I"
"faramallón, na","HcFbw7e"
"farandola","HcFn77n"
"farandola","HcGkfYW"
"farandulear","HcIapRp"
"farandulero, ra","HcJ3GN8"
"farandúlico, ca","HcKJvqX"
"faranga","HcLXZn2"
"faraón, na","HcLxiKz"
"faraón, na","HcLxiKz"
"faraónico, ca","HcMNebF"
"faraute","HcQhP9T"
"farádico, ca","Hc74mu5"
"farandola","HcGkfYW"
"farándula","HcHuAv2"
"farda","HcSMC63"
"farda","HcSwEtA"
"farda","HcTgFNz"
"fardacho","HcTt5U6"
"fardaje","HcUv73J"
"fardar","HcV3eW5"
"farde","HcVQbRP"
"fardel","HcVRvBm"
"fardería","HcVapIo"
"fardo","HcW8Aaw"
"fardón, na","HcWnvec"
"farellón","HcXNpLA"
"farero, ra","HcXfMuy"
"farfalá","HcXit51"
"farfallón, na","HcZMME0"
"farfalloso, sa","HcZcYjF"
"farfán","HcaIWja"
"farfante","HcanayT"
"farfantón, na","Hcav2wF"
"farfantonada","Hccj1dF"
"farfantonería","Hcd0hgh"
"farfolla","HceyfIY"
"farfulla","Hcg9zxG"
"farfullador, ra","HcgL53L"
"farfullar","Hch8qpq"
"farfullero, ra","HchiBuo"
"fargallón, na","HchipmY"
"faria","HchsbQt"
"farillón","HcjTV6p"
"farina","HckFisY"
"farináceo, a","HcnTYSo"
"farinato","HcqDIGl"
"farinetas","HcsWiSJ"
"faringe","Hcv5oHz"
"faringitis","Hd0jsPY"
"fariña","Hd506Hi"
"fariñera","Hd90TOR"
"fariño, ña","Hd9aCXJ"
"fario","Hd9rD7F"
"farisaicamente","HdArTIG"
"farisaico, ca","HdCyfSZ"
"farisaísmo","HdDoFo7"
"fariseísmo","HdFZoKj"
"fariseo, a","HdFoYLc"
"faríngeo, a","HcyHtBX"
"farlopa","HdG3WW1"
"farmaceuta","HdHPTbZ"
"farmacéutico, ca","HdHPc7w"
"farmacia","HdI1KbN"
"farmacocinético, ca","HdNIUFz"
"farmacodependencia","HdPRcsP"
"farmacodependiente","HdSI3OZ"
"farmacognosia","HdSJERv"
"farmacología","HdVm7CM"
"farmacológico, ca","HdZ7xCG"
"farmacólogo, ga","HdaJ8Nm"
"farmacopea","HdaY5wS"
"farmacopola","HddDdjc"
"farmacopólico, ca","Hdf8wSF"
"farmacopsicología","HdfvS3M"
"farmacopsiquiatría","HdgcIeo"
"farnaca","HdkWnxI"
"faro","HdlSYF0"
"farol","HdnxIzT"
"farola","HdrcfYD"
"farolazo","HdsVKA8"
"farolear","Hdu8uLe"
"faroleo","HdvTPZQ"
"farolería","HdwX5NX"
"farolero, ra","HdwmaXf"
"farolillo","He0Yalm"
"farolón, na","He2MzW6"
"farota","He57FVT"
"farotón, na","He83YoN"
"farón","He4QVuo"
"farpa","He8RS5y"
"farpado, da","HeDY2Aq"
"farra","HeDvYJt"
"farra","HeEIj6g"
"farraca","HeFPyNb"
"fárrago","HeG7OmS"
"farragosidad","HeGDaq4"
"farragoso, sa","HeGRsvk"
"farraguista","HeGrNpI"
"farrapas","HeHLFWq"
"farrapo","HeI53AH"
"farrear","HeI797f"
"farrista","HeQXQTK"
"farro","HeQuSJ9"
"farruco, ca","HeX2eVR"
"farsa","HeYCX04"
"farsálico, ca","HeZsgIs"
"farsante, ta","Hea2y36"
"farsantear","HebX7fs"
"farsantería","Hebrt8D"
"farsar","Hebtmxo"
"farsesco, ca","HedNdnD"
"farseto","HeeXa7A"
"farsi","HefneVN"
"farsista","HehdJ4u"
"fartar","Heidj7e"
"farte","HeivzEd"
"faruscas","HejN2Ku"
"fas","HekW6Bg"
"fascal","Hen2WhZ"
"fasces","HeoVTmO"
"fascia","Hep2sEv"
"fasciculado, da","HepNGWl"
"fascicular","Heq4W2l"
"fascículo","Hesqgdm"
"fascinación","Het1UxA"
"fascinador, ra","HetLdrC"
"fascinante","HevNwv7"
"fascinar","HexpvKj"
"fascismo","HexsYGC"
"fascista","HexvkN9"
"fascistizante","HezrJKZ"
"fascistoide","Hf0ZXZ1"
"fascitis","Hf1sjeZ"
"fase","Hf26Nvs"
"faséolo","Hf2adU8"
"fascal","Hen2WhZ"
"fasces","HeoVTmO"
"fascia","Hep2sEv"
"fasciculado, da","HepNGWl"
"fascicular","Heq4W2l"
"fascículo","Hesqgdm"
"fascinación","Het1UxA"
"fascinador, ra","HetLdrC"
"fascinante","HevNwv7"
"fascinar","HexpvKj"
"fascismo","HexsYGC"
"fascista","HexvkN9"
"fascistizante","HezrJKZ"
"fascistoide","Hf0ZXZ1"
"fascitis","Hf1sjeZ"
"fase","Hf26Nvs"
"faséolo","Hf2adU8"
"fasímetro","Hf3Copz"
"faso","Hf5c3cE"
"fasquía","Hf6f94R"
"fasquiar","Hf6qfrn"
"fasta","Hf6udW2"
"fastial","HfCtiie"
"fastidiada","HfF5QPC"
"fastidiado, da","HfFXbVk"
"fastidiar","HfHlnC4"
"fastidieta","HfMgHUP"
"fastidio","HfOCr62"
"fastidiosamente","HfTI2dl"
"fastidioso, sa","HfTL6Pp"
"fastigio","HfUjsFQ"
"fasto","HfXzGzb"
"fasto","HfYiUcP"
"fastoso, sa","HfZWUrk"
"fastuosamente","HfadCTC"
"fastuosidad","Hfb7mAV"
"fastuoso, sa","Hfdklg1"
"fatal","HffspKE"
"fatalidad","HffwSqE"
"fatalismo","Hfi6DBT"
"fatalista","HfiGadf"
"fatalizarse","Hfjj02X"
"fatalmente","HfjkWl4"
"fatamorgana","Hfk8VbC"
"fatídicamente","HfogQcw"
"fatídico, ca","HfpANX5"
"fatiga","HfqhQml"
"fatigabilidad","Hfqkb3J"
"fatigable","Hfqkg31"
"fatigación","HfqosHS"
"fatigadamente","Hfqt0dJ"
"fatigador, ra","HfrMGhD"
"fatigante","HfrtLv6"
"fatigar","Hfsgl8h"
"faucal","HgGI3MZ"
"fauces","HgH1pFf"
"faul","HgIYMIH"
"faulear","HgIj0A4"
"faulkneriano, na","HgJ160F"
"fauna","HgL5gB3"
"faunesco, ca","HgLbKl6"
"faunístico, ca","HgVaMff"
"fauno","HgW8AMR"
"faurestina","HgZ3iQ2"
"fausto","HgaD2Bj"
"fausto","HgaabOK"
"faustoso, sa","Hgb7Yrv"
"fautor, ra","HgcClwb"
"fautoría","HgdCdpa"
"favela","HgkfhfT"
"favila","HglyAGX"
"favo","Hgo755B"
"favonio","Hgqm1T5"
"favor","HgrAoQO"
"favorable","Hgs2CcZ"
"favorablemente","HgsdIHm"
"favorecedor, ra","HgtJBOk"
"favorecer","HgudzUt"
"favorecida","HgvEwhv"
"favorido, da","Hh1SVtu"
"favoritismo","Hh4WVQm"
"favorito, ta","Hh5BEDz"
"fax","Hh72BXb"
"faxear","Hh74KDM"
"faya","Hh9UflK"
"faya","HhAh6vr"
"fayado","HhBiJbP"
"fayanca","HhE9Pwb"
"fayenza","HhEVatv"
"fayuca","HhFX6uF"
"fayuquear","HhFpfBC"
"fayuquero, ra","HhGMxL6"
"faz","HhHgjQW"
"fazaleja","HhInkUi"
"fazaña","HhKbyvY"
"fazferir","HhKeF6J"
"fazoleto","HhOtzUq"
"fábrica","HRJlIp7"
"fábula","HRcRBBV"
"fácata","HRujAS4"
"fácil","HT1O4TW"
"fácilmente","HTAtoXS"
"fáctico, ca","HTflCji"
"fácula","HTwtPKo"
"fálico, ca","HXUuYr3"
"fámulo, la","Ha6od0a"
"fárfara","HceQ7Tr"
"fárfara","HceaI5A"
"fármaco","HdIdOFF"
"fárrago","HeG7OmS"
"fásmido","Hf3r2p8"
"fásol","Hf6Vej4"
"fástener","Hf70Dhv"
"fático, ca","HfoUP3A"
"fe","HhQFq5H"
"fe","HhR0WJY"
"fealdad","HhRcjio"
"feamente","HhSR6m1"
"febeo, a","HhTxruk"
"feblaje","HhV7R0X"
"feble","HhVKWNx"
"febledad","HhX39fh"
"febrera","HhZUHux"
"febrerillo","HhePZjN"
"febrero","Hhf3Zfb"
"febricitante","HhfO5g1"
"febrícula","HhfPzGI"
"febrífugo, ga","Hhfj1P7"
"febril","HhgjgKN"
"febrilidad","Hhi0aSd"
"febrilmente","Hhkf86A"
"febroniano, na","HhktR7z"
"fealdad","HhRcjio"
"feamente","HhSR6m1"
"feo, a","HlTPxWF"
"febeo, a","HhTxruk"
"feblaje","HhV7R0X"
"feble","HhVKWNx"
"febledad","HhX39fh"
"febrera","HhZUHux"
"febrerillo","HhePZjN"
"febrero","Hhf3Zfb"
"febricitante","HhfO5g1"
"febrícula","HhfPzGI"
"febrífugo, ga","Hhfj1P7"
"febril","HhgjgKN"
"febrilidad","Hhi0aSd"
"febrilmente","Hhkf86A"
"febroniano, na","HhktR7z"
"fecal","HhmeHdK"
"fecha","HhpCnjk"
"fechable","HhyHE5p"
"fechación","Hhz5IOa"
"fechador","Hi0uNiF"
"fechar","Hi2iavO"
"fechero","Hi2wySl"
"fecho, cha","Hi5QKDv"
"fechoría","Hi5obHR"
"fechura","Hi70uXE"
"fechuría","Hi9VsWD"
"fecial","HiAlv4x"
"feculento, ta","HiEyfn9"
"fecundable","HiFtXxn"
"fecundación","HiI6SKe"
"fecundador, ra","HiKAIfj"
"fecundamente","HiMl1Lv"
"fecundante","HiNXOCv"
"fecal","HhmeHdK"
"fecha","HhpCnjk"
"fechable","HhyHE5p"
"fechación","Hhz5IOa"
"fechador","Hi0uNiF"
"fechar","Hi2iavO"
"fechero","Hi2wySl"
"fecho, cha","Hi5QKDv"
"fechoría","Hi5obHR"
"fechura","Hi70uXE"
"fechuría","Hi9VsWD"
"fecial","HiAlv4x"
"feculento, ta","HiEyfn9"
"fecundable","HiFtXxn"
"fecundación","HiI6SKe"
"fecundador, ra","HiKAIfj"
"fecundamente","HiMl1Lv"
"fecundante","HiNXOCv"
"fecundar","HiOCn9v"
"fecundativo, va","HiOzsdx"
"fecundidad","HiZFoAe"
"fecundización","HiZdKF9"
"fecundizador, ra","HiZeeQm"
"fecundizar","Hiam31F"
"fecundo, da","Hibs6gy"
"fedatario, ria","Hic6RSj"
"fedayín","Hidvkvh"
"fedegar","Hif40sR"
"federación","Hih2PAo"
"federal","HikFoji"
"federalismo","HikJ0nF"
"federalista","Himf6Iv"
"federar","HimkqOc"
"federativo, va","Hin2Bru"
"federica","HinblpB"
"federico, ca","HinjW2x"
"feedback","Hink8Rd"
"feeza","HipjZLk"
"feérico, ca","HioRcrO"
"fefaút","HipuyLW"
"fehaciente","HisLHGw"
"feijoa","Hisp7pQ"
"feísmo","HitGWm5"
"feísta","Hiv0qVV"
"feje","HiwMGzL"
"felación","HixX9xL"
"feldespático, ca","HixjLmz"
"feldespato","HiyplrX"
"felibre","Hizi257"
"felice","Hj05Nlt"
"felicemente","Hj2rYBz"
"feliciano, na","Hj3Zv5a"
"felicidad","Hj4JtKk"
"felicitación","Hj4NhGJ"
"felicitar","Hj56aRh"
"feligrés, sa","Hj9udwC"
"feligresía","HjAT406"
"felinidad","HjAVTTU"
"felino, na","HjBYtyu"
"felipe","HjC8OOP"
"feliz","HjCSWig"
"femar","HjeL3Y4"
"fembra","HjeS3Q8"
"femenil","HjgO8QS"
"femenilmente","HjgeTOS"
"femenino, na","HjghBNR"
"fementidamente","HjjCxtu"
"fementido, da","HjkWq33"
"femera","HjlTsop"
"femicidio","HjlV4qc"
"feminal","HjmcJ0h"
"femineidad","HjnzYcg"
"feminela","HjoiUtu"
"femíneo, a","Hjp7d9i"
"feminicida","Hjs5K4w"
"feminicidio","Hjt6Vqr"
"feminidad","Hju1hy9"
"feminismo","HjuyHQ5"
"fenal","HkH11Dk"
"fenazo","HkOJx9P"
"fenda","HkPnj2T"
"fendi","HkQiKt1"
"fendiente","HkSMWa4"
"fenecer","HkTUoPC"
"fenecimiento","HkV3BwU"
"fenestra","HkVC8MB"
"fenestraje","HkWR2GM"
"feng shui","HkYE0va"
"fenianismo","Hka8Cru"
"feniano, na","HkawkuX"
"fenicado, da","HkmbAOR"
"fenice","HkqUeGZ"
"fenicio, cia","HksquK1"
"fenilalanina","HkukRZ2"
"fenilcetonuria","HkxNZJG"
"feo, a","HlTPxWF"
"fer","HlUK5wk"
"feracidad","HlVOjnc"
"feral","HlWjHN0"
"feraz","HlacAYw"
"ferecracio","Hlb5y3y"
"feredad","Hle0kxO"
"feria","HlfHahn"
"feriado, da","HlfqfvO"
"ferial","HliAjJA"
"feriante","HljDSmj"
"feriar","HljacoG"
"ferida","Hlk8cCS"
"feridad","HllWHeC"
"feridor, ra","Hlnf9cs"
"ferino, na","HltWaFh"
"ferir","HluEQwC"
"ferlín","HlwzS9x"
"fescenino, na","HojOINV"
"fesoria","Hojnczu"
"festa","Hom7eyE"
"festear","HomP4Lm"
"festejador, ra","HomRi89"
"festejar","HonzKNQ"
"festejo","HooNobr"
"festero, ra","HooQTMN"
"festichola","Hopqftc"
"festín","Hoq25FR"
"festinación","HoqUIqd"
"festinadamente","Hor7Rie"
"festinar","HotHkoU"
"festival","Houfp6X"
"festivalero, ra","Hozf2Dg"
"festivamente","Hp0B0mO"
"feta","Hp9jeFA"
"fetación","Hp9uIGT"
"fetal","HpEIxE9"
"fetén","HpH23ng"
"fetiche","HpHhvVa"
"fetichismo","HpJsz6E"
"fetichista","HpKcFxx"
"feticida","HpLwVAC"
"feticidio","HpNySv8"
"fetidez","HpSMF76"
"feto","HpVXyQJ"
"fetor","HpWF93Z"
"fetua","HpY9owL"
"feudal","HpffQ5R"
"feudalidad","HpfzIFs"
"feudalismo","HpgQ0ZV"
"feudar","HpgrymH"
"feudatario, ria","HphNEkC"
"feudo","Hpk1cjB"
"feúcho, cha","HpaRucz"
"feúco, ca","HpbJZor"
"feúra","HpkYk9P"
"fez","Hpp28Ti"
"fécula","HiExILB"
"féferes","HirdH0Z"
"félido, da","Hj8rCWq"
"fémina","HjmYDsU"
"fémur","Hk8plxj"
"fénico","Hku4Dwb"
"fénix","Hky61us"
"féretro","Hle7XQs"
"férreo, a","HnH2MzN"
"férrico, ca","HngEJps"
"fértil","HoQzHps"
"férula","HoWliIf"
"férvido, da","HobetDK"
"fétido, da","HpUVvsK"
"fi","HpqBMuG"
"fi","HpqPL8I"
"fiabilidad","Hpsj999"
"fiable","HpsmYNC"
"fiaca","HptJu6a"
"fiado, da","HpuSDMR"
"fiador, ra","HpuWx7x"
"fiadura","HpwNqzg"
"fiaduría","HpxOnGu"
"fiambrar","Hpy3pt0"
"fiambre","HpyZLnj"
"fiambrera","Hq69ddI"
"fiambrería","Hq6iKTU"
"fiana","Hq8FSkg"
"fianza","Hq8a6gO"
"fiar","Hq8iPy4"
"fiasco","Hq9gjDp"
"fibra","HqB45Xx"
"fibrilación","HqBSZKS"
"fiabilidad","Hpsj999"
"fiable","HpsmYNC"
"fiaca","HptJu6a"
"fiado, da","HpuSDMR"
"fiador, ra","HpuWx7x"
"fiadura","HpwNqzg"
"fiaduría","HpxOnGu"
"fiambrar","Hpy3pt0"
"fiambre","HpyZLnj"
"fiambrera","Hq69ddI"
"fiambrería","Hq6iKTU"
"fiana","Hq8FSkg"
"fianza","Hq8a6gO"
"fiar","Hq8iPy4"
"fiasco","Hq9gjDp"
"fibra","HqB45Xx"
"fibrilación","HqBSZKS"
"fibrilar","HqCJBS0"
"fibrilar","HqDdHPy"
"fibrina","HqEA5Ow"
"fibrinolisis","HqEOaNB"
"fibroblasto","HqHxSJc"
"fibrocartilaginoso, sa","HqK7hEn"
"fibrocartílago","HqMZGao"
"fibrocemento","HqTmdi3"
"fibroína","HqXWrEg"
"fibroma","HqZMLof"
"fibromialgia","HqbASb0"
"fibromuscular","HqbA3YT"
"fibroplasia","HqbAfPx"
"fibrosarcoma","HqbmWIb"
"fibroscopio","HqdKYNF"
"fibrosis","HqdzKeH"
"fibroso, sa","Hqi2ndV"
"fibra","HqB45Xx"
"fibrilación","HqBSZKS"
"fibrilar","HqCJBS0"
"fibrilar","HqDdHPy"
"fibrina","HqEA5Ow"
"fibrinolisis","HqEOaNB"
"fibroblasto","HqHxSJc"
"fibrocartilaginoso, sa","HqK7hEn"
"fibrocartílago","HqMZGao"
"fibrocemento","HqTmdi3"
"fibroína","HqXWrEg"
"fibroma","HqZMLof"
"fibromialgia","HqbASb0"
"fibromuscular","HqbA3YT"
"fibroplasia","HqbAfPx"
"fibrosarcoma","HqbmWIb"
"fibroscopio","HqdKYNF"
"fibrosis","HqdzKeH"
"fibroso, sa","Hqi2ndV"
"fibra","HqB45Xx"
"fibrilación","HqBSZKS"
"fibrilar","HqCJBS0"
"fibrilar","HqDdHPy"
"fibrina","HqEA5Ow"
"fibrinolisis","HqEOaNB"
"fibroblasto","HqHxSJc"
"fibrocartilaginoso, sa","HqK7hEn"
"fibrocartílago","HqMZGao"
"fibrocemento","HqTmdi3"
"fibroína","HqXWrEg"
"fibroma","HqZMLof"
"fibromialgia","HqbASb0"
"fibromuscular","HqbA3YT"
"fibroplasia","HqbAfPx"
"fibrosarcoma","HqbmWIb"
"fibroscopio","HqdKYNF"
"fibrosis","HqdzKeH"
"fibroso, sa","Hqi2ndV"
"ficar","HqlbI7d"
"ficción","HqnhtmK"
"ficcional","HqnlWsk"
"ficcionalizar","HqpO7qZ"
"ficcionar","Hqr6r0S"
"fice","Hqs1cnI"
"ficha","HqtY6oE"
"fichaje","HqvlYH3"
"fichar","Hqxwr2U"
"fichero","Hqz3KVI"
"ficoideo, a","Hr14B6M"
"ficticio, cia","Hr1hNS2"
"fictivo, va","Hr1lOyZ"
"ficto, ta","Hr3qf6F"
"ficus","Hr3u4i0"
"fidalgo, ga","Hr5d0S8"
"fidecomiso","Hr7D2Oz"
"fidedigno, na","HrCfCyL"
"fideero, ra","HrH6895"
"fideicomisario, ria","HrLfErQ"
"fideicomiso","HrNcwXy"
"fideicomitente","HrO2E1r"
"fideísmo","HrS5a9y"
"fidelidad","HrST5qt"
"fidelísimo, ma","HrVOFRX"
"fidelización","HrWPYe0"
"fidelizar","HrYdlO3"
"fideo","HraDauh"
"fideuá","Hrayz96"
"fido, da","Hrb9Ny7"
"fiebre","HrnTNj4"
"fiel","Hro2nBC"
"fiel","Hrrp3iz"
"fielato","Hrt4sVt"
"fielazgo","Hru1DjC"
"fieldad","HruPQtZ"
"fieldad","HrvEGFw"
"fielmente","Hs0eAJ1"
"fieltrar","Hs0x2sn"
"fieltro","Hs3DftP"
"fiemo","Hs69RLe"
"fiera","HsAQEur"
"fierabrás","HsBzrbA"
"fieramente","HsC7Bdj"
"fiereza","HsD38d5"
"fiero, ra","HsDQ07D"
"fierra","HsFH3Wj"
"fierrada","HsFfAYB"
"fierrazo","HsGesbx"
"fierro","HsITMNq"
"fiebre","HrnTNj4"
"fiel","Hro2nBC"
"fiel","Hrrp3iz"
"fielato","Hrt4sVt"
"fielazgo","Hru1DjC"
"fieldad","HruPQtZ"
"fieldad","HrvEGFw"
"fielmente","Hs0eAJ1"
"fieltrar","Hs0x2sn"
"fieltro","Hs3DftP"
"fiemo","Hs69RLe"
"fiera","HsAQEur"
"fierabrás","HsBzrbA"
"fieramente","HsC7Bdj"
"fiereza","HsD38d5"
"fiero, ra","HsDQ07D"
"fierra","HsFH3Wj"
"fierrada","HsFfAYB"
"fierrazo","HsGesbx"
"fierro","HsITMNq"
"fiesta","HsJMQkH"
"fiestar","HsMeaWR"
"fiestear","HsOHsX9"
"fiesterío","HsOUfW4"
"fiestero, ra","HsRXErW"
"fiestoca","HsRwFwf"
"fifar","HsSTsBA"
"fifí","HsSneJI"
"fifiriche","HsUAX3e"
"figle","HsWYmmy"
"figo","HsXSXWo"
"figón","HsXy3Xi"
"figonero, ra","HsarLoG"
"figueral","HsbJ1o0"
"figuerense","HsbNLte"
"figulino, na","HseqFBr"
"figura","HsesZOK"
"figurable","HsgewDF"
"figuración","HsgjS9L"
"figuradamente","Hsgjlt4"
"figurado, da","Hsi20Qg"
"figural","HskHCkU"
"figurante, ta","HskhwLr"
"figurar","Hsknq2T"
"figurativamente","HslQDBA"
"fijación","Hswsw8X"
"fijadalgo","Hswytce"
"fijado, da","Hsx0AgE"
"fijador, ra","HsxOPBP"
"fijamente","Hsy9RNt"
"fijante","Ht10n3Y"
"fijapelo","Ht1MTlZ"
"fijar","Ht3eBuJ"
"fijativo","Ht3mOsc"
"fijeza","Ht4N7ih"
"fijismo","Ht5gx26"
"fijo","Ht796DZ"
"fijo","Ht7Ay3a"
"fijodalgo","HtCpJYH"
"fijón, na","HtFS5sH"
"fil","HtIuz2p"
"fila","HtQM65L"
"filacteria","HtSs7U3"
"filadelfio, fia","HtTbU2A"
"filadelfo, fa","HtX778H"
"filadiz","HtaETpr"
"filado","Htc6FQG"
"filamento","HtcJxSv"
"filamentoso, sa","Htd5wlx"
"filamiento","Htd7bfG"
"filandón","HterQ82"
"filandria","Htg3V4X"
"filantropía","Htitoxg"
"filantrópico, ca","HtlyPcf"
"filantropismo","HtnJv5T"
"filántropo, pa","HtowrpL"
"fimbria","Hx2NsUZ"
"fimo","Hx5hSA6"
"fimosis","HxFFoRG"
"fin","HxFMc9Z"
"finable","HxGp7po"
"finado, da","HxH0ACk"
"final","HxHWWiv"
"finalidad","HxIm0Nf"
"finalísima","HxJv4Ti"
"finalista","HxKMNjl"
"finalización","HxKdVf0"
"finalizador, ra","HxL7VbX"
"finalizar","HxMDBsI"
"finalmente","HxOkmot"
"finamente","HxOqh14"
"finamiento","HxP1Q01"
"financiable","HxR35at"
"financiación","HxRJUnZ"
"financiador, ra","HxXFH20"
"financiamiento","Hxc9NIh"
"fiñana","HynL6EB"
"fiñe","HynX4u0"
"fiofío","Hyo3o3P"
"fiordo","HypHD6v"
"fique","HyqIldS"
"firifiro, ra","HyqePBV"
"firma","Hyte6ty"
"firmal","Hytu6MI"
"firmamento","HyuplqH"
"firmán","Hyy97Rt"
"firmante","HyyUpED"
"firmar","HyzbZW1"
"firme","Hz1EnLz"
"firmemente","Hz20Npj"
"firmeza","Hz39m8H"
"firmón, na","Hz4fvm2"
"firulete","Hz510GB"
"firulo, la","Hz8ZnkC"
"fisán","HzBZNKV"
"fisberta","HzF7R76"
"fiscal, la","HzHItzp"
"fiscalear","HzK1bhZ"
"fiscalía","HzPj4eW"
"fiscalidad","HzQHCUC"
"fiscalizable","HzR6Zoe"
"fiscalización","HzXV3DV"
"fiscalizador, ra","HzZFr7I"
"fiscalizar","HzaPKXu"
"fiscalmente","HzaT1Es"
"fisco","Hzcd6wL"
"fiscorno","HzfXvKU"
"fisga","HzfkeKW"
"fisgador, ra","HzfqhVp"
"fisgar","HzhgcJz"
"fisgón, na","HzjAauf"
"fitness","I12C5sB"
"fito","I14PQs7"
"fito-, -fito, ta","I14R0me"
"fitocromático, ca","I19q0AS"
"fitófago, ga","I1FW4uc"
"fitografía","I1G9zwJ"
"fitográfico, ca","I1HdPoj"
"fitógrafo, fa","I1Jb6Io"
"fitolacáceo, a","I1OOR8w"
"fitología","I1P4MY2"
"fitónimo","I1QLXhX"
"fitonisa","I1QYlqu"
"fitopatógeno, na","I1QZPZq"
"fitopatología","I1R93Cl"
"fiucia","I1e43O4"
"fius","I1esrN5"
"fixing","I1essDV"
"fiyiano, na","I1etg9w"
"fiyuela","I1k1bcK"
"fizar","I1kg0sN"
"fizón","I1nHyju"
"fía","HpqTmlR"
"fíat","HqAurRQ"
"fíbula","HqjjAWg"
"fígaro","HsVP8vW"
"fílmico, ca","HvQBwMy"
"fímico, ca","Hx364Mb"
"físicamente","HztjicH"
"físico, ca","Hzx5KSB"
"fístola","I0rh5IF"
"fístula","I0ugTNb"
"flabelífero, ra","I1swRSG"
"flabeliforme","I1w2NEY"
"flabelo","I1zOXCo"
"flacamente","I20D6g9"
"flacidez","I236STf"
"flácido, da","I24ptEy"
"flaco, ca","I298ogZ"
"flacón, na","I2Aoepi"
"flacuchento, ta","I2CPnbk"
"flacucho, cha","I2F8q86"
"flacuncho, cha","I2HsSyz"
"fo","I8eHLnb"
"fobia","I8eNBy2"
"foca","I8jUeSE"
"focal","I8kK6Fj"
"focalización","I8lWP0r"
"focalizar","I8oJMQH"
"foceifiza","I8qx7Ke"
"focense","I8rLJD3"
"focha","I8uexBU"
"focino","I8vSpbr"
"focio, cia","I8waYhh"
"foco","I8whSTb"
"fodolí","I8zOn4a"
"fodongo, ga","IBqK1SP"
"fodonguería","I8zxLuG"
"fofo, fa","I90kSKN"
"fogaje","I91lEYT"
"fóbico, ca","I8gKD5h"
"fóculo","I8yWuVe"
"fólder","I9qRrUb"
"fólico","IACYy00"
"fómite","IB6haZI"
"fónico, ca","ICGXJ4M"
"fórceps","IEFoOhO"
"fórfolas","IEgiC8c"
"fórico, ca","IEhXCCn"
"formica","IFSmhg3"
"fórmico","IFX8B2q"
"fórmula","IFiac7W"
"fórum","IHcXMZG"
"fósforo","IIcWh82"
"fósil","IImY2fm"
"fóvea","ILiBHXj"
"cuartel","BT1Y4My"
"frac","ILp2LS7"
"fracasado, da","ILs9JRZ"
"fracasar","ILwnQUD"
"fracaso","ILxbAAO"
"fracatán","ILxzcYT"
"fracción","IM1LQmi"
"fraccionable","IM3dTKF"
"fraccionador, ra","IM7BCP5"
"fraccionamiento","IMHjm15"
"fraccionar","IMI00Gk"
"fraccionario, ria","IMI6n7t"
"fractal","IMKQ7pj"
"fractura","IMM6OHc"
"fracturar","IMMQpaW"
"frade","IMMYGpO"
"fradear","IMN54rC"
"fu","IY1td7T"
"fua","IY2PRiU"
"fuácata","IY4p0xx"
"fuagrás","IY50ziJ"
"fuchi","IY6dAMh"
"fuchina","IY8awom"
"fuchina","IY9EOCv"
"fucia","IYEEmfR"
"fucilar","IYEoZMI"
"fucilazo","IYI6Iqc"
"fuco","IYJRffP"
"fucsia","IYJznkr"
"fucsina","IYL7Ggt"
"fudre","IYLG6hN"
"fuego","IYNxrTR"
"fueguino, na","IYORCzw"
"fuel","IYOYjgq"
"fuelgo","IYPsVOy"
"fuellar","IYTwD1g"
"fuelle","IYVEgU4"
"fua","IY2PRiU"
"fuagrás","IY50ziJ"
"fuácata","IY4p0xx"
"fuchi","IY6dAMh"
"fuchina","IY8awom"
"fuchina","IY9EOCv"
"fucia","IYEEmfR"
"fucilar","IYEoZMI"
"fucilazo","IYI6Iqc"
"fuco","IYJRffP"
"fucsia","IYJznkr"
"fucsina","IYL7Ggt"
"fudre","IYLG6hN"
"fuego","IYNxrTR"
"fueguino, na","IYORCzw"
"fuel","IYOYjgq"
"fuelgo","IYPsVOy"
"fuellar","IYTwD1g"
"fuelle","IYVEgU4"
"fueloil","IYXVWov"
"fuelóleo","IYYGf7V"
"fuentada","IYZ7uPI"
"fuente","IYZhVtl"
"fuer","IYZrikX"
"fuera","IYaHR3Q"
"fueraborda","IYcJu8A"
"fuerarropa","IYdv5PH"
"fueras","IYeFauw"
"fuercear","IYiupvY"
"fuereño, ña","IYjHnGG"
"fuerismo","IYk5NBI"
"fuego","IYNxrTR"
"fueguino, na","IYORCzw"
"fuel","IYOYjgq"
"fuelgo","IYPsVOy"
"fuellar","IYTwD1g"
"fuelle","IYVEgU4"
"fueloil","IYXVWov"
"fuelóleo","IYYGf7V"
"fuentada","IYZ7uPI"
"fuente","IYZhVtl"
"fuer","IYZrikX"
"fuera","IYaHR3Q"
"fueraborda","IYcJu8A"
"fuerarropa","IYdv5PH"
"fueras","IYeFauw"
"fuercear","IYiupvY"
"fuereño, ña","IYjHnGG"
"fuerismo","IYk5NBI"
"fuerista","IYnJzvo"
"fuero","IYqmDg8"
"fuerte","IYrH2Sk"
"fuertemente","IYsY1dc"
"fuerza","IYwPBb3"
"fuesa","IYxPqJC"
"fuet","IZ2BOY0"
"fuetazo","IZ3S9dx"
"fuete","IZ40NtV"
"fuetear","IZ5WHOc"
"fuéllega","IYWEuhS"
"fufar","IZ5gqIJ"
"fufo","IZ7RFkN"
"fufú","IZ7TkPo"
"fufurufo, fa","IZBCGtN"
"fuga","IZBMChC"
"fugacidad","IZBXenN"
"fugada","IZEQNsG"
"fugar","IZFTmMj"
"fugaz","IZHPy6z"
"fugazmente","IZHVgla"
"fugible","IZLv71X"
"fugir","IZQVNmt"
"fugitivo, va","IZQiojP"
"fuguillas","IZUlTRF"
"fuidizo, za","IZXmFBY"
"fuimiento","IZXmM9v"
"fuina","IZcSLUV"
"fuir","IZdZhJz"
"fuisca","IZfGdLj"
"ful","IZh85hJ"
"fula","IZiSQ8d"
"fulano, na","IZm0LQU"
"fular","IZmw6Im"
"fulastre","IZnFzHu"
"fulastrería","IZnO9j7"
"fulbito","IZpQnkz"
"fulcir","IZr2hmx"
"fulcro","IZuaPlP"
"fulero, ra","IZvGYIv"
"fulgente","IZvccZ5"
"fulgir","IZwezna"
"fulgor","IZyDJ01"
"fulgoroso, sa","IZyfku7"
"fulguración","IZysfTx"
"fulgurante","Ia00cN1"
"fulgurar","Ia1U1BW"
"fuma","IaaYOP1"
"fumable","Iae2o8J"
"fumada","Iafeulm"
"fumadero","IagXXMg"
"fumado","Iamc6is"
"fumador, ra","IanWHxS"
"fumante","IaqDkFI"
"fumar","IaqNlFC"
"fumarada","IarkayR"
"fumarel","IazDQon"
"fumaria","IazFZET"
"fumarola","Ib3gT39"
"fumata","Ib3zIjf"
"fumata","Ib6a5Dk"
"fumé","Ib7d0Ch"
"fumet","Ib7e8Cf"
"fumífero, ra","Ib8gABd"
"fumífugo, ga","Ib9F46G"
"fuma","IaaYOP1"
"fumable","Iae2o8J"
"fumada","Iafeulm"
"fumadero","IagXXMg"
"fumado","Iamc6is"
"fumador, ra","IanWHxS"
"fumante","IaqDkFI"
"fumar","IaqNlFC"
"fumarada","IarkayR"
"fumarel","IazDQon"
"fumaria","IazFZET"
"fumarola","Ib3gT39"
"fumata","Ib3zIjf"
"fumata","Ib6a5Dk"
"fumet","Ib7e8Cf"
"fumé","Ib7d0Ch"
"fumigación","Ib9ilRo"
"fumigador, ra","IbCNPEh"
"fumigante","IbCQfLu"
"fumigar","IbCrYkJ"
"fumigatorio, ria","IbDFvuT"
"fumista","IbDlgbQ"
"fumistería","IbHHvPV"
"fumífero, ra","Ib8gABd"
"fumífugo, ga","Ib9F46G"
"fumígeno, na","IbDbn8I"
"fumívoro, ra","IbIOtg8"
"fumo","IbIVmGC"
"fumón, na","IbIvMYc"
"fumorola","IbK0ihZ"
"fumosidad","IbKBA99"
"fumoso, sa","IbKUjKW"
"fumón, na","IbIvMYc"
"funambulesco, ca","IbKmcCQ"
"funambulismo","IbLrXuN"
"funambulista","IbMkbwi"
"funámbulo, la","IbNgPtC"
"funcar","IbNrZS4"
"funche","IbNtAJe"
"función","IbQKTYT"
"funcional","IbRm8lG"
"funcionalidad","IbRx2HI"
"funcionalismo","IbSKYTl"
"funcionalista","IbTA3AH"
"funcionamiento","IbTPgKE"
"funcionar","IbV5KQE"
"funcionariado","IbVzJAZ"
"funcionarial","IbWpd1d"
"funcionario, ria","IbXs5CG"
"funcionarismo","Ibcm2Ui"
"fuñar","IcjLWbW"
"fuñicar","IclBd5Z"
"fuñido, da","IcmHt5B"
"fuñingue","IcnfpLF"
"fuñique","Icq6glZ"
"furcia","IcqcGOY"
"furcio","IctQC59"
"furente","Icwr9lJ"
"furfuráceo, a","IcwsRHL"
"furgón","IcyP864"
"furgonazo","IcyxVN6"
"furgoneta","IcztAT3"
"furia","IczvUEA"
"furibundo, da","Id3yFxi"
"furiente","Id7cY55"
"furierismo","IdBhx8J"
"furierista","IdERLJH"
"furiosamente","IdFNU3F"
"furioso, sa","IdFjLnv"
"furlón","IdGWXN7"
"furnia","IdHEKV0"
"furo","IdHK6TN"
"furo","IdKjEVz"
"furo","IdKjEVz"
"furcia","IcqcGOY"
"furcio","IctQC59"
"furente","Icwr9lJ"
"furfuráceo, a","IcwsRHL"
"furgón","IcyP864"
"furgonazo","IcyxVN6"
"furgoneta","IcztAT3"
"furia","IczvUEA"
"furibundo, da","Id3yFxi"
"furiente","Id7cY55"
"furierismo","IdBhx8J"
"furierista","IdERLJH"
"furiosamente","IdFNU3F"
"furioso, sa","IdFjLnv"
"furlón","IdGWXN7"
"furnia","IdHEKV0"
"furo","IdHK6TN"
"furo","IdKjEVz"
"furor","IdLOOcb"
"furriel","IdM5FzS"
"furriela","IdV1GKP"
"furrier","IdYFYtw"
"furriera","IdZ22fl"
"furris","IdZAgja"
"furruco","IdZRPwR"
"furrufalla","Idaiugs"
"furrumalla","IddjQvy"
"furrusca","IdeVZMf"
"furtar","Idg7maS"
"furtivamente","Idiewqa"
"furtivismo","IdjjfVS"
"furtivo, va","Idk54r8"
"furto","IdlpGOh"
"furulla","IdoLTsj"
"furuminga","IdqInl4"
"furúnculo","IdqWdqI"
"fusa","IdsC6Or"
"fusado, da","IdtkX5Q"
"fuscar","IdxRDwR"
"fusco, ca","IdyosrI"
"fuselado, da","IdzaMOo"
"fuselaje","Ie01g0d"
"fusibilidad","Ie0HA8Y"
"fusible","Ie15WqK"
"fusiforme","Ie27lF4"
"fusil","Ie4UNfE"
"fusilador, ra","Ie8HVWv"
"fusilamiento","IeA6jQQ"
"fusilar","IeCkwNk"
"fusilazo","IeGEYvT"
"fusilería","IeGrnbT"
"fusilero, ra","IeHUkO4"
"futbito","Ieodp2j"
"fútbol","IeptqGe"
"futbolero, ra","IetE92o"
"futbolín","IeuMRsm"
"futbolista","Ieuzn9Z"
"futbolístico, ca","Iex1Chl"
"futbolito","IezHnri"
"futbolización","If0tUs7"
"futbolizar","If1lask"
"futesa","If2Zmk7"
"futilidad","If4JADt"
"futón","IfAgKEy"
"futraque","IfCAMFB"
"futre","IfEgnXG"
"futsal","IfL9XZ2"
"futurario, ria","IfM0EoX"
"futurible","IfOiaoi"
"fúcar","IY5cfuc"
"fúchila","IY7XhEV"
"fúgido, da","IZPyjF8"
"fúlgido, da","IZwGhFh"
"fúlica","Ia3L3Vp"
"fúnebre","IcD16Tg"
"fúnebremente","IcEERlK"
"fúngico, ca","IcXGlz4"
"fúrcula","IcwcaNJ"
"fúrico, ca","Id6YE1I"
"fúsil","Ie5bwZP"
"fútbol","IeptqGe"
"fútil","If2oY1t"
"g","IfaiAeV"
"gabachada","IfgHtVt"
"gabacho, cha","IfhCbgS"
"gabán","IfiOih8"
"gabaonita","IfiWEdN"
"gabarda","IfjKo69"
"gabardina","IfkQkXU"
"gabarra","IfkqukB"
"gabarra","Ifl20gc"
"gabarrero, ra","IfngQiq"
"gabarro","IfpoBv4"
"gabarse","IfrCV1e"
"gabasa","IfrhzHw"
"gábata","Ifssu3B"
"gabato, ta","IftL8TM"
"gabazo","Ifu3snU"
"gabejo","IfwIXlv"
"gabela","Ifx77Fe"
"gabachada","IfgHtVt"
"gabacho, cha","IfhCbgS"
"gabán","IfiOih8"
"gabaonita","IfiWEdN"
"gabarda","IfjKo69"
"gabardina","IfkQkXU"
"gabarra","IfkqukB"
"gabarra","Ifl20gc"
"gabarrero, ra","IfngQiq"
"gabarro","IfpoBv4"
"gabarse","IfrCV1e"
"gabasa","IfrhzHw"
"gabato, ta","IftL8TM"
"gabazo","Ifu3snU"
"gabejo","IfwIXlv"
"gabela","Ifx77Fe"
"gabijón","IfxaVsP"
"gabina","Ig4tF14"
"gabachada","IfgHtVt"
"gabacho, cha","IfhCbgS"
"gabán","IfiOih8"
"gabaonita","IfiWEdN"
"gabarda","IfjKo69"
"gabardina","IfkQkXU"
"gabarra","IfkqukB"
"gabarra","Ifl20gc"
"gabarrero, ra","IfngQiq"
"gabarro","IfpoBv4"
"gabarse","IfrCV1e"
"gabasa","IfrhzHw"
"gabato, ta","IftL8TM"
"gabazo","Ifu3snU"
"gabejo","IfwIXlv"
"gabela","Ifx77Fe"
"gabijón","IfxaVsP"
"gabina","Ig4tF14"
"gabachada","IfgHtVt"
"gabacho, cha","IfhCbgS"
"gabaonita","IfiWEdN"
"gabarda","IfjKo69"
"gabardina","IfkQkXU"
"gabarra","IfkqukB"
"gabarra","Ifl20gc"
"gabarrero, ra","IfngQiq"
"gabarro","IfpoBv4"
"gabarse","IfrCV1e"
"gabasa","IfrhzHw"
"gabato, ta","IftL8TM"
"gabazo","Ifu3snU"
"gabán","IfiOih8"
"gabejo","IfwIXlv"
"gabela","Ifx77Fe"
"gabijón","IfxaVsP"
"gabina","Ig4tF14"
"gabinete","Ig6YnwQ"
"gabita","Ig700Fj"
"gablete","IgARGK7"
"gabonés, sa","IgDLrT3"
"gabote","IgE5uAp"
"gabrieles","IgHa7vq"
"gabuzo","IgK4Pi4"
"gacel","IgKen8m"
"gacela","IgM6cbF"
"gaceta","IgNhPYy"
"gaceta","IgOKUSr"
"gacetable","IgOvUAj"
"gacetero, ra","IgU738A"
"gacetilla","IgUzPJq"
"gacetillero, ra","IgY2jYG"
"gacetista","IgYHHYT"
"gacha","IgYYCh2"
"gachapazo","IgedDuB"
"gachapero","IgekTpM"
"gachapo","Igj09AC"
"gachasmigas","IgneVBC"
"gaché","Ignul2m"
"gacheta","IgpTgp3"
"gacheta","Igq5BEK"
"gachí","IgrPma0"
"gachó","IgsgFcs"
"gacho, cha","IgsL1Is"
"gacel","IgKen8m"
"gacela","IgM6cbF"
"gaceta","IgNhPYy"
"gaceta","IgOKUSr"
"gacetable","IgOvUAj"
"gacetero, ra","IgU738A"
"gacetilla","IgUzPJq"
"gacetillero, ra","IgY2jYG"
"gacetista","IgYHHYT"
"gacha","IgYYCh2"
"gachapazo","IgedDuB"
"gachapero","IgekTpM"
"gachapo","Igj09AC"
"gachasmigas","IgneVBC"
"gaché","Ignul2m"
"gacheta","IgpTgp3"
"gacheta","Igq5BEK"
"gachí","IgrPma0"
"gachó","IgsgFcs"
"gacho, cha","IgsL1Is"
"gachón, na","IgswXzp"
"gachonada","IgtXyIN"
"gachonería","IgvfmcX"
"gachumbo","IgvjpKz"
"gachupín, na","IgwbtzF"
"gacilla","Igwq0Nu"
"gaditano, na","Igy6b13"
"gadolinio","IgzfWFs"
"gaetano, na","Ih4X939"
"gaélico, ca","Ih0KtHe"
"gafa","Ih6NRQV"
"gafar","Ih6iCqA"
"gafar","Ih6jLKG"
"gafarrón","Ih7qLc6"
"gafe","Ih8p4rY"
"gafear","Ih9GjK9"
"gafedad","IhAcWBb"
"gafete","IhBIXyF"
"gafetí","IhBuUlW"
"gafo, fa","IhCvQf1"
"gafotas","IhCzNEy"
"gag","IhDuOFz"
"gagá","IhJKjYM"
"gagates","IhNtxC9"
"gago, ga","IhP056E"
"gaguear","IhQV525"
"gagueo","IhRd95z"
"gaguera","IhSBywY"
"gaibola","IhSbzaL"
"gaita","IhUjFrN"
"gaitería","IhWuO8r"
"gaitero, ra","IhX8wWI"
"gaje","IhXBBoL"
"gajero, ra","IhYEnUO"
"gajo","IhYF1MA"
"gajorro","IhZwiK1"
"gajoso, sa","IhcB0QT"
"gajuerro","Ihd3mDz"
"gal","Ihi3beT"
"gala","Ihih9gH"
"galaadita","IhmG77O"
"galabardera","Ihn8IJT"
"galacho","IhpXUoh"
"galáctico, ca","IhsOM8Q"
"galacto-","IhtfoY3"
"galactocele","Ii3FmgQ"
"galactófago, ga","Ii3NANq"
"galactóforo, ra","Ii4TKAN"
"galactógeno, na","Ii4t8YM"
"galactómetro","Ii56Srj"
"galactosa","Ii9boCy"
"galafate","IiAAvcO"
"galaico, ca","IiDCXs9"
"galo, la","Ime7INb"
"gama","Io6hfPK"
"gama","Io7HutD"
"gamada","Io9k2VL"
"gamalotal","IoAG2yo"
"gamalote","IoB51Z3"
"gamarra","IoBVecR"
"gamarza","IoE1Ia7"
"gamba","IoECZhA"
"gamba","IoEUloK"
"gambado, da","IoIZN7n"
"gambalúa","IoPolDn"
"gamberrada","IoTg4r3"
"gamberrear","IoUlB6c"
"gamberrismo","IoVUJGd"
"gamberro, rra","IoVqfP2"
"gambeta","IoWBri7"
"gambeteador, ra","IoXbNp4"
"gambetear","IoXcsXT"
"gambeto","IoiHEnY"
"gamo, ma","IpSEnG3"
"gama","Io6hfPK"
"gama","Io7HutD"
"gamada","Io9k2VL"
"gamalotal","IoAG2yo"
"gamalote","IoB51Z3"
"gamarra","IoBVecR"
"gamarza","IoE1Ia7"
"gamo, ma","IpSEnG3"
"gamba","IoECZhA"
"gamba","IoEUloK"
"gambado, da","IoIZN7n"
"gambalúa","IoPolDn"
"gamberrada","IoTg4r3"
"gamberrear","IoUlB6c"
"gamberrismo","IoVUJGd"
"gamberro, rra","IoVqfP2"
"gambeta","IoWBri7"
"gambeteador, ra","IoXbNp4"
"gambetear","IoXcsXT"
"gambeteo","IoaDohv"
"gambeto","IoiAzLQ"
"gambeto","IoiHEnY"
"Gambia","IokGGhF"
"gambiano, na","IonpHG3"
"gambito","IooF7Vv"
"gamboa","IopeLnM"
"gamba","IoECZhA"
"gamba","IoEUloK"
"gambado, da","IoIZN7n"
"gambalúa","IoPolDn"
"gamberrada","IoTg4r3"
"gamberrear","IoUlB6c"
"gamberrismo","IoVUJGd"
"gamberro, rra","IoVqfP2"
"gambeta","IoWBri7"
"gambeteador, ra","IoXbNp4"
"gambetear","IoXcsXT"
"gambeteo","IoaDohv"
"gambeto","IoiAzLQ"
"gambeto","IoiHEnY"
"Gambia","IokGGhF"
"gambiano, na","IonpHG3"
"gambito","IooF7Vv"
"gamboa","IopeLnM"
"gambota","Iosju79"
"gambox","Iot8uxC"
"gambucero","IovKsXy"
"gambuj","Iox3Bi4"
"gambujo","IoxBze3"
"gambusina","IoxKlQB"
"gambusino","IoxSZsM"
"gambux","IoxhkuO"
"gambuza","Ip09V7f"
"gamella","Ip0UuaD"
"gamellada","Ip1bBxy"
"gamello, lla","Ip5RaI6"
"gamellón","Ip9Nw1v"
"gamelotal","IpAVDtG"
"gamelote","IpAYy6x"
"gameto","IpB1O9O"
"gametofito","IpB4aUv"
"gamezno","IpD7hQl"
"gamillón","IpFqmOz"
"gamitadera","IpHr9iO"
"gamitar","IpIszfF"
"gamitido","IpJbo2T"
"gamma","IpPTkXS"
"gammaglobulina","IpR0Vnv"
"gammagrafía","IpRi5iH"
"gamo-, ‒́gamo, ma","IpTSZxx"
"gamo, ma","IpSEnG3"
"gamonal","IpVnTT8"
"gamonalismo","IpXOWCt"
"gamonita","IpYQjxc"
"gamonito","IpZml9A"
"gamonoso, sa","IpaBprx"
"gamopétalo, la","IpaSdxD"
"gamosépalo, la","IpbSq5J"
"gamón","IpVeY4k"
"gamulán","IpbWFPX"
"gamuno, na","Ipdf0n8"
"gamusino","IpgAW0k"
"gamuza","Ipi9DJz"
"gamuzado, da","IpiNERi"
"gana","IpiWHIb"
"ganable","Ipin5Hf"
"ganada","IpkAOvv"
"ganadería","IpkMcD2"
"ganadero, ra","IpkZaiw"
"ganado","IpmVKGf"
"ganador, ra","IpqpMS5"
"ganancia","Ips1Mqf"
"ganancial","IpsqTbB"
"gananciero, ra","Ipu2ZOm"
"ganancioso, sa","IpvLT9R"
"ganapán","IpwQhvB"
"ganapierde","Iq1HIwH"
"ganar","Iq1PHKv"
"gancha","Iq3uAnI"
"ganchero, ra","Iq6Lv2V"
"gañafón","IrQnUzn"
"gañán","IrTfiaP"
"gañanía","IrU66Ur"
"gañido","IrUwvXB"
"gañil","IrVF94m"
"gañín, na","IrVNbDD"
"gañir","IrYUrho"
"gañivete","IrYkl53"
"gañón","IrYl89u"
"gañote","IrZFQBa"
"gañotudo, da","IrZgmvD"
"gaollo","IreHUA9"
"gaonera","IrhsUh0"
"gaón","Irg4msA"
"gap","Irmu2ul"
"gara","Irmvhmi"
"garabasta","IroxZVp"
"garabatá","IrpqkUX"
"garabatada","IrrS4ou"
"garabatal","IrrXgRx"
"garabatear","Irs4A8p"
"garabateo","Iruas0V"
"garabatero, ra","IryNGI7"
"garabato","IrypyWr"
"garabatoso, sa","Is0cjKE"
"garabito, ta","Is2EILZ"
"garaje","Is493Bj"
"garama","Is4NjyW"
"garamanta","Is4iZX8"
"garamante","Is4jZoF"
"garambaina","Is8AmEQ"
"garambullo","Is9Njay"
"gas","IyS0m4t"
"gasa","IyWcFVD"
"gasajado","IyY2AEe"
"gasajar","Iya3Bs7"
"gasajo","IyaS6gP"
"gasajoso, sa","Iyasg2Q"
"gascón, na","IybB3EX"
"gasconés, sa","IybGHfl"
"gasear","IybMmTP"
"gaseiforme","IycDkHc"
"gasendismo","IydAacA"
"gasendista","IydpXIW"
"gaseoducto","IyidnXC"
"gaseoso, sa","IylLSfa"
"gasero, ra","IyldCEU"
"gatada","J0BYyMy"
"gatas","J0DlL8w"
"gatatumba","J0EbNWN"
"gatazo","J0F1XX8"
"gateado, da","J0FlWxQ"
"gateamiento","J0GPqqi"
"gatear","J0GaP9q"
"gateo","J0Kj6oU"
"gatera","J0NDp1D"
"gatera","J0P8gRJ"
"gatera","J0QrEI2"
"gatería","J0S6gjR"
"gatero, ra","J0T804c"
"gatesco, ca","J0TTEpu"
"gatillar","J0U3dv4"
"gatillazo","J0Uskg9"
"gatillo","J0VIhsC"
"gato","J0VULIX"
"gato","J0X0PpO"
"gato","J0XH87J"
"gatada","J0BYyMy"
"gatas","J0DlL8w"
"gatatumba","J0EbNWN"
"gatazo","J0F1XX8"
"gato","J0VULIX"
"gateado, da","J0FlWxQ"
"gateamiento","J0GPqqi"
"gatear","J0GaP9q"
"gateo","J0Kj6oU"
"gatera","J0NDp1D"
"gatera","J0P8gRJ"
"gatera","J0QrEI2"
"gatería","J0S6gjR"
"gatero, ra","J0T804c"
"gatesco, ca","J0TTEpu"
"gatillar","J0U3dv4"
"gatillazo","J0Uskg9"
"gatillo","J0VIhsC"
"gato","J0VULIX"
"gato","J0X0PpO"
"gato","J0XH87J"
"gatomuso, sa","J0XMNHw"
"gatopardo","J0Ycg9A"
"gatunero, ra","J0Ze9Ak"
"gatuno, na","J0ZzY9D"
"gatuña","J0aC2jH"
"gatuperio","J0bs3sI"
"gatuzco, ca","J0dauGt"
"gauchada","J0dd0el"
"gauchaje","J0eHXpp"
"gauchear","J0g74kA"
"gauchesco, ca","J0gPFxt"
"gaucho, cha","J0i39JT"
"gaudeamus","J0iLy4L"
"gaudón","J0j7dwG"
"gauss","J0jVX0X"
"Gauss","J0kpXjJ"
"gavanza","J0lBtgq"
"gavanzo","J0mniM1"
"gavera","J0q3zaX"
"gaveta","J0r3NQr"
"gavetero","J0rL4og"
"gavia","J0rS64Q"
"gavia","J0sEMF6"
"gavia","J0ukcrh"
"gavial","J0wziH5"
"gaviero, ra","J115eqO"
"gavieta","J13crqN"
"gaviete","J154838"
"gavilán","J15m7Fq"
"gavilana","J177kOx"
"gavilancillo","J18OzZB"
"gavilla","J18TGY6"
"gavillar","J18i2CN"
"gavillar","J19Qfy8"
"gavillero","J1ANOKa"
"gavilucho","J1ANmk3"
"gavanza","J0lBtgq"
"gavanzo","J0mniM1"
"gavera","J0q3zaX"
"gaveta","J0r3NQr"
"gavetero","J0rL4og"
"gavia","J0rS64Q"
"gavia","J0sEMF6"
"gavia","J0ukcrh"
"gavial","J0wziH5"
"gaviero, ra","J115eqO"
"gavieta","J13crqN"
"gaviete","J154838"
"gavilán","J15m7Fq"
"gavilana","J177kOx"
"gavilancillo","J18OzZB"
"gavilla","J18TGY6"
"gavillar","J18i2CN"
"gavillar","J19Qfy8"
"gavillero","J1ANOKa"
"gavilucho","J1ANmk3"
"gavina","J1Cqgfa"
"gavinote","J1DXuKI"
"gavión","J1EaWUo"
"gaviota","J1F17nf"
"gaviotín","J1FXAfO"
"gavia","J0rS64Q"
"gavia","J0sEMF6"
"gavia","J0ukcrh"
"gavial","J0wziH5"
"gaviero, ra","J115eqO"
"gavieta","J13crqN"
"gaviete","J154838"
"gavilán","J15m7Fq"
"gavilana","J177kOx"
"gavilancillo","J18OzZB"
"gavilla","J18TGY6"
"gavillar","J18i2CN"
"gavillar","J19Qfy8"
"gavillero","J1ANOKa"
"gavilucho","J1ANmk3"
"gavina","J1Cqgfa"
"gavinote","J1DXuKI"
"gaviota","J1F17nf"
"gaviotín","J1FXAfO"
"gavión","J1EaWUo"
"gavota","J1G1XqT"
"gay","J1HLflc"
"gaya","J1IiSQy"
"gaya","J1JZAB2"
"gayadura","J1N9cAA"
"gayar","J1NXqHf"
"gayata","J1NghRM"
"gayo","J1OCwpa"
"gayo","J1RiTgW"
"gayola","J1SckfR"
"gayomba","J1T7Xd3"
"gayuba","J1USVJq"
"gayumbos","J1VQ4iy"
"gaza","J1WMfMW"
"gaza","J1Wx7wF"
"gazafatón","J1Xjy5w"
"gazapa","J1a2Ncv"
"gazapatón","J1aUbAX"
"gazapear","J1cWHks"
"gazapeo","J1dRZ79"
"gazapera","J1kRy7l"
"gazapina","J1lR6TD"
"gazapo","J1oXAj2"
"gazapo","J1qLm8A"
"gazapón","J1rwOiu"
"gazapón","J1tblCD"
"gazgaz","J1uAMRw"
"gazmiar","J1uQOcw"
"gazmol","J1uX9zk"
"gazmoñada","J1v792H"
"gazmoñería","J1w7IYI"
"gazmoñero, ra","J1ziNLi"
"gazmoño, ña","J20EwjR"
"gaza","J1WMfMW"
"gaza","J1Wx7wF"
"gazafatón","J1Xjy5w"
"gazapa","J1a2Ncv"
"gazapatón","J1aUbAX"
"gazapear","J1cWHks"
"gazapeo","J1dRZ79"
"gazapera","J1kRy7l"
"gazapina","J1lR6TD"
"gazapo","J1oXAj2"
"gazapo","J1qLm8A"
"gazapón","J1rwOiu"
"gazapón","J1tblCD"
"gazgaz","J1uAMRw"
"gazmiar","J1uQOcw"
"gazmol","J1uX9zk"
"gazmoñada","J1v792H"
"gazmoñería","J1w7IYI"
"gazmoñero, ra","J1ziNLi"
"gazmoño, ña","J20EwjR"
"gaznápiro, ra","J21wx2s"
"gaznar","J23YZu8"
"gaznatada","J25SNae"
"gaznatazo","J27uA5m"
"gaznate","J27wo2t"
"gaznatón","J29jhk7"
"gaznido","J2Cv8pX"
"gazofia","J2GppUW"
"gazofilacio","J2H7PjJ"
"gazpachero","J2KqzmW"
"gazpacho","J2NYrwV"
"gazpachuelo","J2Pg1wm"
"gazuza","J2QkbyZ"
"gábata","Ifssu3B"
"gábilos","Ig2ReHW"
"gádido, da","IgxLCxV"
"gálata","IiwHodG"
"gálbano","Ij8aNVl"
"gálbula","Ij8oZDT"
"gálea","IjEQBMV"
"gáleo","IjcpO6u"
"gálgulo","IkEQvBQ"
"gálibo","IkKutGt"
"gálico, ca","IkUMqbp"
"gállara","Iku7qu4"
"gállaro","Il6HLMC"
"gámbalo","IoJaSbQ"
"gámbaro","IoRNqBb"
"gándara","IqFI5rK"
"gánguil","IqwrwrM"
"gánster","IrGOEJM"
"gábata","Ifssu3B"
"gábilos","Ig2ReHW"
"gádido, da","IgxLCxV"
"gálata","IiwHodG"
"gálbano","Ij8aNVl"
"gálbula","Ij8oZDT"
"gálea","IjEQBMV"
"gáleo","IjcpO6u"
"gálgulo","IkEQvBQ"
"gálibo","IkKutGt"
"gálico, ca","IkUMqbp"
"gállara","Iku7qu4"
"gállaro","Il6HLMC"
"gámbalo","IoJaSbQ"
"gámbaro","IoRNqBb"
"gándara","IqFI5rK"
"gánguil","IqwrwrM"
"gánster","IrGOEJM"
"gáraba","Irnwh6j"
"gárbula","It6o5CV"
"gárgara","IuBhfb3"
"gárgaro","IuHWYOW"
"gárgol","IuJb4fW"
"gárgol","IuJtFu4"
"gárgola","IuKt8S6"
"gárgola","IuMRqkm"
"gárrulo, la","Iy7EpfQ"
"gástrico, ca","IzZTKqf"
"gástrula","J0AaDgW"
"ge","J2TCc50"
"ge","J2TV4XW"
"gea","J2Tv23k"
"gecónido","J2VU1I4"
"gehena","J2VZwFN"
"geisha","J2awG9i"
"gejionense","J2b3WZr"
"gel","J2brJdF"
"gelado, da","J2fPUT6"
"gelarse","J2g4nyt"
"gelatina","J2hjkal"
"gelatinoso, sa","J2kZfeD"
"geldre","J2lWge7"
"gelfe","J2ll61K"
"gelidez","J2o1F9n"
"gelignita","J2pN7v8"
"gema","J2pSTOp"
"gemación","J2r1bqZ"
"gemebundo, da","J2shEtv"
"gea","J2Tv23k"
"gecónido","J2VU1I4"
"gehena","J2VZwFN"
"geisha","J2awG9i"
"gejionense","J2b3WZr"
"gel","J2brJdF"
"gelado, da","J2fPUT6"
"gelarse","J2g4nyt"
"gelatina","J2hjkal"
"gelatinoso, sa","J2kZfeD"
"geldre","J2lWge7"
"gelfe","J2ll61K"
"gelidez","J2o1F9n"
"gelignita","J2pN7v8"
"gema","J2pSTOp"
"gemación","J2r1bqZ"
"gemebundo, da","J2shEtv"
"gemela","J2tgEvZ"
"gemelar","J2v9CCz"
"gemelo, la","J2vnwKW"
"gemido","J2yEEwO"
"gemidor, ra","J2ySBOV"
"geminación","J30qKrA"
"geminado, da","J30wJme"
"geminar","J33AsDD"
"geminiano, na","J33YfH0"
"gemíparo, ra","J35UoES"
"gemiquear","J37vkRL"
"gemiqueo","J3CpM8X"
"gen","J3NDUQb"
"genciana","J3NrgeL"
"gencianáceo, a","J3QMUlY"
"gencianeo, a","J3V3CgW"
"gendarme","J3V93h5"
"gendarmería","J3Vu1fc"
"genealogía","J3ZUIHn"
"genealógico, ca","J3a5G0z"
"genealogista","J3fL8m7"
"genearca","J3fnk6h"
"geneático, ca","J3g3c0X"
"generable","J3gBARt"
"generación","J3hJP2w"
"generacional","J3j6iji"
"generador, ra","J3l68wC"
"geo","J6YNqj2"
"geo-","J6YgBjO"
"geobotánico, ca","J6cpJZ9"
"geocéntrico, ca","J6dHXHK"
"geocentrismo","J6i97zt"
"geoda","J6jEDkY"
"geodesia","J6m9KDR"
"geodésico, ca","J6nFOKt"
"geodesta","J6nwSPJ"
"geodinámica","J6oQoBQ"
"geoestacionario, ria","J6s9t9s"
"geoestrategia","J6sRdEo"
"geofagia","J6uC6Mb"
"geofísico, ca","J74R1qo"
"geogenia","J77SR3S"
"geófago, ga","J6wkz5R"
"geógrafo, fa","J7P3IdT"
"geólogo, ga","J7VOVg9"
"geómetra","J7cFtu9"
"geópono, na","J7we4yY"
"geórgico, ca","J8I5fHz"
"geosfera","J8Qht9X"
"geótico, ca","J8fudkj"
"geraniáceo, a","J8jbCT9"
"geranio","J8kQzdZ"
"gerbera","J8lE2Xw"
"gerencia","J8mtyd2"
"gerenciamiento","J8oshh3"
"gerenciar","J8qqWlF"
"gerente, ta","J8rFRwL"
"geriatra","J8tnTt6"
"geriatría","J8uychH"
"geriátrico, ca","J8vnT8T"
"gerifalte","J8wkWlo"
"germán, na","J8xQPeD"
"germanesco, ca","J8y5CPW"
"germanía","J8y6wwB"
"germánico, ca","J8y7Gx0"
"germano","J96mDn5"
"germano","J97HjVE"
"gesneriáceo, a","J9oOygg"
"gesolreút","J9rjx3k"
"gesta","J9tf1Hm"
"gestación","J9v9ovs"
"gestacional","J9xIGMp"
"gestadura","J9xMJ5Y"
"gestante","J9zeV3h"
"gestar","JA0d5LE"
"gestatorio, ria","JA5ZlNF"
"gestear","JA8Z5we"
"gestero, ra","JA9GOq6"
"gesticulación","JABelEl"
"gesticulador, ra","JAGRP0m"
"gesticulante","JAHVu31"
"gesticular","JAIfbpA"
"gesticular","JAMaYak"
"gesticuloso, sa","JAOfJyj"
"geta","JAYZ1no"
"getafense","JAacJ0o"
"getafeño, ña","JAcMoeZ"
"getón","JAfwZrw"
"géiser","J2acuz0"
"gélido, da","J2oaJNt"
"géminis","J33fQU5"
"gémino, na","J34fIn0"
"género","J49ADOi"
"génesis","J4LPLDx"
"génico, ca","J4oy4ej"
"génoli","J5KeUTl"
"Génova","J5ontBr"
"génuli","J6Xw99I"
"gépido, da","J8ixRF4"
"gético, ca","JAfImLt"
"gétulo, la","JAg3H1v"
"ghanés, sa","JAo1LXB"
"giardia","JAoCOPd"
"giardiasis","JAoLQLn"
"giba","JAoUSHx"
"gibado, da","JApWATN"
"gibao","JArfLNZ"
"gibar","JArwtYC"
"gibelino, na","JAtDFJt"
"gibón","JAvJUFz"
"gibosidad","JB4vLpS"
"giboso, sa","JB7n2LC"
"gibraltareño, ña","JBAXbYm"
"gif","JBCLaXb"
"giga-","JBEmROq"
"giga","JBCisnU"
"giga","JBELujR"
"gigabyte","JBEr3H9"
"gigante, ta","JBGDlt0"
"gímnico, ca","JC3j9T9"
"glabro, bra","JDyfRHN"
"glaciación","JE0Ic7Z"
"glacial","JE5AIUz"
"glacialmente","JE5zo8P"
"glaciar","JE62Dts"
"glaciarismo","JE7GzPB"
"glaciología","JE7YYTQ"
"glaciológico, ca","JE7h1K1"
"glaciólogo, ga","JEA9Zyc"
"glacis","JEBUPil"
"gladiador, ra","JEDqHMg"
"gladiator","JEGdD9l"
"gladiatorio, ria","JEIzqj3"
"gladio","JEJ8y9D"
"gladiola","JELJHoZ"
"gneis","JGqMLNa"
"gnéisico, ca","JGrzAf9"
"gnetáceo, a","JGthDEM"
"gnómico, ca","JGuONNQ"
"gnomo","JGxUaxm"
"gnomon","JGzvUEh"
"gnomónico, ca","JH1pJRW"
"gnoseología","JH1wokX"
"gnoseológico, ca","JH5aPvd"
"gnosis","JH6R7HU"
"gnosticismo","JH6dhqp"
"gnóstico, ca","JH9elVV"
"go","JHAV33G"
"gobelino","JHBFPf8"
"gobén","JHEFRWE"
"gobernabilidad","JHEm6kd"
"gobernable","JHFPPDP"
"gobernación","JHGsRG8"
"gobernador, ra","JHHUQzx"
"gobernadorcillo","JHIdrBA"
"gobernalle","JHIefIq"
"gobernamiento","JHOGKeL"
"gobernanta","JHOej9S"
"gobernante","JHOmUfg"
"gobernanza","JHRSmFV"
"gobernar","JHSRe0Y"
"gobernativo, va","JHSbAJp"
"gobernista","JHTXLeU"
"gobernoso, sa","JHU7PV3"
"gómena","JKGK8mE"
"gónada","JKX5lYO"
"góndola","JKjRM5a"
"górgoro","JLyLxmF"
"góspel","JN3AHGp"
"gótico, ca","JNMHOU3"
"GPS","JNqHTYE"
"Graaf","JNs9FxZ"
"grabable","JNy3n2m"
"grabación","JNyA4g6"
"grabado","JNyyoJy"
"grabador, ra","JNzZQMH"
"grabadura","JO1XUUQ"
"grabar","JO29ach"
"grabazón","JO2cKPf"
"gracejada","JO5txfv"
"gracejar","JO7s9gg"
"gracejo","JOBxzU7"
"gracia","JOCFpLb"
"graciable","JODBGAm"
"graciadiosense","JOFOhbf"
"graciadioseño, ña","JOFWbJh"
"graciado, da","JOFotsx"
"graciano, na","JOFpY4Y"
"gu","Jb0hEp4"
"gua","Jb1Emfj"
"gua","Jb3jDiv"
"guaba","JbAOSFO"
"guabá","JbB7KXf"
"guabairo","JbBtUst"
"guabina","JbC496G"
"guabirá","JbCZRwf"
"guabiyú","JbE2bcw"
"guabo","JbE4LDj"
"guabul","JbFTiIc"
"guaca","JbFx8qE"
"guacal","JbHX4ci"
"guácala","JbHqxBr"
"guacalada","JbIzOxW"
"guacalazo","JbJmnJ1"
"guacalote","JbOfIOh"
"guacamaya","JbPzTCR"
"guacamayo","JbQUjNf"
"guaco","Jc20vM5"
"gua","Jb1Emfj"
"gua","Jb3jDiv"
"guaba","JbAOSFO"
"guabá","JbB7KXf"
"guabairo","JbBtUst"
"guabina","JbC496G"
"guabirá","JbCZRwf"
"guabiyú","JbE2bcw"
"guabo","JbE4LDj"
"guabul","JbFTiIc"
"guaca","JbFx8qE"
"guacal","JbHX4ci"
"guacalada","JbIzOxW"
"guacalazo","JbJmnJ1"
"guacalote","JbOfIOh"
"guacamaya","JbPzTCR"
"guacamayo","JbQUjNf"
"guacamol","JbRUdIy"
"guacamole","JbS4HEY"
"guaco","Jc20vM5"
"guaba","JbAOSFO"
"guabá","JbB7KXf"
"guabairo","JbBtUst"
"guabina","JbC496G"
"guabirá","JbCZRwf"
"guabiyú","JbE2bcw"
"guabo","JbE4LDj"
"guabul","JbFTiIc"
"guaca","JbFx8qE"
"guacal","JbHX4ci"
"guacalada","JbIzOxW"
"guacalazo","JbJmnJ1"
"guacalote","JbOfIOh"
"guacamaya","JbPzTCR"
"guacamayo","JbQUjNf"
"guacamol","JbRUdIy"
"guacamole","JbS4HEY"
"guacamote","JbSG7Yt"
"guachaca","JbSYcXI"
"guachada","JbU7GaW"
"guachafita","JbUiVH9"
"guachafitero, ra","JbXcbT6"
"guachaje","JbcI3EG"
"guachapazo","JbhOr2J"
"guachapear","Jbhd6KT"
"guachapelí","Jbj2Prc"
"guacharaca","JbjoSQS"
"guaco","Jc20vM5"
"guaca","JbFx8qE"
"guacal","JbHX4ci"
"guacalada","JbIzOxW"
"guacalazo","JbJmnJ1"
"guacalote","JbOfIOh"
"guacamaya","JbPzTCR"
"guacamayo","JbQUjNf"
"guacamol","JbRUdIy"
"guacamole","JbS4HEY"
"guacamote","JbSG7Yt"
"guaco","Jc20vM5"
"guachaca","JbSYcXI"
"guachada","JbU7GaW"
"guachafita","JbUiVH9"
"guachafitero, ra","JbXcbT6"
"guachaje","JbcI3EG"
"guachapazo","JbhOr2J"
"guachapear","Jbhd6KT"
"guachapelí","Jbj2Prc"
"guacharaca","JbjoSQS"
"guacharrada","JbljkKK"
"guacharrazo","Jbm5I2w"
"guacharro","Jbn8X3S"
"guache","JbowDEY"
"guachi","JbvY6jt"
"guachimán","JbxY4Qt"
"guachinango, ga","Jbyum8R"
"guachinear","JbzOinM"
"guachipelín","Jc0LoVB"
"guachaca","JbSYcXI"
"guachada","JbU7GaW"
"guachafita","JbUiVH9"
"guachafitero, ra","JbXcbT6"
"guachaje","JbcI3EG"
"guachapazo","JbhOr2J"
"guachapear","Jbhd6KT"
"guachapelí","Jbj2Prc"
"guacharaca","JbjoSQS"
"guacharrada","JbljkKK"
"guacharrazo","Jbm5I2w"
"guacharro","Jbn8X3S"
"guacho, cha","Jc0wZHs"
"huachalomo","KjECP18"
"huachar","KjGn4uZ"
"guache","JbowDEY"
"guachi","JbvY6jt"
"guachimán","JbxY4Qt"
"guachinango, ga","Jbyum8R"
"guachinear","JbzOinM"
"guachipelín","Jc0LoVB"
"guachipilín","Jc0RpMp"
"guacho, cha","Jc0wZHs"
"guacia","Jc15SQA"
"guaco","Jc1PRwq"
"guaco","Jc1cnQn"
"guaco","Jc20vM5"
"huaco","KjIrXh9"
"guadafiones","Jc2Qp7a"
"guadal","Jc7ng1P"
"guadalajarense","Jc9A8Oj"
"guadalajareño, ña","Jc9bHUv"
"guadalupense","JcB7yos"
"guadalupeño, ña","JcINkwj"
"guadamací","JcIuSwG"
"guadamacil","JcMT2nJ"
"guadamacilería","JcNtsOX"
"guadamacilero","JcRH4zx"
"guadamecí","JcRRWOD"
"guadamecil","JcRV9dg"
"guadaña","JcTSpvt"
"guadañador, ra","JcTwBG1"
"guadañar","JcVx6Bk"
"guadañero, ra","JcWJJQR"
"guagra","JdAwIUp"
"guagua","JdB3NGe"
"guagua","JdBLMiE"
"guaguancó","JdBZzDr"
"guaguasí","JdBkimK"
"guaica","JdBpXAQ"
"guaicán","JdC0Yeo"
"guaicurú","JdCfZ6h"
"guailón, na","JdHiyD5"
"guaimí","JdPb8HA"
"guaina","JdUrwmm"
"guaipe","JdXlHca"
"guaiquerí","JdXqS7n"
"guaira","JdbVsbb"
"guairabo","JddK0dB"
"guaireño","JddyKEj"
"guaireño","JdedQAY"
"guairo","JdfFWGN"
"guaita","JdkBCVO"
"guaitambo, ba","Jdlm2AW"
"guaitar","JdmBHnk"
"huaiño","KjMtzti"
"huairuro","KjNCdG3"
"guaica","JdBpXAQ"
"guaicán","JdC0Yeo"
"guaicurú","JdCfZ6h"
"guailón, na","JdHiyD5"
"guaimí","JdPb8HA"
"guaina","JdUrwmm"
"huaiño","KjMtzti"
"guaipe","JdXlHca"
"guaiquerí","JdXqS7n"
"guaira","JdbVsbb"
"guairabo","JddK0dB"
"guaireño","JddyKEj"
"guaireño","JdedQAY"
"guairo","JdfFWGN"
"huairuro","KjNCdG3"
"guaita","JdkBCVO"
"guaitambo, ba","Jdlm2AW"
"guaitar","JdmBHnk"
"guaja","JdmGfMI"
"guajaca","JdqS7pe"
"guajacón","JdslJiB"
"guajana","JdwXS8q"
"guaje","JdyojHi"
"guajibo, ba","Je1gEE3"
"guajillo","Je1raYr"
"guajiro, ra","Je4ekL6"
"guajolote","Je6Aekc"
"guala","Je7DytW"
"gualá","Je8W9JT"
"gualaicho, cha","Je9Euxs"
"gualanday","Je9rNRx"
"gualardón","JeB4TbI"
"gualardonar","JeCqXyI"
"gualatina","JeDSLOR"
"gualda","JeEDSLY"
"gualdado, da","JeEIEnY"
"gualdera","JeEqSMN"
"gualdo, da","JeFKbk7"
"gualdrapa","JeHquCW"
"gualdrapazo","JeL8bR8"
"gualdrapear","JeLNQVT"
"gualdrapeo","JePamHk"
"gualdrapero","JeQyEA1"
"gualicho","JeTW0aJ"
"gualiqueme","JeVxMUM"
"guala","Je7DytW"
"gualaicho, cha","Je9Euxs"
"gualanday","Je9rNRx"
"gualardón","JeB4TbI"
"gualardonar","JeCqXyI"
"gualatina","JeDSLOR"
"gualá","Je8W9JT"
"gualda","JeEDSLY"
"gualdado, da","JeEIEnY"
"gualdera","JeEqSMN"
"gualdo, da","JeFKbk7"
"gualdrapa","JeHquCW"
"gualdrapazo","JeL8bR8"
"gualdrapear","JeLNQVT"
"gualdrapeo","JePamHk"
"gualdrapero","JeQyEA1"
"gualicho","JeTW0aJ"
"gualiqueme","JeVxMUM"
"gualputa","JeXUt3R"
"gualtrapa","JeY5eRb"
"gualve","JeYeUNr"
"guama","JeYn5s7"
"guamá","JeZSjZS"
"guamazo","JebukMB"
"guambia","JedCUJ7"
"guambra","JeeX40w"
"guame","Jehq1Vh"
"guamil","JekKEPX"
"guamo","JenIOHr"
"guampa","JeonzDM"
"guamúchil","JesZ1Bi"
"guanabá","JevlHuS"
"guanábana","JewuNW8"
"guanabanada","JexfGyq"
"guanábano","JeySZZ3"
"guanacada","JeywBYV"
"guanacaste","JezOyRW"
"guanacasteco, ca","Jf0DJHo"
"guanaco, ca","Jf169wN"
"guanajada","Jf3dWHc"
"guanajeño, ña","Jf4WVSN"
"guanajo, ja","Jf5HcRQ"
"guanajuatense","Jf6EVc3"
"guanaquismo","Jf6b5dU"
"guanareño, ña","Jf90vCO"
"guanay","JfAm0Fr"
"guañil","JgDFkKZ"
"guao","JgFgEF5"
"guapamente","JgKiyel"
"guape","JgL4abl"
"guapear","JgLsxbw"
"guaperas","JgNxzqX"
"guapería","JgPe8sT"
"guapetón, na","JgREfjt"
"guapetonería","JgRsK91"
"guapeza","JgSqfMt"
"guapinol","JgTbj0Z"
"guapo, pa","JgU0Yj9"
"guapomó","JgWSVNO"
"guapote, ta","JgXCdiz"
"guapura","JgXXEjt"
"guapurú","JgbeO1L"
"guaqueño, ña","JgdTvHn"
"huaquear","Kk8JvnD"
"huaquero, ra","KkB0d6x"
"guara","Jge20zg"
"guara","Jgf8c6E"
"guara","JggPw2Y"
"guarabeado, da","JggcIQF"
"guaraca","JgjeOd5"
"guaracaro","JgjpBJq"
"guaracha","JgkrAPz"
"guarachar","JgkzF8H"
"guarache","Jgl10gL"
"guarachero, ra","JgpoIuX"
"guarachoso, sa","JgsUJhK"
"guarachudo, da","JgtgRky"
"guaragua","JguufSI"
"guaraguao","Jgvxjpo"
"guaral","JgxH5QA"
"guarán","Jh1qyUw"
"guaraná","Jh4Nypm"
"guarandeño, ña","Jh584x9"
"guara","Jge20zg"
"guara","Jgf8c6E"
"guara","JggPw2Y"
"guarabeado, da","JggcIQF"
"guaraca","JgjeOd5"
"guaracaro","JgjpBJq"
"guaracha","JgkrAPz"
"guarachar","JgkzF8H"
"guarache","Jgl10gL"
"guarachero, ra","JgpoIuX"
"guarachoso, sa","JgsUJhK"
"guarachudo, da","JgtgRky"
"guaragua","JguufSI"
"guaraguao","Jgvxjpo"
"guaral","JgxH5QA"
"guaraná","Jh4Nypm"
"guarandeño, ña","Jh584x9"
"guarán","Jh1qyUw"
"guarda","JhXFwFm"
"guardabanderas","JhbRnQ6"
"guardabarrancos","JheCKFu"
"guardabarrera","Jhiykly"
"guardabarros","JhjZSAv"
"guardable","JhliCaz"
"guardabosque","JhoLiDZ"
"guardabrazo","Jhw0lpk"
"guardabrisa","Jhxi7VY"
"guardabrisas","JhyiWDw"
"guardacabo","JhzMBDM"
"guardacabras","Ji0gHU2"
"guardacalada","Ji1phkJ"
"guardacaminos","Ji3CinR"
"guardacamisa","Ji69VzP"
"guardacantón","JiByAzU"
"guardacartuchos","JiC9b77"
"guardacoches","JiCPkYH"
"guardacostas","JiGjBAj"
"guarda","JhXFwFm"
"guardabanderas","JhbRnQ6"
"guardabarrancos","JheCKFu"
"guardabarrera","Jhiykly"
"guardabarros","JhjZSAv"
"guardable","JhliCaz"
"guardabosque","JhoLiDZ"
"guardabrazo","Jhw0lpk"
"guardabrisa","Jhxi7VY"
"guardabrisas","JhyiWDw"
"guardacabo","JhzMBDM"
"guardacabras","Ji0gHU2"
"guardacalada","Ji1phkJ"
"guardacaminos","Ji3CinR"
"guardacamisa","Ji69VzP"
"guardacantón","JiByAzU"
"guardacartuchos","JiC9b77"
"guardacoches","JiCPkYH"
"guardacostas","JiGjBAj"
"guardabanderas","JhbRnQ6"
"guardabarrancos","JheCKFu"
"guardabarrera","Jhiykly"
"guardabarros","JhjZSAv"
"guardable","JhliCaz"
"guardabosque","JhoLiDZ"
"guardabrazo","Jhw0lpk"
"guardabrisa","Jhxi7VY"
"guardabrisas","JhyiWDw"
"guardacabo","JhzMBDM"
"guardacabras","Ji0gHU2"
"guardacalada","Ji1phkJ"
"guardacaminos","Ji3CinR"
"guardacamisa","Ji69VzP"
"guardacantón","JiByAzU"
"guardacartuchos","JiC9b77"
"guardacoches","JiCPkYH"
"guardacostas","JiGjBAj"
"guardacuños","JiHKUCo"
"guardadamas","JiHVdCW"
"guardado, da","JiOBgOq"
"guardador, ra","JiR3wd2"
"guardaespaldas","JiSfJfH"
"guardafangos","JiTHSow"
"guardafauna","JiVdeEo"
"guardafrenos","JiZEhqH"
"guardafuego","JiZHW6x"
"guardaguas","Jidu6uu"
"guardagujas","Jiecqpy"
"guardahúmo","JiggVAp"
"guardainfante","JihseAD"
"guardajoyas","JihxHXl"
"guardalado","JiisEHu"
"guardalmacén","Jim6ncT"
"guardalobo","Jiney3f"
"guardamalleta","Jioir0B"
"guardamangel","Jiot9F5"
"guardamangier","Jiq9eC5"
"guardamano","JiqR8OL"
"guardamateriales","JiqWmX4"
"guardameta","JirBhAj"
"guardamiento","JirliQm"
"guardamigo","Jiss2w1"
"guardamonte","JiwNTRK"
"guardamonte","JixXuwi"
"guardamuebles","Jj8K0Z6"
"guardamujer","Jj8jtqf"
"guardapalos","Jj96vIA"
"guardapapo","Jj97Y0Z"
"guardaparques","JjBxdGh"
"guardapelo","JjC9Ksh"
"guardapesca","JjDYIY5"
"guardapiés","JjF3Yum"
"guardapolvo","JjFSJAl"
"guardapuerta","JjG0MTL"
"guardapuntas","JjIbcKF"
"guardar","JjJWqPL"
"guardarraíl","JjK8CIL"
"guardarraya","JjLHqZV"
"guardarrío","JjMPElr"
"guardarropa","JjNe8Zy"
"guardarropía","JjSjnYt"
"guardarruedas","JjTIvdW"
"guardasellos","JjTw9Mf"
"guardasilla","JjVlAlR"
"guardasol","JjbLYW4"
"guardatimón","JjdWOum"
"guardatojo","JjgijtI"
"guardavalla","Jjipd1p"
"guardavecino","JjkgcYl"
"guardavela","JjkyiPe"
"guardavía","JjlKvlS"
"guardavidas","Jjlkpj2"
"guardavientos","Jjln4Qn"
"guardería","JjmiQm6"
"guardés, sa","Jjmr0Vv"
"guardés, sa","Jjmr0Vv"
"guardia","JjpuE9J"
"guardiacárcel","JjpvHDa"
"guardiamarina","Jjr10v0"
"guardián, na","JjsmUf9"
"guardianía","JjszWQE"
"guardilla","Jjxv8U9"
"guardilla","Jjyywd2"
"guardillón","Jk3LSYa"
"guardín","Jk5jpvz"
"guardón, na","Jk6xFeW"
"guardoso, sa","Jk7KPJx"
"guardón, na","Jk6xFeW"
"guareao","Jk9nkvS"
"guarear","JkAPe89"
"guarecer","JkBaxOJ"
"guarecimiento","JkCYcSp"
"guarenticio, cia","JkHDnLf"
"guares","JkJCgqA"
"guarén","JkFXWnW"
"guargüero","JkJdHla"
"guaria","JkL0WDm"
"guariao","JkLcysh"
"guaricandilla","JkMPg05"
"guaricha","JkR5l3F"
"guarida","JkRGDBI"
"guaridero, ra","JkRs28h"
"guarimán","JkVbTJZ"
"guarimiento","JkVsVGS"
"guaripola","JkXNqJH"
"guariqueño, ña","JkXmaDm"
"guarir","JkYzj2T"
"guarisapo","JkZa7pB"
"guarismo, ma","JkaVv35"
"guarisnaque","JkawkKx"
"guaritoto","JkcqwJb"
"guarín","JkW2ri5"
"guarne","Jkgswty"
"guarnecedor, ra","JkiQrOB"
"guarnecer","Jkk7TMk"
"guarnecido","JkkRRfw"
"guarnición","JklZZCp"
"guarnicionar","JklwON8"
"guarnicionería","Jkmtq0h"
"guarnicionero, ra","JkoTvHF"
"guarniel","Jkp94yB"
"guarnimiento","JkqKFzo"
"guarnir","JkrZ15Z"
"guaro","JkxFO9p"
"guaro","JkxV94S"
"guaroso, sa","JkyUtSu"
"guarra","Jl0S49Z"
"guarrada","Jl2ns4f"
"guarrazo","Jl4OeXa"
"guarrear","Jl62iz2"
"guarrería","Jl6oJ5q"
"guarrero, ra","Jl83fmw"
"guarrido","Jl935vv"
"guarrilla","Jl98wqP"
"guarrindongo, ga","Jl9MH4S"
"guarro","JlEyE0Z"
"guarro","JlFyrV3"
"guarte","JlHvsDt"
"guarumal","JlMIjQf"
"guarumo","JlSlW9U"
"guarura","JlTk1mC"
"guaruso","JlUsB3h"
"guasa","JlY43zi"
"guasábara","JlYAOQK"
"guasabear","JlZlkJj"
"guasada","Jla9EWG"
"guasamaco, ca","JlbEnNZ"
"guasanga","JlbYB5F"
"guasasa","Jld0Yi3"
"guasaya","JldpRCj"
"guasca","JlgvCKR"
"guascazo","Jlh9lNL"
"guasearse","JlhDsvg"
"guasería","JliZNaq"
"guashpira","Jlj9xyq"
"guasimal","JljcHSc"
"guaso, sa","Jlk2fOS"
"guasón, na","JlqXlCc"
"guasontle","JluKZy9"
"guaspirolazo","JlvcYd0"
"guasa","JlY43zi"
"guasabear","JlZlkJj"
"guasada","Jla9EWG"
"guasamaco, ca","JlbEnNZ"
"guasanga","JlbYB5F"
"guasasa","Jld0Yi3"
"guasaya","JldpRCj"
"guaso, sa","Jlk2fOS"
"guasábara","JlYAOQK"
"guasca","JlgvCKR"
"guascazo","Jlh9lNL"
"guasearse","JlhDsvg"
"guasería","JliZNaq"
"guashpira","Jlj9xyq"
"guasimal","JljcHSc"
"guaso, sa","Jlk2fOS"
"guasón, na","JlqXlCc"
"guasontle","JluKZy9"
"guasón, na","JlqXlCc"
"guaspirolazo","JlvcYd0"
"guastar","JlviinF"
"guastatoyano, na","JlvydjI"
"guasto","JlxYgPJ"
"guata","Jlxxrse"
"guata","Jlys098"
"guataca","JlzkHvP"
"guatacare","Jm0IcWF"
"guataquear","Jm0O2mZ"
"guataquería","Jm12HE2"
"guatazo","Jm1KXRg"
"guate","Jm2stBk"
"guate","Jm3EZkR"
"guateado, da","Jm3nXkF"
"guatear","Jm69CVn"
"guatemalense","JmGFmHC"
"guatemalidad","JmGkpdR"
"guatemalteco, ca","JmL5t9n"
"guatemaltequidad","JmN235V"
"guatemaltequismo","JmNuU8h"
"guateque","JmV3DvA"
"guatero","JmVVVEf"
"guatíbere","JmWwWIF"
"guato","Jmby2al"
"guata","Jlxxrse"
"guata","Jlys098"
"guataca","JlzkHvP"
"guatacare","Jm0IcWF"
"guataquear","Jm0O2mZ"
"guataquería","Jm12HE2"
"guatazo","Jm1KXRg"
"guate","Jm3EZkR"
"guato","Jmby2al"
"guate","Jm2stBk"
"guate","Jm3EZkR"
"guateado, da","Jm3nXkF"
"guatear","Jm69CVn"
"guatemalense","JmGFmHC"
"guatemalidad","JmGkpdR"
"guatemalteco, ca","JmL5t9n"
"guatemaltequidad","JmN235V"
"guatemaltequismo","JmNuU8h"
"guateque","JmV3DvA"
"guatero","JmVVVEf"
"guatiné","JmXMNd5"
"guatiní","JmXaDoJ"
"guatíbere","JmWwWIF"
"guatíbero","JmX9WZ6"
"guato","JmbgoOP"
"guato","Jmby2al"
"guatón, na","JmcS2wO"
"guatón, na","JmcS2wO"
"guatusa","JmehYtY"
"guatusero, ra","Jmexi3y"
"guatuso","JmfYiW8"
"guau","JmhCbiv"
"guaucho","Jmhewhq"
"guay","JmihBh3"
"guay","Jmj5DLi"
"guaya","JmmKNSf"
"guayaba","Jmo4CZ0"
"guayabal","Jmq8MaD"
"guayabar","JmqnrUT"
"guayabate","JmuW9ST"
"guayabearse","JmvTvod"
"guayabero, ra","JmxXl0W"
"guayabita","Jmxg6Ho"
"guayabito","Jmz45mT"
"guayabo","Jn5GrB5"
"guayabo","Jn6mfl6"
"guayabón","Jn8TU3v"
"guayabudo, da","JnAOlAw"
"guayaca","JnAPZj3"
"guayacán","JnE4tcg"
"guayaco","JnENkbv"
"guayaco","JnFxxMq"
"guayacol","JnHCyfU"
"guaya","JmmKNSf"
"guayaba","Jmo4CZ0"
"guayabal","Jmq8MaD"
"guayabar","JmqnrUT"
"guayabate","JmuW9ST"
"guayabearse","JmvTvod"
"guayabero, ra","JmxXl0W"
"guayabita","Jmxg6Ho"
"guayabito","Jmz45mT"
"guayabo","Jn5GrB5"
"guayabo","Jn6mfl6"
"guayabón","Jn8TU3v"
"guayabudo, da","JnAOlAw"
"guayaca","JnAPZj3"
"guayacán","JnE4tcg"
"guayaco","JnENkbv"
"guayaco","JnFxxMq"
"guayacol","JnHCyfU"
"guayadero","JnICmY2"
"guayado, da","JnLysjR"
"guayaba","Jmo4CZ0"
"guayabal","Jmq8MaD"
"guayabar","JmqnrUT"
"guayabate","JmuW9ST"
"guayabearse","JmvTvod"
"guayabero, ra","JmxXl0W"
"guayabita","Jmxg6Ho"
"guayabito","Jmz45mT"
"guayabo","Jn5GrB5"
"guayabo","Jn6mfl6"
"guayabón","Jn8TU3v"
"guayabudo, da","JnAOlAw"
"guayaca","JnAPZj3"
"guayacán","JnE4tcg"
"guayaco","JnENkbv"
"guayaco","JnFxxMq"
"guayacol","JnHCyfU"
"guayadero","JnICmY2"
"guayado, da","JnLysjR"
"guayamés, sa","JnM57Pf"
"guayanés, sa","JnMt56a"
"guayaquil","JnNQ6LR"
"guayaquileño, ña","JnNYP4B"
"guayar","JnTfA8d"
"guayar","JnTsqRP"
"guayas","JnYUO4z"
"guayasense","JnYUqZp"
"guaymense","JnaryzM"
"guaymeño, ña","Jnb0FHe"
"guayo","JnbCwjV"
"guayo","Jng9Jm1"
"guayola","JniEU8h"
"guayuco","JninNgj"
"guayusa","Jnkblo9"
"guazalo","JnkdF02"
"guazapa","JnmvlM8"
"guazubirá","JnnXEhd"
"guácala","JbHqxBr"
"guácharo, ra","Jbl0GVr"
"guáduba","Jd8dIjr"
"guágara","Jd9eFTz"
"guájar","Jdx7CLc"
"guájara","JdxKVHb"
"guájete","Je0GQEf"
"guámpara","JerlkGh"
"guáramo","Jh0XgNG"
"guásima","JljUgUp"
"guásimo","Jljm7Md"
"gubernación","JnoHo3z"
"gubernamental","Jnq7U2w"
"gubernar","JnrdUfS"
"gubernativamente","Jnrh7e1"
"gubernativo, va","Jnrqv26"
"gubernista","JntSPO2"
"gubia","JntfmsL"
"gubileta","Jntmaa3"
"gubilete","JnuN1ad"
"guedeja","Jnz2vXR"
"guedejado, da","Jo06PJv"
"guedejón, na","Jo4MpmW"
"guedejoso, sa","Jo7XQYn"
"guedejudo, da","Jo7Y8V1"
"gueldo","JoAOzLs"
"guelte","JoDVQVJ"
"gueltre","JoDjrWV"
"guepardo","JoIUmoP"
"guercho, cha","JoIqLX9"
"Guernesey","JoJSim0"
"guerra","JoNxOnS"
"guerreador, ra","JoQkz2l"
"guerrear","JoXSD6w"
"guiabara","JooWB82"
"guiadera","JoorGnb"
"guiado, da","JoszGvW"
"guiador, ra","Jot0Ugp"
"guiaje","JowAf6H"
"guiamiento","Jox9dBJ"
"guiar","Joxyom6"
"guido, da","Joy9RM0"
"guienés, sa","JoyA9LA"
"guifa","JoyeGlu"
"guija","JozuEom"
"guijarral","Jp4Nl98"
"guijarrazo","Jp513PN"
"guijarreño, ña","Jp65WKM"
"guijarro","Jp6SVIU"
"guía","JooDg2q"
"guínjol","Jqgs9Q6"
"guja","JsdanOw"
"gula","JseCx12"
"gula","JshyEKq"
"gulag","JsjruFV"
"gular","Jsks2ot"
"gulasch","JslH9aw"
"gulay","JslopJj"
"gules","JsqbcLD"
"gullán","JsrH42z"
"gullería","JssoGGX"
"gulloría","Jsu6CZe"
"gulosidad","JsyS6hN"
"guloso, sa","Jsz11F8"
"gulusmear","Jt1dbzK"
"gulusmero, ra","Jt25M21"
"gumamela","Jt4XrF8"
"gumía","Jt9m4ib"
"gunneráceo, a","JtE39FQ"
"gura","JtIA1wd"
"gurapas","JtPTu54"
"gurbio, bia","JtRcHqB"
"gurbión","JtUDv6X"
"gurbión","JtUW0Yj"
"gurbionado, da","JtXlr6s"
"gurdo, da","JtY3WFl"
"gurí, risa","JtY5gZH"
"guripa","JtZ8gBu"
"guro","Jti5x4Q"
"gurriato","JtkpH7i"
"gurriato","JtkvLDG"
"gurrión","Jtm8dQD"
"gurripato","JtqVztS"
"gurrufero, ra","JtumMkO"
"gurrumino, na","Jtxio7m"
"gusa","JuCKQbr"
"gusanear","JuCLpvq"
"gusanera","JuEhPm9"
"gusanería","JuFPhPN"
"gusaniento, ta","JuJ7bAz"
"gusanillo","JuMmnXW"
"gusano","JuNLddh"
"gusanoso, sa","JuSOKZP"
"gusarapa","JuTa7e4"
"gusarapiento, ta","JuTe8bP"
"gusarapo","JuW6Lml"
"gustable","JuX89AW"
"gustación","Jubp5Tc"
"gustadura","Jucfci3"
"gustar","JueNX6F"
"gustativo, va","JugNnIi"
"gutagamba","JunvXLq"
"gutapercha","JuoOhDv"
"gutífero, ra","JupNlCy"
"gutural","Jupro4l"
"guyanés, sa","JurWBq5"
"guyaratí","JurdBbV"
"guzgo, ga","JurqCIx"
"guzla","Jus45B9"
"guzmán","JusZgAQ"
"guzpátaro","Jusqmh1"
"gúmena","Jt6NCwG"
"güecho, cha","JnxF9nY"
"güechos","JnxTT2o"
"güegüecho","Jo7zFuy"
"güeldrés, sa","JoB7Rht"
"güelfo, fa","JoDO36v"
"güeña","JoILf0s"
"güergüero","JoJ1HXe"
"güérmeces","JoJCsSH"
"güero","JoL4KZT"
"güero","JoMva2U"
"güey","JonCyx2"
"güifa","JoyvpEc"
"güija","Jp2YTUb"
"güila","JpK2YYq"
"güimba","JpjZZQK"
"güin","JpqZY1t"
"güincha","JpuBhDR"
"huilo, la","KmRHeZn"
"güecho, cha","JnxF9nY"
"güechos","JnxTT2o"
"güegüecho","Jo7zFuy"
"güeldrés, sa","JoB7Rht"
"güelfo, fa","JoDO36v"
"güeña","JoILf0s"
"güergüero","JoJ1HXe"
"güero","JoL4KZT"
"güero","JoMva2U"
"güey","JonCyx2"
"huehuenche","KkyLcvb"
"huemul","KlDb7X4"
"güérmeces","JoJCsSH"
"güifa","JoyvpEc"
"güija","Jp2YTUb"
"güila","JpK2YYq"
"güimba","JpjZZQK"
"güin","JpqZY1t"
"güincha","JpuBhDR"
"güinche","JpvcNoQ"
"güinchero, ra","JpwUoyg"
"güino","Jqhkt9n"
"güipazo","Jr9NSbe"
"güipe","Jr9pNFb"
"güipipía","JrBQsia"
"güira","JrFjlrE"
"güirero, ra","JrGBjeN"
"güirigüiri","JrH8tDP"
"güirila","JrHHYCm"
"güirís","JrK47y8"
"güirisero, ra","JrLuwD1"
"güiro","Jrcp2cP"
"huilo, la","KmRHeZn"
"güifa","JoyvpEc"
"güija","Jp2YTUb"
"güila","JpK2YYq"
"huillín","KmPDIrV"
"huilo, la","KmRHeZn"
"huilota","KmRRDcW"
"güimba","JpjZZQK"
"güin","JpqZY1t"
"güincha","JpuBhDR"
"güinche","JpvcNoQ"
"güinchero, ra","JpwUoyg"
"güino","Jqhkt9n"
"güipazo","Jr9NSbe"
"güipe","Jr9pNFb"
"güipipía","JrBQsia"
"huipil","KmYoaMd"
"güira","JrFjlrE"
"güirero, ra","JrGBjeN"
"güirigüiri","JrH8tDP"
"güirila","JrHHYCm"
"güirís","JrK47y8"
"güirisero, ra","JrLuwD1"
"güiro","JrWHjpK"
"güiro","JrYnblV"
"güiro","JrbZuvo"
"güiro","Jrcp2cP"
"güirro","JreyO2a"
"huiro","Kmd68ri"
"huiro","KmdlmG6"
"güisquería","JrvS87O"
"güisqui","JrwSGNr"
"huisquil","KmqptKF"
"huisquilar","Kms51Lt"
"güito","JsLQvVF"
"aleche","1gLoBQD"
"ámago","2C1D7NA"
"aravico","3Pkv800"
"armonía","3bXmVta"
"armónicamente","3bgK0uA"
"armónico, ca","3bjLhrJ"
"armonio","3bnCjZZ"
"armoniosamente","3bnZ0VK"
"armonioso, sa","3bpKIK3"
"armonizable","3btHsFP"
"armonización","3buGv0C"
"armonizar","3bxxEAs"
"arpa","3cb7u96"
"arpado","3cbQHSA"
"arpía","3cnkcTt"
"arriero, ra","3kgHaTY"
"erraj","G3hA7C9"
"harpado","K2EROtB"
"harpado","K2FQoYH"
"harriero","K2PC6L8"
"aleche","1gLoBQD"
"aravico","3Pkv800"
"armonía","3bXmVta"
"armónicamente","3bgK0uA"
"armónico, ca","3bjLhrJ"
"armonio","3bnCjZZ"
"armoniosamente","3bnZ0VK"
"armonioso, sa","3bpKIK3"
"armonizable","3btHsFP"
"armonización","3buGv0C"
"armonizar","3bxxEAs"
"arpa","3cb7u96"
"arpado","3cbQHSA"
"arpía","3cnkcTt"
"arriero, ra","3kgHaTY"
"ha","JutKz3R"
"haba","JuuLons"
"harpado","K2EROtB"
"harpado","K2FQoYH"
"harriero","K2PC6L8"
"haba","JuuLons"
"habado, da","Juusqjs"
"habanero, ra","Juy01L1"
"habano, na","Juy0yPR"
"habar","Jv0Twwl"
"habeas corpus","Jv18Fvu"
"habedero, ra","Jv46xPD"
"habemus","Jv48uaX"
"haber","Jv4Frsm"
"haber","Jv5KhSK"
"haberado, da","Jv6Qteq"
"haberío","Jv9ARCq"
"haberoso, sa","JvBWEsV"
"habichuela","JvBitQl"
"habidero, ra","JvCBtdo"
"haca","JwCSu4b"
"hacán","JwDArc7"
"hacanea","JwIJ6Zb"
"hacecillo","JwJ7PUZ"
"hacedero, ra","JwKXBaY"
"hacedor, ra","JwQZWt2"
"hacendado, da","JwSsOUY"
"hacendar","JwTyZ6z"
"hacendario, ria","JwXpJuq"
"hacendería","JwawWDp"
"hacendero, ra","JwcK77M"
"hacendista","JwcaBdV"
"hacendístico, ca","JweeuB1"
"hacendoso, sa","Jwg5L5f"
"hada","Jxm2JZR"
"hadado, da","JxnufjJ"
"hadador, ra","JxojJZU"
"hadar","Jxqzycd"
"hadario, ria","JxrmlLJ"
"hadiz","JxrrLtW"
"hado","JxsZGaS"
"hadrón","JxuQM4g"
"hadruba","JxugiVk"
"hadrubado, da","Jxw5ZJW"
"hafiz","Jy0KxEC"
"hafnio","Jy25PPR"
"hagiografía","JyAK8BL"
"hagiográfico, ca","JyBAKS8"
"hagiógrafo, fa","JyCLkvh"
"hagiónimo","JyEH6cV"
"hagioscopio","JyFfFNO"
"haiga","JyG7V8G"
"haikai","JyHIVff"
"haiku","JyK0w1N"
"haitiano, na","JyOQY66"
"haka","JyOR1tF"
"haketía","JyOShAV"
"aleche","1gLoBQD"
"hala","JyPVwLw"
"halacabuyas","JyRFZsb"
"halacuerdas","JySWa5m"
"halagador, ra","JySd0nS"
"halagar","JyT2gRw"
"halago","JyUEAps"
"halagüeñamente","JyVv1Ay"
"halagüeño, ña","JyW7Qs1"
"halaguero, ra","JyY2Yeh"
"halal","JyaYvYJ"
"halar","JybZwZK"
"halcón","Jyk2Rup"
"halconado, da","JykrS6T"
"halconcito","JymUVTl"
"halconear","Jyp23ge"
"hamaca","Jzt70fm"
"hamacar","JztDXtd"
"hamada","Jzv06Er"
"hamadría","Jzwze2r"
"hamadríada","JzyZ7Fs"
"hamadríade","JzzBjDM"
"hamamelidáceo, a","Jzzmke4"
"hamaquear","K01LEWp"
"hamaquero, ra","K01x15x"
"hambrazón","K02avl7"
"hambre","K02yR30"
"hambreada","K05OrZY"
"hambrear","K07tJRl"
"hambriento, ta","K091VVd"
"hambrina","K0B7BMj"
"hambrío, a","K0EEEyI"
"hanega","K0c0eAC"
"hanegada","K0dHn7i"
"hangar","K0doDwz"
"hannoveriano, na","K0eN1Xx"
"hanseático, ca","K0g2u5u"
"hanzo","K0gVSDa"
"hao","K0hEqfF"
"hapálido","K0hxi6I"
"haplografía","K0itCJe"
"haploide","K0jQOet"
"haploidía","K0l7cVe"
"haplología","K0lCgdO"
"haplotipo","K0mWifA"
"haquitía","K0t7tSh"
"aravico","3Pkv800"
"armonía","3bXmVta"
"armónicamente","3bgK0uA"
"armónico, ca","3bjLhrJ"
"armonio","3bnCjZZ"
"armoniosamente","3bnZ0VK"
"armonioso, sa","3bpKIK3"
"armonizable","3btHsFP"
"armonización","3buGv0C"
"armonizar","3bxxEAs"
"arpa","3cb7u96"
"arpado","3cbQHSA"
"arpía","3cnkcTt"
"arriero, ra","3kgHaTY"
"haraganear","K0vFT6m"
"haragán, na","K0ulaSQ"
"harpado","K2EROtB"
"harpado","K2FQoYH"
"harriero","K2PC6L8"
"aravico","3Pkv800"
"haraganear","K0vFT6m"
"haraganería","K0wcdSR"
"haraganía","K0xgE2p"
"haragán, na","K0ulaSQ"
"haraganoso, sa","K0z5WQU"
"harakiri","K0zqmDo"
"harapiento, ta","K15aGko"
"harapo","K17LyyG"
"haraposo, sa","K17ZZXk"
"haras","K18UTik"
"haraute","K1AJiul"
"harbar","K1E6c8M"
"harbullar","K1FVMoE"
"harbullista","K1GEwsL"
"harca","K1Hkz5o"
"harda","K1Jhw2q"
"harda","K1Ls3D4"
"hardcore","K1MmE3D"
"hardido, da","K1NgX7U"
"hardware","K1Wwkf7"
"harén","K1YEkbn"
"harense","K1Ye9g4"
"harén","K1YEkbn"
"harija","K1a6RAD"
"harina","K1aZFuc"
"harinado","K1bNZ7D"
"harinear","K1ciZqV"
"harinero, ra","K1h2w30"
"harinilla","K1kdDqr"
"harinoso, sa","K1kiKZp"
"harinudo, da","K1mrasq"
"armonía","3bXmVta"
"armónicamente","3bgK0uA"
"armónico, ca","3bjLhrJ"
"armonio","3bnCjZZ"
"armoniosamente","3bnZ0VK"
"armonioso, sa","3bpKIK3"
"armonizable","3btHsFP"
"armonización","3buGv0C"
"armonizar","3bxxEAs"
"harma","K1n9gQN"
"harmatán","K1p59hs"
"harnal","K2AI7KP"
"harneadura","K2APaqS"
"harnear","K2B3Sgk"
"harnerero","K2BFe1b"
"harnero","K2By5LY"
"harneruelo","K2COyqF"
"haronear","K2DSAXL"
"haronía","K2DVOYc"
"harón, na","K2CVdFr"
"harón, na","K2CVdFr"
"arpa","3cb7u96"
"arpado","3cbQHSA"
"arpía","3cnkcTt"
"harpado","K2EROtB"
"harpado","K2FQoYH"
"harqueño, ña","K2H66RI"
"arriero, ra","3kgHaTY"
"harrado","K2IrSUo"
"harre","K2MgBOH"
"harrear","K2OTGSE"
"harria","K2OWVCZ"
"harriería","K2OkEaE"
"harriero","K2PC6L8"
"harropea","K2Qa3h2"
"hartada","K2RcdX5"
"hartadera","K2RwNX3"
"hartamente","K2S90bc"
"hartar","K2UhZAW"
"hartazga","K2WW6v6"
"hartazgo","K2XDxos"
"hartazón","K2ZfWeT"
"hartera","K2aso36"
"hartón, na","K2byxGi"
"harto, ta","K2bf18r"
"hartura","K2dxVtk"
"hasaní","K2gKj6a"
"hashtag","K2hJWM5"
"hasio","K2iHCdZ"
"hasta","K2iXUid"
"hastial","K2iksPn"
"hastiar","K2iwPuC"
"hastío","K2lG6oa"
"hastioso, sa","K2lfsLF"
"hataca","K2oDFUu"
"hatada","K2qbtvd"
"hatajo","K2r1rcp"
"hatear","K2sCCkZ"
"hatería","K31kmQM"
"hatero, ra","K335R0z"
"hatijo","K343pDc"
"hatillo","K34YVPt"
"hato","K36zJt3"
"hatomayorense","K3Bgf9k"
"hausa","K3E7VOc"
"haute","K3HYFeN"
"havar","K3IAzyt"
"havara","K3IJEhm"
"havo","K3KqY8P"
"hawaiano, na","K3Lgh26"
"haya","K3MwXMT"
"haya","K3NJ4oy"
"hayaca","K3QTYl8"
"hayal","K3T2Hca"
"hayedo","K3UMGsD"
"hayeno, na","K3Y999w"
"hayo","K3ZCSTy"
"hayuco","K3c0oEG"
"haz","K3dzdws"
"haz","K3eK3pe"
"haz","K3eNwLc"
"haza","K3fFKiC"
"hazaleja","K3gOyzO"
"hazana","K3jUFfA"
"hazaña","K3jVdsi"
"hazañar","K3mVJDB"
"hazañería","K3nnm7A"
"hazañero, ra","K3rRksC"
"hazañosamente","K3rSd68"
"hazañoso, sa","K3rmApR"
"hazmerreír","K3szhNW"
"ámago","2C1D7NA"
"háber","Jv5dcvY"
"hábil","JvDFknz"
"hábilmente","JvR9ST6"
"hábitat","JvbcNEL"
"hábito","Jvcxrlo"
"hálara","JyjEKAP"
"hálito","JzA8PNf"
"hámster","K0WQyX1"
"hándicap","K0bkjca"
"hápax","K0iLfgK"
"háptica","K0nEjg4"
"háptico, ca","K0o3ki2"
"erraj","G3hA7C9"
"ervato","G4TgBYx"
"he","K3tgQNM"
"he","K3u28aq"
"heavy","K41sF2E"
"heavy metal","K46zUUB"
"hebdómada","K4Alnte"
"hebdomadariamente","K4BWFPa"
"hebdomadario, ria","K4C1FAi"
"hebén","K4Db5BD"
"hebetar","K4EWdn7"
"hebijón","K4Faozg"
"hebilla","K4GVB3M"
"hebillaje","K4GrN1H"
"hebillar","K4HYZNb"
"hebillero, ra","K4JS5TF"
"hebilleta","K4JYLWh"
"hebillón","K4Jchbu"
"hebra","K4NC8dT"
"herbato","KBPpVPL"
"heavy","K41sF2E"
"heavy metal","K46zUUB"
"hebdómada","K4Alnte"
"hebdomadariamente","K4BWFPa"
"hebdomadario, ria","K4C1FAi"
"hebén","K4Db5BD"
"hebetar","K4EWdn7"
"hebijón","K4Faozg"
"hebilla","K4GVB3M"
"hebillaje","K4GrN1H"
"hebillar","K4HYZNb"
"hebillero, ra","K4JS5TF"
"hebilleta","K4JYLWh"
"hebillón","K4Jchbu"
"hebra","K4NC8dT"
"hebraico, ca","K4O50V4"
"hebraísmo","K4Rsk9c"
"hebraísta","K4SqaEI"
"hebraizante","K4T7YAV"
"hecatombe","K4hadmw"
"hecha","K4jD8x1"
"hechiceresco, ca","K4kXOwq"
"hechicería","K4l2vkX"
"hechicero, ra","K4l70b3"
"hechizante","K4nhqws"
"hechizar","K4oSsVw"
"hechizo, za","K4qdKc0"
"hecho, cha","K4rxA9a"
"hechor, ra","K4tM1AM"
"hechura","K4wV83Y"
"heciento, ta","K50Al3z"
"hectárea","K50foEH"
"hectiquez","K5CCbYh"
"hecto-","K5EegJA"
"hedentino, na","K5IzuR1"
"hedentinoso, sa","K5JLkXd"
"heder","K5JMwYy"
"hediento, ta","K5NENxt"
"hediondamente","K5PbGOy"
"hediondez","K5PkccM"
"hediondo, da","K5RPsGR"
"hedónico, ca","K5SAaT6"
"hedonismo","K5SIFfA"
"hedonista","K5SQkl2"
"hedonístico, ca","K5SVV1J"
"hedor","K5SoA91"
"hegelianismo","K5T4xgw"
"hegeliano, na","K5VvoqA"
"hegemonía","K5aAUck"
"hegemónico, ca","K5aMclA"
"helable","K5bogVX"
"helada","K5dY7o2"
"heladería","K5erbh1"
"heladero, ra","K5gdtSU"
"heladizo, za","K5h7y5t"
"helado, da","K5izhwJ"
"helador, ra","K5kaceO"
"heladura","K5kz8oS"
"helaje","K5r6VQA"
"helamiento","K5tZU3M"
"helar","K5znagI"
"helear","K61U4vX"
"helechal","K65IuAS"
"helecho","K67HhOS"
"helena","K67binG"
"helénico, ca","K67pJxp"
"heleno, na","K6Gd1RG"
"hema-","K7OlIoI"
"hemacrimo","K7P5odM"
"hemaglutinación","K7PBZUZ"
"hemaglutinina","K7PBZa6"
"hemangioma","K7QPEEg"
"hematemesis","K7RKc1i"
"hematermo","K7TRAju"
"hemático, ca","K7Uc2Dz"
"hematíe","K7Ygwij"
"hematites","K7YlDLw"
"hemato-","K7Yq789"
"hematocrito","K7a3gxy"
"hematófago, ga","K7cqXn4"
"hematógeno, na","K7eGPt1"
"hematología","K7gGmuL"
"hematológico, ca","K7gYc3U"
"henal","K9LpSSH"
"henar","K9Ls9OV"
"henasco","K9ODjWg"
"henazo","K9P0TKr"
"henchidor, ra","K9RWpCL"
"henchidura","K9UCOjE"
"henchimiento","K9UtdwC"
"henchir","K9VgEpP"
"hendedor, ra","K9WRJPx"
"hendedura","K9YAkOa"
"hender","K9YCePd"
"hendíadis","K9caZCr"
"hendible","K9ckF6u"
"hendido, da","K9cnDiQ"
"hendidura","K9eAqgJ"
"hendiente","K9fZXFp"
"hendija","K9fatVs"
"heñir","KA9y1aN"
"heparina","KABmJXB"
"heparinización","KADLzCs"
"heparinizar","KAFEBiT"
"hepático, ca","KAIl21X"
"hepatitis","KAJhjOG"
"hepatización","KAKwZQS"
"hepato-","KALcz6I"
"hepatocito","KALnJWD"
"hepatología","KAM4ADQ"
"hepatológico, ca","KAMVp2X"
"hepatólogo, ga","KANck7M"
"hepatomegalia","KANzBFP"
"hepatopatía","KAP2AN3"
"hepta-","KAPIXCu"
"heptacordo","KAPRnKM"
"heptaedro","KATviJl"
"heptagonal","KAWe3yJ"
"erraj","G3hA7C9"
"ervato","G4TgBYx"
"her","KAibp75"
"heracleo, a","KAkOhPG"
"heraclida","KAl5jPp"
"heracliteísmo","KAlkLQK"
"heráldico, ca","KApsuCF"
"heraldista","KAqEi3T"
"heraldo","KAqjXJH"
"heraute","KArplbY"
"herbáceo, a","KB07Ne1"
"herbada","KB0wRr6"
"herbajar","KB7N0nZ"
"herbaje","KB9kzDk"
"herbajear","KBErsyh"
"herbajero","KBIi5jd"
"herbal","KBJWTuE"
"herbato","KBPpVPL"
"heracleo, a","KAkOhPG"
"heraclida","KAl5jPp"
"heracliteísmo","KAlkLQK"
"heraldista","KAqEi3T"
"heraldo","KAqjXJH"
"heraute","KArplbY"
"heráldico, ca","KApsuCF"
"ervato","G4TgBYx"
"herbáceo, a","KB07Ne1"
"herbada","KB0wRr6"
"herbajar","KB7N0nZ"
"herbaje","KB9kzDk"
"herbajear","KBErsyh"
"herbajero","KBIi5jd"
"herbal","KBJWTuE"
"herbar","KBKCfzu"
"herbario, ria","KBLxmZh"
"herbato","KBPpVPL"
"herbazal","KBQ8f3A"
"herbecer","KBTB1Tt"
"herbera","KBWGcAM"
"herbero","KBWai1S"
"herbicida","KBXdIsE"
"herbívoro, ra","KBY2Su7"
"herbodietético, ca","KBYosb6"
"ervato","G4TgBYx"
"herbada","KB0wRr6"
"herbajar","KB7N0nZ"
"herbaje","KB9kzDk"
"herbajear","KBErsyh"
"herbajero","KBIi5jd"
"herbal","KBJWTuE"
"herbar","KBKCfzu"
"herbario, ria","KBLxmZh"
"herbato","KBPpVPL"
"herbazal","KBQ8f3A"
"herbáceo, a","KB07Ne1"
"herbecer","KBTB1Tt"
"herbera","KBWGcAM"
"herbero","KBWai1S"
"herbicida","KBXdIsE"
"herbívoro, ra","KBY2Su7"
"herbodietético, ca","KBYosb6"
"herbolar","KBaNVod"
"herbolario, ria","KBgKAtR"
"herbolecer","KBgxXWW"
"herbología","KBhF1AE"
"herborista","KBhocBs"
"herboristería","KBiPidT"
"herborización","KBjmIW1"
"herborizador, ra","KBkfJXH"
"herborizar","KBlOK28"
"herboso, sa","KBmhokp"
"herciano, na","KBqMJym"
"herciniano, na","KBsUx7g"
"hercio","KBsuCVm"
"herculano, na","KBt6jWm"
"hercúleo, a","KByfjRO"
"herculino, na","KC3ecLF"
"heredabilidad","KC4ZVAx"
"heredable","KC6NI64"
"heredad","KCDEcBu"
"heredado, da","KCDe966"
"heredamiento","KCERQko"
"heredanza","KCFlVOk"
"heredar","KCH6Ubv"
"heredero, ra","KCHdnMf"
"herediano, na","KCIdXzV"
"heredípeta","KCJFxW9"
"hereditario, ria","KCJT1Rf"
"hereja","KCLfo2Q"
"hereje","KCLgtf6"
"herejía","KCLiZOn"
"herencia","KCSxJPx"
"heresiarca","KCXW5pL"
"herético, ca","KCYF4NG"
"heria","KCZriKJ"
"herida","KCceJga"
"herido, da","KCcrZUp"
"heridor, ra","KCe4Xin"
"heril","KCiVcdK"
"herimiento","KCinRVe"
"herir","KCqQLb3"
"herma","KCsPnMD"
"hermafrodismo","KCvXs6P"
"hermafrodita","KCw0nUC"
"hermafroditismo","KCw8kPB"
"hermafrodito","KCwyzxF"
"hermanable","KD16JtB"
"hermanablemente","KD2SbXk"
"hermanado, da","KD3w2qq"
"hermanal","KD4Go6w"
"hermanamiento","KD4Omv4"
"hermanar","KD4Tppi"
"hermanastro, tra","KD4l9ps"
"hermanazgo","KD4q0Ii"
"hermandad","KD5ycWe"
"hermandarse","KD66bio"
"hermandino","KD9gvMe"
"hermanear","KDEDSuf"
"hermanecer","KDFEUrd"
"herma","KCsPnMD"
"hermafrodismo","KCvXs6P"
"hermafrodita","KCw0nUC"
"hermafroditismo","KCw8kPB"
"hermafrodito","KCwyzxF"
"hermanable","KD16JtB"
"hermanablemente","KD2SbXk"
"hermanado, da","KD3w2qq"
"hermanal","KD4Go6w"
"hermanamiento","KD4Omv4"
"hermanar","KD4Tppi"
"hermanastro, tra","KD4l9ps"
"hermanazgo","KD4q0Ii"
"hermandad","KD5ycWe"
"hermandarse","KD66bio"
"hermandino","KD9gvMe"
"hermanear","KDEDSuf"
"hermanecer","KDFEUrd"
"hermafrodismo","KCvXs6P"
"hermafrodita","KCw0nUC"
"hermafroditismo","KCw8kPB"
"hermafrodito","KCwyzxF"
"hermanable","KD16JtB"
"hermanablemente","KD2SbXk"
"hermanado, da","KD3w2qq"
"hermanal","KD4Go6w"
"hermanamiento","KD4Omv4"
"hermanar","KD4Tppi"
"hermanastro, tra","KD4l9ps"
"hermanazgo","KD4q0Ii"
"hermandad","KD5ycWe"
"hermandarse","KD66bio"
"hermandino","KD9gvMe"
"hermanear","KDEDSuf"
"hermanecer","KDFEUrd"
"hermanita","KDFPKlY"
"hermano, na","KDGmcy5"
"hermanuco","KDJ7Cv2"
"hermeneuta","KDRwers"
"hermenéutico, ca","KDXnico"
"hermeticidad","KDb1fUQ"
"hermetismo","KDfinai"
"hermetizar","KDhDk0G"
"herméticamente","KDYV76h"
"hermético, ca","KDbHSLX"
"hermodátil","KDkbdgc"
"hermosamente","KDmB8fr"
"hermoseador, ra","KDqCV0k"
"hermoseamiento","KDqsUaK"
"hermosear","KDsu8Xh"
"hermoseo","KDxTfmz"
"hermosillense","KDxZlDQ"
"hermoso, sa","KE1iGlD"
"hermosura","KE1kkuc"
"hernia","KE4xr0R"
"herniado, da","KE5sWJa"
"herniario, ria","KE8ckjn"
"herniarse","KE9dEeG"
"hernioso, sa","KEAbwUY"
"hernista","KEBz5R8"
"herodes","KECkXpv"
"herodiano, na","KEG6rvm"
"héroe, ína","KEGB43L"
"heroicamente","KEHGxWj"
"heroicidad","KENZqTl"
"heroico, ca","KEOjMwr"
"heroida","KEQ9fLk"
"heroína","KEQMYAO"
"heroína","KEQUXFZ"
"heroinómano, na","KERulXf"
"heroísmo","KESL0FI"
"herpes","KEWLXVi"
"herpético, ca","KEX4bBi"
"herpetismo","KEYuerl"
"herpetofauna","KEYwg5W"
"herpetología","KEYyiCA"
"herpetólogo, ga","KEa00vK"
"herpil","KEfxnaq"
"erraj","G3hA7C9"
"herrada","KEgeXgw"
"herradero","KEggGK5"
"herrado","KEjL3BU"
"herrador, ra","KEkX3H7"
"herradura","KEnA2ss"
"herraje","KEpi0kb"
"herraje","KEpitG4"
"herramental","KEptfGb"
"herramienta","KErLk81"
"herrar","KEw6Ttb"
"herre","KEzg7kw"
"herrén","KEzq63Z"
"herrenal","KF0LSk9"
"herreñal","KF1xovi"
"herrenar","KF1uYqC"
"herreño, ña","KF5NnFv"
"herrerano, na","KFFKfvu"
"erraj","G3hA7C9"
"herrada","KEgeXgw"
"herradero","KEggGK5"
"herrado","KEjL3BU"
"herrador, ra","KEkX3H7"
"herradura","KEnA2ss"
"herraje","KEpi0kb"
"herraje","KEpitG4"
"herramental","KEptfGb"
"herramienta","KErLk81"
"herrar","KEw6Ttb"
"herre","KEzg7kw"
"herrenal","KF0LSk9"
"herreñal","KF1xovi"
"herrenar","KF1uYqC"
"herreño, ña","KF5NnFv"
"herrerano, na","KFFKfvu"
"herrería","KFGqZb7"
"herreriano, na","KFLEVdx"
"herrerillo","KFMHM0t"
"herrerón","KFVUWUz"
"herrero, ra","KFRHpa0"
"herreruelo","KFa40WU"
"herreruelo","KFbiM8y"
"herrete","KFbrze4"
"herretear","KFdxhzn"
"herrezuelo","KFeQThc"
"herrén","KEzq63Z"
"herrial","KFk3cY2"
"herriza","KFlNm7A"
"herrín","KFkpZeA"
"herrojo","KFp1bKQ"
"herronada","KFrbJ7d"
"herropea","KFsGLxK"
"herropeado, da","KFsXvDB"
"herrón","KFrXI58"
"herrugento, ta","KFtakR1"
"herrumbrar","KFwDG4p"
"herrumbre","KFwIBXt"
"herrumbroso, sa","KFxjBQP"
"herrusca","KFzdLOE"
"hertz","KG24prF"
"hervencia","KG4CdYh"
"herventar","KG4XcDw"
"herver","KG5PjaS"
"hervidero","KG6YQk5"
"hervido","KG8YP2Q"
"hervidor","KG8wifv"
"hervimiento","KG9kbyj"
"hervir","KG9pKlC"
"hervite","KGCTcoo"
"hervor","KGCyAKA"
"hervorizarse","KGElmH7"
"hervoroso, sa","KGH4bRZ"
"herzegovino, na","KGHCX4V"
"hesitación","KGIRMfR"
"hesitar","KGKt129"
"hespérico, ca","KGLiLhl"
"hespéride","KGPGKK5"
"hesperidio","KGQ6Sxw"
"hespérido, da","KGRTfCY"
"hesperio, ria","KGRlls3"
"hespirse","KGSCexl"
"hetaira","KGUWiMM"
"heteo, a","KGWqyqv"
"hetera","KGZjCw5"
"hetero","KGZy6wi"
"hetero-","KGbVXDq"
"heterocerca","KGbZsZt"
"heterocíclico, ca","KGdXS2l"
"heterociclo","KGesAkA"
"heterocigótico, ca","KGkqybI"
"heteroclamídeo, a","KGloTjo"
"heteroclisis","KGnXPsl"
"heteróclito, ta","KGofbv6"
"heterodino","KGoy9O3"
"heurístico, ca","KHdGTfC"
"hevea","KHeVIiT"
"hexa-","KHiZA5H"
"hexacoralario","KHlASU8"
"hexacordo","KHlWBcQ"
"hexadecimal","KHoe7Av"
"hexaedro","KHp55CH"
"hexagonal","KHpTjR3"
"hexágono, na","KHpd4jP"
"hexagrama","KHpkYMe"
"hexámetro","KHqWGWm"
"hexángulo, la","KHtfMES"
"hexano","KHvmdFt"
"hexápeda","KHw4x1i"
"hexápodo","KI24ZZK"
"hexasílabo, ba","KI6bE2o"
"hexástilo, la","KI8UJJG"
"hey","KI8V0bJ"
"hez","KI9F4zN"
"héctico, ca","K55kaMf"
"hégira","K5aQApU"
"hélice","K6RQJuP"
"hénide","K9rLdWe"
"hércules","KBymluG"
"hérnico, ca","KE9kiH9"
"héroe, ína","KEGB43L"
"hérulo, la","KG4ANG0"
"héspero, ra","KGS64Ak"
"hético, ca","KHWcvVR"
"hi","KIAi6ga"
"hialino, na","KIHJA0M"
"hialografía","KIHl23M"
"hialoideo, a","KIIs77N"
"hialotecnia","KILTv72"
"hialurónico","KIO5FBk"
"hiante","KIPR51i"
"hiato","KIRGSv9"
"hibernación","KISuja4"
"hibernal","KIUbi4v"
"hibernar","KIVDPxB"
"hibernés, sa","KIVSeqk"
"hibérnico, ca","KIWzKrV"
"hibernizo, za","KIZfPVs"
"hibierno","KIZkySD"
"hí","KIFx9eO"
"híbrido, da","KIgo5mN"
"hídrico, ca","KJl4PXx"
"hígado","KNFAtBx"
"híjole","KOJebOQ"
"híper","KQNsKjx"
"hípico, ca","KRzL1Zu"
"híspido, da","KWJJSs2"
"hístico, ca","KWbBSgl"
"hoatzin","KXnB7ES"
"hobacho, cha","KXomWbB"
"hobachonería","KXq3wjg"
"hobachón, na","KXpX9aJ"
"hobby","KXu47LP"
"hobo","KXzZhy6"
"hoce","KXzbVU0"
"hocero, ra","KY0yQ9x"
"hocete","KY1apqY"
"hocicada","KY2HR9a"
"hocicar","KY2ZVLb"
"hocico","KY3njyu"
"hociconear","KY5F3HM"
"hocicón, na","KY3qVEW"
"hocicudo, da","KY5zxjJ"
"hórreo","KgJhikL"
"hórrido, da","KgNvcMS"
"guaca","JbFx8qE"
"guacal","JbHX4ci"
"guachinango, ga","Jbyum8R"
"guacho, cha","Jc0wZHs"
"guaje","JdyojHi"
"guamúchil","JesZ1Bi"
"guanaco, ca","Jf169wN"
"guarache","Jgl10gL"
"guarachudo, da","JgtgRky"
"guarapeta","JhMQZfK"
"guasca","JlgvCKR"
"guaso, sa","Jlk2fOS"
"guateque","JmV3DvA"
"güero","JoMva2U"
"hu","Kiw9fZb"
"huacho","KjIZVfF"
"huacho","KjIcM0B"
"huera","KlEb7cL"
"huero","KlM8IWA"
"huero","KlN65nd"
"guaca","JbFx8qE"
"guacal","JbHX4ci"
"guachinango, ga","Jbyum8R"
"guacho, cha","Jc0wZHs"
"guaje","JdyojHi"
"guamúchil","JesZ1Bi"
"guanaco, ca","Jf169wN"
"guarache","Jgl10gL"
"guarachudo, da","JgtgRky"
"guarapeta","JhMQZfK"
"guasca","JlgvCKR"
"guaso, sa","Jlk2fOS"
"guateque","JmV3DvA"
"huacatay","Kj3GZ1L"
"huachache","Kj3YvZ0"
"huachafería","Kj4LHn7"
"huachafo, fa","Kj7CU0u"
"huacho","KjIZVfF"
"huacho","KjIcM0B"
"guaca","JbFx8qE"
"guacal","JbHX4ci"
"guachinango, ga","Jbyum8R"
"guacho, cha","Jc0wZHs"
"huacatay","Kj3GZ1L"
"huachache","Kj3YvZ0"
"huachafería","Kj4LHn7"
"huachafo, fa","Kj7CU0u"
"huachafoso, sa","Kj9seKH"
"huachalomo","KjECP18"
"huachano, na","KjFduBQ"
"huachar","KjGn4uZ"
"huacho","KjIZVfF"
"huacho","KjIcM0B"
"huaco","KjIrXh9"
"huaico","KjIuHA3"
"huailino, na","KjIuzzO"
"huaino","KjLFbrt"
"huaiño","KjMtzti"
"huairuro","KjNCdG3"
"guaje","JdyojHi"
"huallca","KjQicvY"
"guamúchil","JesZ1Bi"
"huamachuquino, na","KjSBnDi"
"huamalino, na","KjTIPdm"
"huamanguino, na","KjZNAxG"
"guanaco, ca","Jf169wN"
"huancaíno, na","KjgPoM0"
"huancaneño, ña","Kjj4EA5"
"huancavelicano, na","Kjjnv21"
"huancavilca","KjlpyjH"
"huango","KjrSreA"
"huangudo, da","KjrjTGz"
"huantino, na","KjrqIf4"
"huanunense","KjsW33U"
"huanuqueño, ña","Kjx9GBO"
"huao","Kk1skgT"
"huaorani","Kk1zHeF"
"huapango","Kk4xYPm"
"huapanguero, ra","Kk6L11m"
"huaquear","Kk8JvnD"
"huaquero, ra","KkB0d6x"
"guarache","Jgl10gL"
"guarachudo, da","JgtgRky"
"guarapeta","JhMQZfK"
"huaracino, na","KkGp8fk"
"huaralino, na","KkH2efj"
"huarique","KkN08Ty"
"huarochirano, na","KkPpt0O"
"huarpe","KkPqrwi"
"guasca","JlgvCKR"
"guaso, sa","Jlk2fOS"
"huasquino, na","KkXDc3a"
"huasteco, ca","KkbljYv"
"guateque","JmV3DvA"
"huauchinango","KkcvUOA"
"huautli","Kkd3M5r"
"huauzontle","KkfP7ra"
"huazontle","KkfctH0"
"huácala","Kj0jInr"
"hucha","KkhBd2E"
"huchear","KkhP4fZ"
"hucho","KkhwdKj"
"huchohó","KkjNepN"
"hucia","KkjorWq"
"güero","JoMva2U"
"huebra","KkmUKwa"
"huebrero","KkmfVrE"
"hueca","KknKNNW"
"hueco, ca","Kknu99C"
"huecograbado","KkrXtWP"
"huego","KktMHbH"
"huehuenche","KkyLcvb"
"huehueteco, ca","KkyeUoD"
"hueledenoche","KkzdlF0"
"huelepega","Kl0LMwy"
"huelga","Kl3XBMh"
"huelga","Kl4MuMy"
"huelgo","Kl4TL5r"
"huelguista","Kl7G9z2"
"huelguístico, ca","Kl83o0A"
"huella","Kl85y9t"
"huera","KlEb7cL"
"huero","KlM8IWA"
"huero","KlN65nd"
"huebra","KkmUKwa"
"huebrero","KkmfVrE"
"hueca","KknKNNW"
"hueco, ca","Kknu99C"
"huecograbado","KkrXtWP"
"huego","KktMHbH"
"huehuenche","KkyLcvb"
"huehueteco, ca","KkyeUoD"
"hueledenoche","KkzdlF0"
"huelepega","Kl0LMwy"
"huelga","Kl3XBMh"
"huelga","Kl4MuMy"
"huelgo","Kl4TL5r"
"huelguista","Kl7G9z2"
"huelguístico, ca","Kl83o0A"
"huella","Kl85y9t"
"huello","Kl95myw"
"huelveño, ña","KlCGhFq"
"huemul","KlDb7X4"
"huequear","KlECX9H"
"güero","JoMva2U"
"huera","KlEb7cL"
"huerco, ca","KlEf7A4"
"huerfanidad","KlICaNR"
"huerfanito","KlInUth"
"huero","KlM8IWA"
"huero","KlN65nd"
"huerta","KlOHCJQ"
"huertano, na","KlOnKLq"
"huertero, ra","KlQ0aoy"
"huerto","KlR9BYA"
"huesa","KlRKDUt"
"huesero, ra","KlauOod"
"huesillo","Klc2nY9"
"hueso","KlcuW2M"
"huesoso, sa","KlevhEB"
"huesque","KlhhRkn"
"hueste","KliNjy6"
"hueste","KljQvs4"
"huesteadora","Klk1I2P"
"huestear","Klk2Dct"
"huesudo, da","KllsynA"
"huetar","Klm15qd"
"hueteño, ña","KlnoX6w"
"hueva","KlozH7l"
"huevada","KlpCsWJ"
"huevar","Klpy5px"
"huevazos","KlsktxB"
"huevear","KlupUiL"
"huevería","KlvyVRj"
"huevero, ra","KlwkMoP"
"huevo","KlyzyqH"
"huevonada","Km5m3yi"
"huevonear","Km6ELmP"
"huevón, na","KlzpOYH"
"huélfago","Kl2cFyb"
"huélliga","Kl926dG"
"huérfago","KlF2Eri"
"huérfano, na","KlM0Mgt"
"huésped, da","KlgOxXW"
"huévil","KlyEsOU"
"hugonote, ta","Km7UE8E"
"huichó","Km7at27"
"huiclacoche","Km9sQH0"
"huida","Km9vcjy"
"huidero, ra","KmBHQ3c"
"huidizo, za","KmDNSqw"
"huido, da","KmEdpit"
"huidor, ra","KmF9DTa"
"huifa","KmHIKAt"
"huilense","KmHlmzQ"
"huilliche","KmL4VNk"
"huillín","KmPDIrV"
"huilo, la","KmRHeZn"
"huilota","KmRRDcW"
"huilte","KmRWC5S"
"huiltota","KmXDAZC"
"huincha","KmXKFuR"
"hula-hula","KmyzNMS"
"hulano, na","KmzHGWV"
"hular","Kn2KANS"
"hule","Kn4FpiH"
"hulear","Kn5jAPp"
"hulero, ra","Kn7K39s"
"hulla","KnA2mjD"
"hullero, ra","KnDgHmN"
"hulte","KnDx6xM"
"hum","KnEraiH"
"humacaeño, ña","KnG4sS7"
"humacera","KnJJPli"
"humada","KnKwwrb"
"humaina","KnLvv01"
"humanal","KnMBa3v"
"humanamente","KnOWnkc"
"humanar","KnPRZ5a"
"humanidad","KnPZIuF"
"humanismo","KnRInA7"
"humanista","KnRsjHX"
"humanístico, ca","KnT37iI"
"humanitario, ria","KnU9qJW"
"humanitarismo","KnUzHCi"
"humanización","KnX9kjd"
"humanizador, ra","KnaSZnX"
"hunche","KpeoDL8"
"hundible","KpfG50s"
"hundidor","Kpfq2n8"
"hundimiento","KphbMve"
"hundir","KpjmsPh"
"hungarina","Kpk8U0w"
"huno, na","KplbP9G"
"hupe","KpmHx4w"
"hura","Kpn4CM5"
"huracán","KpqXQdC"
"huracanado, da","KpuzjBJ"
"huracanarse","KpzooHz"
"huraco","Kq0rAey"
"hurañamente","Kq17E6q"
"hurañía","Kq1c1sl"
"huraño, ña","Kq1zEhf"
"hurdano, na","Kq48w0K"
"hurera","Kq4cUMi"
"hurgador, ra","Kq5IXZw"
"hurgamandera","Kq6yhJH"
"hurgamiento","Kq8EVH0"
"hurgar","Kq9ZDJk"
"hurgón, na","Kq9dNA7"
"husada","KqtxFP8"
"husera","Kqw1nLO"
"husero","KqwyGFR"
"husillero","Kr0oj1T"
"husillo","Kr1offA"
"husillo","Kr3QHb4"
"husita","Kr49RHR"
"husma","Kr6v93q"
"husmar","Kr8lNJ6"
"husmeador, ra","Kr9jY9Y"
"husmear","Kr9ujpj"
"husmeo","KrAS6Yv"
"husmo","KrCeyaN"
"huso","KrER9O4"
"huta","KrEcsQ1"
"hutía","KrFXL31"
"hutu","KrHcDnP"
"huyuyo","KrII9jw"
"huyuyo","KrNLNOF"
"uy","bDc9Ahi"
"húmedo, da","KoINmJk"
"húmero","KoUFY0v"
"húmico, ca","KoXsza2"
"húmido, da","Koc9spA"
"humil","Koh4oIY"
"humilmente","KpCjyXR"
"húngaro, ra","KpkbSMp"
"húsar","Kqudlav"
"i","KrPRUZQ"
"ibaguereño, ña","KraswYX"
"ibarreño, ña","KrgZ2l3"
"ibérico, ca","KrhydeJ"
"iberio, ria","Kri9h9I"
"iberismo","KriPDvC"
"ibero-","Krj1SiT"
"iberoamericano, na","KrlClNl"
"ibero, ra","KridFl1"
"iberorromance","KrnpUi5"
"iberorrománico, ca","KrnvAVP"
"ibicenco, ca","Krp8qFy"
"ibero, ra","KridFl1"
"íbice","KrocPxU"
"icono","KsRzX3u"
"ídem","Ktf2PQU"
"ídish","KugdqLx"
"ídolo","Kv2nxNm"
"ígneo, a","KvfYxbl"
"íleo","KxsYWGK"
"íleon","KxtDTA2"
"íleon","KxtXhUz"
"ímpeto","L3xxPUp"
"ímpetu","L47htDT"
"ímprobo, ba","L7e48Ja"
"íncipit","LEQsQif"
"ínclito, ta","LFM0hUQ"
"íncola","LFxaLak"
"íncubo","LKW89sK"
"giga","JBCisnU"
"gineta","JCin812"
"girocho, cha","JDWe6Lr"
"girofle","JDXLS6Z"
"j","MFdf9jW"
"ja","MFgNyz8"
"jaba","MFi80nS"
"jabado, da","MFs5w2e"
"jabalcón","MFsNvjr"
"jabalconar","MFszVRv"
"jabalí, lina","MFt8Dmr"
"jabalín","MFtYShK"
"jabalina","MFva1Z4"
"jabalina","MFvp5oy"
"jabalinero, ra","MFyqiZi"
"jabalón","MG0dZgo"
"jabalonar","MG2TEtk"
"jabaluna","MG3e3PU"
"jineta","MTJgpmX"
"jineta","MTMD6DX"
"ja","MFgNyz8"
"jaba","MFi80nS"
"jabado, da","MFs5w2e"
"jabalcón","MFsNvjr"
"jabalconar","MFszVRv"
"jabalí, lina","MFt8Dmr"
"jabalín","MFtYShK"
"jabalina","MFva1Z4"
"jabalina","MFvp5oy"
"jabalinero, ra","MFyqiZi"
"jabalón","MG0dZgo"
"jabalonar","MG2TEtk"
"jabaluna","MG3e3PU"
"jabardear","MG4iBGP"
"jabardillo","MG7gfYE"
"jabardo","MG7oPoo"
"jabato, ta","MG9BR5A"
"jabeba","MG9KC8I"
"jaba","MFi80nS"
"jabado, da","MFs5w2e"
"jabalcón","MFsNvjr"
"jabalconar","MFszVRv"
"jabalí, lina","MFt8Dmr"
"jabalín","MFtYShK"
"jabalina","MFva1Z4"
"jabalina","MFvp5oy"
"jabalinero, ra","MFyqiZi"
"jabalón","MG0dZgo"
"jabalonar","MG2TEtk"
"jabaluna","MG3e3PU"
"jabardear","MG4iBGP"
"jabardillo","MG7gfYE"
"jabardo","MG7oPoo"
"jabato, ta","MG9BR5A"
"jabeba","MG9KC8I"
"jabeca","MG9rEMA"
"jaba","MFi80nS"
"jabado, da","MFs5w2e"
"jabalcón","MFsNvjr"
"jabalconar","MFszVRv"
"jabalí, lina","MFt8Dmr"
"jabalín","MFtYShK"
"jabalina","MFva1Z4"
"jabalina","MFvp5oy"
"jabalinero, ra","MFyqiZi"
"jabalón","MG0dZgo"
"jabalonar","MG2TEtk"
"jabaluna","MG3e3PU"
"jabardear","MG4iBGP"
"jabardillo","MG7gfYE"
"jabardo","MG7oPoo"
"jabato, ta","MG9BR5A"
"jabeba","MG9KC8I"
"jabeca","MG9rEMA"
"jabega","MGCaivY"
"jabegote","MGH5Kyx"
"jabeguero, ra","MGHDg54"
"jabelgar","MGJGC1M"
"jabeque","MGLi1TP"
"jabeque","MGMXNHd"
"jabera","MGNn5aA"
"jabillo","MGVJdpT"
"jabino","MGWcR9I"
"jabirú","MGYTiE4"
"jabí","MGO3CX8"
"jabí","MGTHsMm"
"jable","MGZpfii"
"jable","MGdeGVj"
"jabonada","MGh7OVL"
"jabonado","MGid4IL"
"jabonador, ra","MGjX43c"
"jabonadura","MGk0pIP"
"jabonallo","MGkYNT8"
"jabonar","MGl0uAU"
"jaboncillo","MGlHzyg"
"jabonería","MGmyqSC"
"jabonero, ra","MGoJoIB"
"jaboneta","MGoNYgt"
"jabonete","MGokyfY"
"jabonoso, sa","MGsBQZc"
"jaborandi","MGsHTsH"
"jabón","MGgukzM"
"jabrir","MGtBI7A"
"jabuco","MGtN9Md"
"jabugo","MGvBQ9L"
"jaca","MGx1AgS"
"jacal","MGxBrYt"
"jacalasúchil","MH533bR"
"jacalear","MH6SxJx"
"jacalero, ra","MH7VaCS"
"jacalosúchil","MHBqfUy"
"jacalteca","MHEfHRD"
"jacalteco, ca","MHGdbGb"
"jacana","MHIeE8q"
"jacapa","MHIkeus"
"jacaranda","MHPQltB"
"jacarandá","MHQcZWb"
"jacarandaina","MHR0R9h"
"jacarandana","MHSBZaj"
"jacarandino, na","MHTACAx"
"jacarando, da","MHTWfgf"
"jacarandoso, sa","MHUyANE"
"jada","MI75n2j"
"jade","MI77Qow"
"jadeante","MI8NIHT"
"jadear","MI8TgzA"
"jadeo","MI8mORP"
"jadiar","MI9kuYD"
"jadraque","MIAUihF"
"jaecero, ra","MIB6hpd"
"jaenero, ra","MIFXlbp"
"jaenés, sa","MIFjqCg"
"jaez","MIGAMDc"
"jaezar","MIIOjHE"
"jaén","MIFMQeh"
"jafético, ca","MIIhtOp"
"jagua","MIKw8bl"
"jaguar","MILpOy1"
"jaguareté","MIMDWsV"
"jaguarundi","MIN2uF4"
"jaguarundí","MIPWibw"
"jaguarzo","MIPX3xm"
"jagüel","MIQQuMi"
"jagüey","MIQdnWv"
"jagüilla","MIVCaT9"
"jaharí","MIXME9J"
"jaharrar","MIZbyh6"
"jaharro","MIcW9TU"
"jai","MIeN8DT"
"jaiba","MIfpJSn"
"jaibería","MIiRqPc"
"jaibol","MIiT1Bm"
"jaima","MInEJ9r"
"jaimitada","MIorAbh"
"jaimito","MIqClgl"
"jaimito","MIut79R"
"jainismo","MIvKL4F"
"jainista","MIyg6w1"
"jaique","MIzOSy2"
"jajajear","MJ00d9M"
"jajay","MJ1P2iO"
"jalacate","MJ2vGK6"
"jalada","MJ5Jd5h"
"jaladera","MJ66JBh"
"jalado, da","MJ66Qpd"
"jalador, ra","MJ6MzDU"
"jalapa","MJ9nPrd"
"jalapaneco, ca","MJ9xuUR"
"jalapeño, ña","MJAjeqe"
"jalar","MJBi2bS"
"jalbegar","MJDQs2O"
"jalbegue","MJFDlYA"
"jalda","MJFwikV"
"jaldado, da","MJHOWtU"
"jalde","MJMi40i"
"jaldeta","MJNdWHn"
"jaldo, da","MJOu6qR"
"jama","MJvJP89"
"jamacuco","MJwqyGi"
"Jamaica","MJyFETh"
"jamaica","MJyZh6F"
"jamaicano, na","MJzjqtx"
"jamaiquino, na","MJzxmDK"
"jamaquear","MK1mkSm"
"jamaqueo","MK6PxHg"
"jamaqueón","MK6uwmc"
"jamaquión","MK8QqGc"
"jamar","MK9AFbu"
"jamás","MKBVDM9"
"jamba","MKDmcxC"
"jambaje","MKFzr2u"
"jambarse","MKH6G56"
"jambo","MKJl3Cp"
"jambrar","MKLjU4X"
"jamelgo","MKMChHm"
"jameo","MKMOjiD"
"jama","MJvJP89"
"jamacuco","MJwqyGi"
"Jamaica","MJyFETh"
"jamaica","MJyZh6F"
"jamaicano, na","MJzjqtx"
"jamaiquino, na","MJzxmDK"
"jamaquear","MK1mkSm"
"jamaqueo","MK6PxHg"
"jamaqueón","MK6uwmc"
"jamaquión","MK8QqGc"
"jamar","MK9AFbu"
"jamás","MKBVDM9"
"jamba","MKDmcxC"
"jambaje","MKFzr2u"
"jambarse","MKH6G56"
"jambo","MKJl3Cp"
"jambrar","MKLjU4X"
"jamelgo","MKMChHm"
"jameo","MKMOjiD"
"jamerdana","MKMvF6D"
"jamerdar","MKP23ca"
"jamete","MKRlDN7"
"jamona","MKh3067"
"jamonada","MKhYeSD"
"jamoncillo","MKjgSke"
"jamonero, ra","MKn1jhF"
"jamón","MKcPlIi"
"jamuga","MKnww5f"
"jamurar","MKpQrq6"
"jamuscar","MKr9iuz"
"jamúas","MKnVZSJ"
"jan","MKrMdrk"
"janano, na","MKruyKb"
"jane","MKsgsku"
"jangada","MKyKt90"
"jangua","ML0F3Yi"
"janiche","ML0m8Le"
"janicho, cha","ML1Mnkq"
"jansenismo","ML3PRhL"
"jansenista","ML6IDmw"
"januche","ML7eY4w"
"jaño, ña","ML8ZoBd"
"Japón","MLCUyS2"
"japón","MLD4q0f"
"japonense","MLEAkKc"
"japonés, sa","MLF1eHq"
"japónica","MLH2DpA"
"japuta","MLHCraB"
"jaque","MLI7Mk0"
"jaque","MLJvaOJ"
"jaquear","MLK99ua"
"jaquear","MLKSNaf"
"jaqueca","MLKncLl"
"jaquecoso, sa","MLLHrsK"
"jaquel","MLMY1L9"
"jaquelado, da","MLNhpSW"
"jaqueo","MLPaRL5"
"jaqueo","MLPad38"
"jaquero","MLRZ3Ed"
"jaqués, sa","MLS0NOV"
"jaqueta","MLVup6v"
"jaquetía","MLWe3Tf"
"jaquetilla","MLXUHsV"
"jaquetón","MLYGTmp"
"jaquetón","MLe9kHY"
"jaquetonería","MLeS2It"
"jaquimazo","MLesKxs"
"jaquimero","MLg73hV"
"jaque","MLI7Mk0"
"jaque","MLJvaOJ"
"jaquear","MLK99ua"
"jaquear","MLKSNaf"
"jaqueca","MLKncLl"
"jaquecoso, sa","MLLHrsK"
"jaquel","MLMY1L9"
"jaquelado, da","MLNhpSW"
"jaqueo","MLPaRL5"
"jaqueo","MLPad38"
"jaquero","MLRZ3Ed"
"jaqués, sa","MLS0NOV"
"jaqueta","MLVup6v"
"jaquetía","MLWe3Tf"
"jaquetilla","MLXUHsV"
"jaquetón","MLYGTmp"
"jaquetón","MLe9kHY"
"jaquetonería","MLeS2It"
"jaquimazo","MLesKxs"
"jaquimero","MLg73hV"
"jaque","MLI7Mk0"
"jaque","MLJvaOJ"
"jaquear","MLK99ua"
"jaquear","MLKSNaf"
"jaqueca","MLKncLl"
"jaquecoso, sa","MLLHrsK"
"jaquel","MLMY1L9"
"jaquelado, da","MLNhpSW"
"jaqueo","MLPaRL5"
"jaqueo","MLPad38"
"jaquero","MLRZ3Ed"
"jaqués, sa","MLS0NOV"
"jaqueta","MLVup6v"
"jaquetía","MLWe3Tf"
"jaquetilla","MLXUHsV"
"jaquetón","MLYGTmp"
"jaquetón","MLe9kHY"
"jaquetonería","MLeS2It"
"jaquear","MLK99ua"
"jaquear","MLKSNaf"
"jaqueca","MLKncLl"
"jaquecoso, sa","MLLHrsK"
"jaquel","MLMY1L9"
"jaquelado, da","MLNhpSW"
"jaqueo","MLPaRL5"
"jaqueo","MLPad38"
"jaquero","MLRZ3Ed"
"jaqués, sa","MLS0NOV"
"jaqueta","MLVup6v"
"jaquetía","MLWe3Tf"
"jaquetilla","MLXUHsV"
"jaquetón","MLYGTmp"
"jaquetón","MLe9kHY"
"jaquetonería","MLeS2It"
"jaqués, sa","MLS0NOV"
"jaquimazo","MLesKxs"
"jaquimero","MLg73hV"
"jaquinicuil","MLgQVWb"
"jaquir","MLhEqaa"
"jara","MLlxGfi"
"jarabe","MLmGFKR"
"jarabear","MLnO31y"
"jaracalla","MLovofF"
"jaraíz","MLuSGZx"
"jaral","MLvYtD5"
"jaramago","MLxYYe9"
"jarameño, ña","MLy3946"
"jaramugo","MLyNkz1"
"jarana","MLzBcnH"
"jarandina","MLzYGw5"
"jaranear","MLzkevn"
"jaranero, ra","MM2Uw6a"
"jaranista","MM3wdJ7"
"jarano","MM4IAB8"
"jarapa","MM5ZQMH"
"jarazo","MM6M1v0"
"jarbar","MM7vYwN"
"jaro","MN2wFs3"
"jara","MLlxGfi"
"jarabe","MLmGFKR"
"jarabear","MLnO31y"
"jaracalla","MLovofF"
"jaraíz","MLuSGZx"
"jaral","MLvYtD5"
"jaramago","MLxYYe9"
"jarameño, ña","MLy3946"
"jaramugo","MLyNkz1"
"jarana","MLzBcnH"
"jarandina","MLzYGw5"
"jaranear","MLzkevn"
"jaranero, ra","MM2Uw6a"
"jaranista","MM3wdJ7"
"jarano","MM4IAB8"
"jarapa","MM5ZQMH"
"jarazo","MM6M1v0"
"jaro","MN2wFs3"
"jarabe","MLmGFKR"
"jarabear","MLnO31y"
"jaracalla","MLovofF"
"jaraíz","MLuSGZx"
"jaral","MLvYtD5"
"jaramago","MLxYYe9"
"jarameño, ña","MLy3946"
"jaramugo","MLyNkz1"
"jarana","MLzBcnH"
"jarandina","MLzYGw5"
"jaranear","MLzkevn"
"jaranero, ra","MM2Uw6a"
"jaranista","MM3wdJ7"
"jarano","MM4IAB8"
"jarapa","MM5ZQMH"
"jarazo","MM6M1v0"
"jarbar","MM7vYwN"
"jarca","MMBSx3S"
"jarcería","MMBtj0P"
"jarcha","MMF6Er0"
"jarcia","MMFQCCF"
"jarciar","MMLHmZJ"
"jarciería","MMMzgQc"
"jarciero, ra","MMQLMrN"
"jarda","MMQZ4B1"
"jardazo","MMRcgCW"
"jardín","MMXffef"
"jardinear","MMbaSjl"
"jardinería","MMf37G9"
"jardinero, ra","MMgyK7y"
"jareta","MMj0EQ3"
"jaretazo","MMjrJbA"
"jaretera","MMnSL3B"
"jaretón","MMq8nVU"
"jargonza","MMrozC7"
"jaricar","MMtBD8z"
"jarife","MMtnSFy"
"jarifiano, na","MMujuAk"
"jarifo, fa","MMvCCOS"
"jarillo","MMw8KhZ"
"jaripeada","MMxHWaF"
"jaripear","MMxYYPr"
"jaripeo","MMyi8AF"
"jarique","MMzUMTv"
"jaro","MN1ffMb"
"jaro","MN209V6"
"jaro","MN2wFs3"
"jarocho, cha","MN4xFdU"
"jaropar","MN5x9jz"
"jarope","MN757rN"
"jaropear","MN7zHnz"
"jaropeo","MNA2AiJ"
"jarosita","MNCLlwk"
"jaroso, sa","MNCN3GN"
"jarquía","MND1b2k"
"jarra","MNHJrv3"
"jarrar","MNJek0d"
"jarrazo","MNNz3gG"
"jarrear","MNS3Y2j"
"jarrear","MNUQpAt"
"jarreo","MNVMR9e"
"jarrer, ra","MNXI41V"
"jarrero, ra","MNXYMtT"
"jarretar","MNYOfHL"
"jarrete","MNaI0Mj"
"jarretera","MNaTXuB"
"jarrita","MNdDVpy"
"jarro","MNfGAg0"
"jarrón","MNgKw6t"
"jarropa","MNgXAZo"
"jarusca","MNkEyZn"
"jasa","MNl6xso"
"jasador","MNnB9rp"
"jasadura","MNqBBcV"
"jasar","MNtVgbX"
"jaspe","MNvu6rf"
"jaspeado, da","MNwh8YE"
"jaspear","MNx72cc"
"jaspón","MNxnERs"
"jate","MNy9NvR"
"jateo","MNzfuXu"
"jatib","MNzwtiP"
"jativés, sa","MO2dZnO"
"jato, ta","MO3mCst"
"jau","MO4OXUB"
"jaudo, da","MOACVTM"
"jauja","MOC0Ps8"
"jaujino, na","MODGxlm"
"jaula","MOGfi1q"
"jaulero, ra","MOHrTWf"
"jaulilla","MOIk9Bv"
"jauría","MOJuQrE"
"jauto, ta","MOL66tw"
"jaúl","MOFQkcW"
"jabera","MGNn5aA"
"javanés, sa","MOLm3tj"
"javiereño, ña","MOMwgOU"
"javo, va","MOTgow8"
"jayán, na","MOacC0B"
"jayanada","MOfQAEG"
"jayanear","MOg1uNI"
"jazarán","MOh39F8"
"jazarino, na","MOhQEMz"
"jazmín","MOiRGzK"
"jazmíneo, a","MOmf0O2"
"jazminero","MOnSVAx"
"jazz","MOox3ni"
"jazzista","MOoyJtA"
"jazzístico, ca","MOr5BzN"
"jábeca","MGAroNu"
"jábega","MGFBRhb"
"jábega","MGGKdEF"
"jácara","MHNhe64"
"jácaro, ra","MHVnpdj"
"jácena","MHYFAqd"
"jáculo","MI5zopY"
"jámbico, ca","MKHNune"
"jámila","MKZ7kVX"
"jándalo, la","MKrxAGk"
"jáquer","MLQDL5N"
"jáquima","MLeXCqL"
"járjara","MN0rNTb"
"je","MOrJQFr"
"jea","MOrkOvc"
"jean","MOsbKg4"
"jebe","MOvKEIv"
"jebuseo, a","MOvdJM6"
"jeda","MOxnqeR"
"jedar","MOy2HOj"
"jediondo, da","MOz81Uy"
"jedive","MP1Zdrt"
"jedrea","MP3OyLU"
"jeep","MP3y1ed"
"jefatura","MP8jBOI"
"jefazo, za","MP9Jthu"
"jefe, fa","MPAoQ4z"
"Jehová","MPApJ5h"
"jeito","MPBYBHV"
"giga","JBCisnU"
"gineta","JCin812"
"girocho, cha","JDWe6Lr"
"girofle","JDXLS6Z"
"ji","MRrOIWv"
"ji","MRrqBYv"
"jibarización","MRrrVem"
"jibarizar","MRrrZa4"
"jibe","MRtHPXi"
"jibia","MRuorPR"
"jibión","MS14KQO"
"jicaque","MS4gpuk"
"jicaral","MS987s7"
"jicarazo","MSDmJxR"
"jicarería","MSEZB7a"
"jicarero, ra","MSHZ8Bp"
"jicarudo, da","MSHq0hX"
"jico","MSI3y12"
"jineta","MTJgpmX"
"jineta","MTMD6DX"
"jibarización","MRrrVem"
"jibarizar","MRrrZa4"
"jibe","MRtHPXi"
"jibia","MRuorPR"
"jibión","MS14KQO"
"jicaque","MS4gpuk"
"jicaral","MS987s7"
"jicarazo","MSDmJxR"
"jicarería","MSEZB7a"
"jicarero, ra","MSHZ8Bp"
"jicarudo, da","MSHq0hX"
"jico","MSI3y12"
"jicota","MSMDFIB"
"jicote","MSMdTKC"
"jicotea","MSMqrIW"
"jicotear","MSMuL97"
"jicotera","MSNQeT5"
"jiennense","MSSPSfW"
"jifa","MSXLqop"
"jiferada","MSXZOut"
"jifería","MSYix78"
"jifero, ra","MSZWlyv"
"jifia","MSZersO"
"giga","JBCisnU"
"jigüe","MSbMziC"
"jiguilete","MSfwfob"
"jiguillo","MSgpS9E"
"jijallar","MShOW21"
"jijallo","MSiUYEo"
"jijas","MSjSHzi"
"jijear","MSjTpdk"
"jijeo","MSjVD2w"
"jijona","MSjXFTH"
"jijonenco, ca","MSq3Yyt"
"jileco","MSqxeVz"
"jilguero, ra","MSsXwYx"
"jilmaestre","MStO2K1"
"jilote","MStY4Ze"
"jilotear","MSuzAr6"
"jimagua","MT1dZcz"
"jimar","MT4hChV"
"jimelga","MT4mRVw"
"jimén","MT5sPz7"
"Jiménez","MTAGuf3"
"jimerito","MTB4Ovs"
"jimio, mia","MTE6K5x"
"jimplar","MTEImJj"
"gineta","JCin812"
"jincho, cha","MTF3H8i"
"jinda","MTFCGCt"
"jindama","MTFGlKp"
"jiné","MTFpyCv"
"jinebro","MTFxeSh"
"jinestada","MTIZAbs"
"jineta","MTJgpmX"
"jineta","MTMD6DX"
"jinetada","MTNutIZ"
"jinete","MTQrdbc"
"jineteada","MTQwueN"
"jinetear","MTR8eQj"
"jinetero, ra","MTRulmj"
"jinglar","MTV4EFO"
"jingoísmo","MTYnA7V"
"jingoísta","MTbHO7J"
"jinicuil","MTdLBBh"
"jinicuite","MTlVO3c"
"jinjolero","MTlzUax"
"jincho, cha","MTF3H8i"
"jinda","MTFCGCt"
"jindama","MTFGlKp"
"gineta","JCin812"
"jinebro","MTFxeSh"
"jinestada","MTIZAbs"
"jineta","MTJgpmX"
"jineta","MTMD6DX"
"jinetada","MTNutIZ"
"jinete","MTQrdbc"
"jineteada","MTQwueN"
"jinetear","MTR8eQj"
"jinetero, ra","MTRulmj"
"jiné","MTFpyCv"
"jinglar","MTV4EFO"
"jingoísmo","MTYnA7V"
"jingoísta","MTbHO7J"
"jinicuil","MTdLBBh"
"jinicuite","MTlVO3c"
"jinjolero","MTlzUax"
"jinojo","MTncT8o"
"jinotegano, na","MToFdZ5"
"jiña","MToV57S"
"jiñar","MTopvNg"
"jiñocuabo","MTp0t5j"
"jiote","MTpawUK"
"jiotoso, sa","MTscMrv"
"jiotudo, da","MTsfyJJ"
"jipa","MTu1MA4"
"jipato, ta","MTw41mv"
"jipi","MTyTG7o"
"jipi","MTzikdJ"
"jipiar","MTzoGYi"
"jipido","MU0AHK7"
"jipijapa","MU2rgWg"
"jipijapense","MU4boQ6"
"jipío","MU6QxKO"
"jipismo","MU9NKlG"
"jiquilete","MUAeKvx"
"jiquilite","MUB0l0Y"
"jiquinicuil","MUBQOgo"
"girocho, cha","JDWe6Lr"
"girofle","JDXLS6Z"
"jira","MUF3tDB"
"jira","MUFLYAm"
"jirafa","MUGFnzQ"
"jirahara","MUGQ8yE"
"jirapliega","MUKiDIY"
"jirasal","MUKoWDf"
"jirel","MUL3ohT"
"jirofina","MUQ4wga"
"jirón","MURZdq2"
"jironado, da","MUSODuU"
"jirpear","MUTJvMZ"
"jisca","MUZ1zXZ"
"jismero, ra","MUZNe0s"
"jitanjáfora","MUZjPaR"
"jitar","MUccdGZ"
"jitomatal","MUdX5Tt"
"jitomate","MUj0ARb"
"jitomatero, ra","MUlphX2"
"jiu-jitsu","MUpcyd9"
"jíbaro, ra","MRsCjrc"
"jícama","MS2ScC5"
"jícara","MS6VDkZ"
"jícaro","MSHiHHb"
"jínjol","MTlxXzd"
"jíride","MUO9Pb9"
"jo","MUqKUQQ"
"jo","MUqOdQ6"
"Job","MUvFZE2"
"jobada","MUvWJmO"
"jobar","MUxHL3y"
"jobero","MUzAoFB"
"jobillo","MV30QpA"
"jobo","MV5CHqW"
"jochar","MV8PLST"
"jocó","MV9bv28"
"jocón","MVB8ILX"
"jocoque","MVBTlBH"
"jocosamente","MVC0CKI"
"jocoserio, ria","MVCJjEb"
"jocosidad","MVHTVPb"
"jocoso, sa","MVK1d1y"
"jocotal","MVMcqnm"
"jocote","MVNKHTk"
"jocotear","MVNSnts"
"Job","MUvFZE2"
"jobada","MUvWJmO"
"jobar","MUxHL3y"
"jobero","MUzAoFB"
"jobillo","MV30QpA"
"jobo","MV5CHqW"
"jochar","MV8PLST"
"jocó","MV9bv28"
"jocón","MVB8ILX"
"jocoque","MVBTlBH"
"jocosamente","MVC0CKI"
"jocoserio, ria","MVCJjEb"
"jocosidad","MVHTVPb"
"jocoso, sa","MVK1d1y"
"jocotal","MVMcqnm"
"jocote","MVNKHTk"
"jocotear","MVNSnts"
"jocundia","MVQxfgD"
"jocundidad","MVTKIMm"
"jocundo, da","MVY6rWg"
"joda","MVZZHLJ"
"jodarria","MVZtwOM"
"jodedera","MVZzbEi"
"jodedor, ra","MViNOdk"
"joder","MVjNCIs"
"jodienda","MVjcYhl"
"jodión, na","MVmAOIV"
"jodón, na","MVnfA6p"
"jofaina","MVoXRh5"
"jofor","MVtxezw"
"jogging","MVuWBfV"
"joglar","MVulasr"
"joguer","MVvMyRg"
"jojoba","MVxiYIm"
"jojoto, ta","MVyVBjt"
"jolgorio","MVzJL0C"
"jolín","MVzRpRb"
"jolín","MW6Wl04"
"jolines","MW6s3bb"
"jolino, na","MW7lcw1"
"jolito","MW9YAIf"
"jollín","MWFx65o"
"joloano, na","MWG5yK5"
"jolongo","MWMgpzB"
"jolote","MWNtd8F"
"jondo","MWQErvu"
"jonio, nia","MWYBqpd"
"jonjabar","MWYM3Aq"
"jonjolí","MWaOO8G"
"jonrón","MWb1qHV"
"jonronear","MWbvZyc"
"jonronero, ra","MWdlK0n"
"jonuco","MWhkhRl"
"joparse","MWiVaBe"
"jopé","MWkSFZo"
"jopear","MWlv5im"
"jopeo","MWmiyI4"
"jopo","MWsuJul"
"jora","MWtBEOA"
"jorco","MWu2Ko9"
"jordán","MWu3Fmm"
"jordano, na","MWvjjW9"
"jorfe","MWxtGA8"
"jorga","MX2l9jv"
"jorge","MX46gFJ"
"jorguín, na","MX5r58d"
"jorguinería","MX9UqKt"
"jornada","MXAFdY7"
"jornal","MXAvjME"
"jornalar","MXBTqug"
"jornalear","MXC1VTy"
"jornalero, ra","MXELCo8"
"joroba","MXFryB0"
"joroba","MXGJTWI"
"jorobado, da","MXHvM6k"
"josa","MXU2vaR"
"José","MXXTjIR"
"joseador","MXYvRLm"
"josear","MXZevI8"
"josefinismo","MXaBxj5"
"josefino","MXekSv3"
"josefino","MXfp2kP"
"josefismo","MXhoKar"
"jostra","MXkKmC7"
"jostrado, da","MXlOz7M"
"jota","MXlpsMD"
"jota","MXlwcYn"
"jota","MXlyOQB"
"jote","MXo8U7l"
"jotero, ra","MXqjlpw"
"joto","MXrydSr"
"joule","MXtIc8z"
"joven","MXuvwX1"
"jovenado","MXv8SuF"
"jovenete","MXzYyua"
"jovial","MY2LCCi"
"jovialidad","MY4fGnG"
"jovialmente","MY7oGVY"
"joviano, na","MY8YrEF"
"joya","MY9T5TH"
"joyante","MYBC0qv"
"joyel","MYDPNDP"
"joyelero","MYHi7Nx"
"joyería","MYJRTtA"
"joyero, ra","MYLKUuj"
"joyo","MYNDwsH"
"joyón","MYQCKUE"
"joyosa","MYQM6tf"
"jónico, ca","MWWV5Jn"
"ju","MYSPOcO"
"juácata","MYU2vOW"
"juagarzo","MYWdUsz"
"juan","MYZXqRp"
"juana","MYaBhIC"
"juanacastle","MYdVnVQ"
"juandediano, na","MYdjH5X"
"Juanelo","MYe6Sdo"
"juanete","MYhpyTu"
"juanetero","MYj0bMZ"
"juanetudo, da","MYk3Mnv"
"juanilama","MYk8fQk"
"juanillo","MYl8JKR"
"juanramoniano, na","MYntjOE"
"juarda","MYpveKy"
"juardoso, sa","MYrXIxu"
"júbilo","MZHoJe3"
"júcaro","MZQgb1G"
"júnceo, a","McdiOeV"
"júnior","MctOLoF"
"júpiter","MdUQliH"
"júpiter","MdVLWom"
"caqui","7NDXPkq"
"caqui","7NE6duG"
"catana","7uTdupk"
"criptonita","BHq5eBN"
"k","MfbR1Ud"
"ka","MffAGN2"
"kabuki","MfhBYxW"
"kafkiano, na","MfjqXtn"
"káiser","MfkPOJf"
"kalmuko, ka","Mfp6oZu"
"kamikaze","MfqRZnn"
"kan","MftoFKE"
"kanindeyuense","Mfw46ob"
"kanjobal","Mfwt5lP"
"kantiano, na","MfxwxOn"
"kantismo","Mfz3NHC"
"kappa","Mfzhpxy"
"karaoke","Mg246fF"
"caqui","7NDXPkq"
"caqui","7NE6duG"
"catana","7uTdupk"
"ka","MffAGN2"
"kabuki","MfhBYxW"
"kafkiano, na","MfjqXtn"
"kalmuko, ka","Mfp6oZu"
"kamikaze","MfqRZnn"
"kan","MftoFKE"
"kanindeyuense","Mfw46ob"
"kanjobal","Mfwt5lP"
"kantiano, na","MfxwxOn"
"kantismo","Mfz3NHC"
"kappa","Mfzhpxy"
"karaoke","Mg246fF"
"kárate","Mg51itT"
"karateca","Mg7ESDy"
"karma","Mg8bpDm"
"kabuki","MfhBYxW"
"kafkiano, na","MfjqXtn"
"caqui","7NDXPkq"
"caqui","7NE6duG"
"kalmuko, ka","Mfp6oZu"
"kamikaze","MfqRZnn"
"kan","MftoFKE"
"kanindeyuense","Mfw46ob"
"kanjobal","Mfwt5lP"
"kantiano, na","MfxwxOn"
"kantismo","Mfz3NHC"
"kappa","Mfzhpxy"
"karaoke","Mg246fF"
"kárate","Mg51itT"
"karateca","Mg7ESDy"
"karma","Mg8bpDm"
"karst","Mg91Hf8"
"kart","MgBJhyw"
"kartismo","MgI2g3R"
"kastila","MgIFttI"
"catana","7uTdupk"
"katipunan","MgJ84zO"
"katiuska","MgKgk9S"
"kavakava","MgLlkV0"
"kayak","MgNS8HK"
"kazajo, ja","MgOR5Rr"
"kazako, ka","MgQw6w7"
"káiser","MfkPOJf"
"kárate","Mg51itT"
"kárstico, ca","MgADECQ"
"kebab","MgSbeEm"
"kelvin","MgWiBe4"
"kendo","MgYfCuk"
"keniano, na","MgbLqeW"
"keniata","MgcdMpc"
"kerigma","MgeWanw"
"kermés","MgfHMMG"
"kevlar","MgqBDDd"
"keynesianismo","MgqFZJn"
"keynesiano, na","MgqFcr2"
"quepí","UnRXHTl"
"quepis","UnTHZaJ"
"quermes","Uo5B7tr"
"querosén","UoBTaU4"
"querosene","UoDi91W"
"queroseno","UoELYz4"
"querosín","UoGhVVR"
"kéfir","MgVgI16"
"kétchup","MgoGhJs"
"kibutz","MgrJpPx"
"kif","MgrJsoa"
"kiki","MgsLUzV"
"kiki","MgsMF8Q"
"kiko","MgtO7FK"
"kikuyo","MgwzTA0"
"kili-","Mgy8x6s"
"kiliárea","Mh12IAY"
"kílim","Mh19FWg"
"kilo","Mh281FW"
"kilo-","Mh2vGHY"
"kilobyte","Mh3BPfz"
"kilocaloría","Mh3Jhj9"
"kilociclo","Mh6Xs6W"
"kilográmetro","Mh7O3MZ"
"kilogramo","Mh8UoZU"
"kilohercio","Mh96CbL"
"kilolitro","Mh9W7hj"
"kilometraje","MhAMzy8"
"kilometrar","MhB1lXN"
"kibutz","MgrJpPx"
"kif","MgrJsoa"
"kiki","MgsLUzV"
"kiki","MgsMF8Q"
"kiko","MgtO7FK"
"kikuyo","MgwzTA0"
"kili-","Mgy8x6s"
"kiliárea","Mh12IAY"
"kílim","Mh19FWg"
"kilo","Mh281FW"
"kilo-","Mh2vGHY"
"kilobyte","Mh3BPfz"
"kilocaloría","Mh3Jhj9"
"kilociclo","Mh6Xs6W"
"kilográmetro","Mh7O3MZ"
"kilogramo","Mh8UoZU"
"kilohercio","Mh96CbL"
"kilolitro","Mh9W7hj"
"kilometraje","MhAMzy8"
"kilometrar","MhB1lXN"
"kilométrico, ca","MhCLWOP"
"kilómetro","MhG3UJg"
"kilopondio","MhGuuMm"
"kilotón","MhKUewc"
"kilovatio","MhLxpmB"
"kili-","Mgy8x6s"
"kiliárea","Mh12IAY"
"kílim","Mh19FWg"
"kilo","Mh281FW"
"kilo-","Mh2vGHY"
"kilobyte","Mh3BPfz"
"kilocaloría","Mh3Jhj9"
"kilociclo","Mh6Xs6W"
"kilográmetro","Mh7O3MZ"
"kilogramo","Mh8UoZU"
"kilohercio","Mh96CbL"
"kilolitro","Mh9W7hj"
"kilometraje","MhAMzy8"
"kilometrar","MhB1lXN"
"kilométrico, ca","MhCLWOP"
"kilopondio","MhGuuMm"
"kilotón","MhKUewc"
"kilovatio","MhLxpmB"
"kilovoltio","MhMpqiV"
"kilómetro","MhG3UJg"
"kimono","MhNHQSa"
"kindergarten","MhPZ9cS"
"kinesia","MhRd7Y7"
"kinésico, ca","MhRt0Eb"
"kinesiología","MhTlAjb"
"kinesiológico, ca","MhUX3NP"
"kinesiólogo, ga","MhV01gW"
"kinesioterapia","MhV6JHw"
"kinesioterápico, ca","MhV9AN9"
"kinesiterapia","MhYaVu0"
"kinesiterápico, ca","MhZZTFe"
"kion","MhaY8it"
"quiosco","Uvf4PlP"
"quiosquero, ra","UvfdZJJ"
"kipá","Mhl796x"
"kirguís","MhnPkfr"
"kirguiso, sa","MhpFjNh"
"kirguiz","MhpdBad"
"kirguizio, zia","Mhrv8Bj"
"kirguizo, za","MhvS7Hh"
"kiribatiano, na","Mhx7BLo"
"kirie","MhyKMBZ"
"kirieleisón","MhzDdFN"
"kirsch","MhzZFyA"
"kit","MhziDJ1"
"kitsch","Mi02rbg"
"kivi","Mi0o78N"
"kiwi","Mi2lmjb"
"kílim","Mh19FWg"
"kínder","MhOkNMB"
"klistrón","Mi4XJJc"
"koala","Mi7Xn1U"
"Koch","Mi88esE"
"kodzito","Mi8B3O6"
"kohl","Mi8YV5B"
"kohol","Mi8dVdp"
"koiné","Mi9J3sc"
"kopek","MiA2gMl"
"kosher","MiCe0rW"
"kosovar","MiDf1sX"
"criptonita","BHq5eBN"
"krausismo","MiDoKuX"
"krausista","MiF3gr0"
"kremlin","MiF8HFe"
"kremlinología","MiFBZMk"
"kremlinólogo, ga","MiFGqbW"
"kril","MiGjAFl"
"kriptón","MiHbMGf"
"kris","MiIHjgF"
"kufiya","MiM17na"
"kung-fu","MiMhUzc"
"kurdo, da","MiTc8gO"
"kuwaití","MiTp5Jo"
"el, la","ESraxkH"
"l","MiVoCPg"
"la","MiXNIfB"
"la","MiXQLcB"
"la","MiZ5vEt"
"lábaro","MiZotnG"
"labe","MicVdrx"
"labeo","Mif7s9k"
"laberíntico, ca","MihVVnr"
"laberinto","MihipGi"
"labia","MihoTSj"
"labiado, da","MijRazc"
"labial","MijazNl"
"labialización","MimONQH"
"labializar","MindIc3"
"labiérnago","MipxDpl"
"labihendido, da","Mis3ZWI"
"lábil","Mitussw"
"labilidad","MiuGhHz"
"lo","NWnohQu"
"el, la","ESraxkH"
"la","MiXNIfB"
"la","MiXQLcB"
"la","MiZ5vEt"
"labe","MicVdrx"
"labeo","Mif7s9k"
"laberíntico, ca","MihVVnr"
"laberinto","MihipGi"
"labia","MihoTSj"
"labiado, da","MijRazc"
"labial","MijazNl"
"labialización","MimONQH"
"labializar","MindIc3"
"labiérnago","MipxDpl"
"labihendido, da","Mis3ZWI"
"labilidad","MiuGhHz"
"labio","MiwjtI8"
"labiodental","MixAYkc"
"labioso, sa","MiziB02"
"lo","NWnohQu"
"labe","MicVdrx"
"labeo","Mif7s9k"
"laberíntico, ca","MihVVnr"
"laberinto","MihipGi"
"labia","MihoTSj"
"labiado, da","MijRazc"
"labial","MijazNl"
"labialización","MimONQH"
"labializar","MindIc3"
"labiérnago","MipxDpl"
"labihendido, da","Mis3ZWI"
"labilidad","MiuGhHz"
"labio","MiwjtI8"
"labiodental","MixAYkc"
"labioso, sa","MiziB02"
"labiovelar","Mj3QbxK"
"laca","MkLWj2C"
"lacado, da","MkM3LJm"
"lacandón, na","MkMcp0T"
"lacar","MkPz7ll"
"lacayil","MkRfdyf"
"lacayo, ya","MkU6Dpw"
"lacayuno, na","MkUMvZw"
"lacear","MkaCtZk"
"lacedemón, na","MkhQuna"
"lacedemonio, nia","MkjgqfC"
"lacena","Mkk9z2L"
"laceración","Mkkpoil"
"lacerado, da","MkkwFy0"
"lada","Mm9jVb5"
"ladeado, da","MmCdE2j"
"ladeamiento","MmD8dLl"
"ladear","MmDSL7O"
"ladeo","MmEnzWh"
"ladería","MmFF4IX"
"ladero, ra","MmGMLz3"
"laderoso, sa","MmGOFiS"
"ladierno","MmIU1QG"
"ladilla","MmLo4Lx"
"ladillar","MmMZFtI"
"ladillo","MmSHqwN"
"ladilloso, sa","MmUwOSW"
"ladinamente","MmWoFZJ"
"ladinización","MmXnjPH"
"ladinizar","MmZ5A38"
"lagaña","MnTl6fA"
"lagañoso, sa","MnTsC3X"
"lagar","MnYEVww"
"lagarearse","MnYezyU"
"lagarejo","MnZ0m1G"
"lagarero, ra","MnZgoyM"
"lagareta","Mngbv3J"
"lagartado, da","MnhWT2v"
"lagarterano, na","MnlOGDi"
"lagartero, ra","Mnm37Ot"
"lagartezna","MnmKLeP"
"lagartija","Mnp9tCz"
"lagartijero, ra","Mnpiq5a"
"lagarto, ta","MnrWCnQ"
"laicado","MoT4INI"
"laical","MoUmAxG"
"laicho","MoUzOeA"
"laicidad","MoXCN5y"
"laicismo","MoXRu6R"
"laicista","MoXceSw"
"laicización","MoYOGqK"
"laicizar","MobBVrP"
"laico, ca","MocGv8r"
"laido, da","Moe3Ib1"
"lailán","Moe4iKh"
"lairén","MogGsDE"
"laissez faire","Moi79tU"
"laísmo","MogbQT1"
"laísta","Mojw2v3"
"laja","Molzh3L"
"laja","MoofFR7"
"lajazo","MoqiNyL"
"lama","MoryxVO"
"lama","Mos8qCQ"
"lama","MosAVcI"
"lamaísmo","MosLyCG"
"lamaísta","MovMyDe"
"lamasería","MovbB2B"
"lambada","MoxmGFB"
"lambayecano, na","MozyLZC"
"lambda","Mp4zu8C"
"lambdacismo","Mp4zyEG"
"lambeculo","Mp50oSK"
"lambedero","Mp60XzP"
"lambel","Mp8wFPd"
"lambeo","Mp96N7N"
"lambeplatos","MpCGd7N"
"lamber","MpDb09Y"
"lambetada","MpE6bKw"
"lambetazo","MpEQucp"
"lambetear","MpEXjCN"
"lambicar","MpFhTUU"
"lama","MoryxVO"
"lama","Mos8qCQ"
"lama","MosAVcI"
"lamaísmo","MosLyCG"
"lamaísta","MovMyDe"
"lamasería","MovbB2B"
"lambada","MoxmGFB"
"lambayecano, na","MozyLZC"
"lambda","Mp4zu8C"
"lambdacismo","Mp4zyEG"
"lambeculo","Mp50oSK"
"lambedero","Mp60XzP"
"lambel","Mp8wFPd"
"lambeo","Mp96N7N"
"lambeplatos","MpCGd7N"
"lamber","MpDb09Y"
"lambetada","MpE6bKw"
"lambetazo","MpEQucp"
"lambetear","MpEXjCN"
"lambicar","MpFhTUU"
"lambiche","MpHNKYS"
"lambida","MpI0qo4"
"lambión, na","MpIdpMq"
"lameculos","MprFe2t"
"lamedal","MpvJHcZ"
"lamedor, ra","MpvOPEC"
"lamedura","MpxTIIs"
"lamelibranquio","MpxdgvN"
"lamentable","Mpxxx1P"
"lamentablemente","Mq2wf1k"
"lamentación","Mq4KjU0"
"lamentador, ra","Mq4UtyZ"
"lamentar","Mq4pnar"
"lamento","Mq5AfXs"
"lamentoso, sa","Mq81I4P"
"lameplatos","Mq89Cl8"
"lamer","MqADGkT"
"lamerón, na","MqD96IC"
"lametada","MqF4v89"
"lamé","MpqyVyn"
"lamia","MqOTIoo"
"lamia","MqOqKLJ"
"lamido, da","MqPq4Bu"
"laminación","MqVbEbJ"
"laminado","MqYwHl2"
"laminador, ra","MqcFOd0"
"laminar","Mqct5rq"
"laminar","MqdjI2W"
"laminar","Mqf1O7j"
"laminero","Mqi306U"
"laminero","Mqi4W9x"
"laminoso, sa","MqjHVqd"
"lamiscar","Mqky4sf"
"lamista","Mqm5oWJ"
"lamín","MqSnUne"
"lamoso, sa","Mqn7c5a"
"lampa","Mqp7rSK"
"lampacear","MqrNj5f"
"lampaceo","MqroveX"
"lampada","MqsP2ac"
"lampadario","Mqt5Z68"
"lampalagua","MquTcl4"
"lampante","MqucwU8"
"lampar","MquvngL"
"lamparear","MqxDzPi"
"lamparería","Mqy7SfC"
"lamparero, ra","Mr0V1Q3"
"lamparilla","Mr0X7yO"
"lamparilla","Mr2Z2R9"
"lamparín","Mr2rTlt"
"lamparista","Mr3QddC"
"lamparón","Mr481vT"
"lamparoso, sa","Mr6JqY8"
"lampasear","Mr6MHSa"
"lampatán","Mr8Hg7Z"
"lampa","Mqp7rSK"
"lampacear","MqrNj5f"
"lampaceo","MqroveX"
"lampada","MqsP2ac"
"lampadario","Mqt5Z68"
"lampalagua","MquTcl4"
"lampante","MqucwU8"
"lampar","MquvngL"
"lamparear","MqxDzPi"
"lamparería","Mqy7SfC"
"lamparero, ra","Mr0V1Q3"
"lamparilla","Mr0X7yO"
"lamparilla","Mr2Z2R9"
"lamparín","Mr2rTlt"
"lamparista","Mr3QddC"
"lamparón","Mr481vT"
"lamparoso, sa","Mr6JqY8"
"lampasear","Mr6MHSa"
"lampatán","Mr8Hg7Z"
"lampacear","MqrNj5f"
"lampaceo","MqroveX"
"lampada","MqsP2ac"
"lampadario","Mqt5Z68"
"lampalagua","MquTcl4"
"lampante","MqucwU8"
"lampar","MquvngL"
"lamparear","MqxDzPi"
"lamparería","Mqy7SfC"
"lamparero, ra","Mr0V1Q3"
"lamparilla","Mr0X7yO"
"lamparilla","Mr2Z2R9"
"lamparín","Mr2rTlt"
"lamparista","Mr3QddC"
"lamparón","Mr481vT"
"lamparoso, sa","Mr6JqY8"
"lampasear","Mr6MHSa"
"lampatán","Mr8Hg7Z"
"lampazo","Mr8NU1C"
"lampear","Mr9y8nL"
"lampeño, ña","MrAUUjK"
"lampeón","MrDVeYw"
"lampiño, ña","MrDpZ4v"
"lampión","MrEdXV3"
"lampista","MrFn8DZ"
"lampistería","MrGiikF"
"lampistero, ra","MrHDZyN"
"lampo","MrKDt4A"
"lamprea","MrKz0DJ"
"lampreada","MrMkkEX"
"lamprear","MrMvIrb"
"lampreazo","MrT3ExE"
"lamprehuela","MrTXdDM"
"lampreílla","MrUcB9X"
"lampuga","MrVdDMv"
"lampuguera","MrWFeku"
"lana","MrXFOp7"
"lanada","MrYomOw"
"lanado, da","MraDW2P"
"lanar","Mraka8J"
"lanaria","MriSIVU"
"lancán","MrjnfWE"
"lancasteriano, na","MrmHWIl"
"lance","Mrp6d72"
"lanceado, da","MrrfKor"
"lancear","Mrs7uI2"
"lancéola","MrvknCj"
"lanceolado, da","Ms13f5o"
"lancería","Ms4dDUf"
"lancero, ra","Ms5Eh30"
"lanceta","Ms8k8vi"
"lancetada","MsApIjq"
"laña","Mumgodz"
"lañador, ra","MumymNc"
"lañar","MunL6UF"
"laodicense","MunjEz5"
"laosiano, na","MuphZzZ"
"lapa","MusTiOl"
"lapa","MuuQ0gZ"
"lapa","MuubT5W"
"lapacha","Mux7Znp"
"lapachar","MuxBc6M"
"lapachero","Mv2NQSx"
"lapacho","Mv7w904"
"laparoscopia","Mv8z9E7"
"laparoscópico, ca","MvBoTKG"
"laparoscopio","MvBu0K4"
"laparotomía","MvCYGAT"
"lapicera","MvErRt0"
"lapicero","MvFZBG9"
"lapidación","MvLDGk4"
"lapidar","MvLHftF"
"lapidario, ria","MvNVVzD"
"lapídeo, a","MvNnxJ8"
"lapidificar","MvOURXc"
"lapa","MusTiOl"
"lapa","MuuQ0gZ"
"lapa","MuubT5W"
"lapacha","Mux7Znp"
"lapachar","MuxBc6M"
"lapachero","Mv2NQSx"
"lapacho","Mv7w904"
"laparoscopia","Mv8z9E7"
"laparoscópico, ca","MvBoTKG"
"laparoscopio","MvBu0K4"
"laparotomía","MvCYGAT"
"lapicera","MvErRt0"
"lapicero","MvFZBG9"
"lapidación","MvLDGk4"
"lapidar","MvLHftF"
"lapidario, ria","MvNVVzD"
"lapidificar","MvOURXc"
"lapidífico, ca","MvPp41G"
"lapidoso, sa","MvShXyN"
"lapilla","MvT0fhX"
"lapilli","MvTP4We"
"lapislázuli","MvUpTEr"
"lapita","MvUz9vR"
"lapizar","MvVzVis"
"lapídeo, a","MvNnxJ8"
"lapo","MvZTmZn"
"lapón, na","MvZmWM2"
"lapón, na","MvZmWM2"
"lapso","Mvd5sTV"
"lapso","MvecrrA"
"lapsus","Mven5SH"
"lapsus calami","MvgTDK5"
"lapsus linguae","MvluEsL"
"laque","MvmHPBw"
"laqueado, da","Mvn6TMy"
"laquear","MvnSQxv"
"laquista","MvoLdmU"
"lar","MvoseBV"
"larario","Mvr8zuS"
"larda","Mvu9ZbH"
"lardáceo, a","MvuJy7m"
"lardar","MvwGzZr"
"lardear","MvwpSxv"
"lardero, ra","MvxsAyo"
"lardo","MvycZKj"
"lardón","MvyhYnp"
"lardoso, sa","Mvz6wjY"
"lareño, ña","Mw7eQJt"
"larense","Mw5dDng"
"largada","MwAzkx5"
"largamente","MwCUVQL"
"largar","MwDog5u"
"largaria","MwHLY0w"
"lasaña","MxANS9N"
"lasarse","MxAnFDa"
"lasca","MxI0qWd"
"lascar","MxJKttI"
"lascivamente","MxJuCzu"
"lascivia","MxKiI5k"
"lascivo, va","MxLG6g2"
"laserpicio","MxT4EWK"
"lasitud","MxUa2ti"
"laso, sa","MxUqyYz"
"lastar","MxVBQfC"
"lastimada","MxYxBna"
"lastimado","MxYxqpP"
"lastimador, ra","MxaRolC"
"lastimadura","MxbTFkY"
"lastimar","Mxdhqb7"
"lastimeramente","MxhOfoZ"
"lata","Mxzdak6"
"latacungueño, ña","My0F5mS"
"latamente","My0SJng"
"latania","My0YIrp"
"latastro","My0YoGW"
"lataz","My2cvjO"
"latazo","My3yoRd"
"latear","My4eZQN"
"latebra","My6T2th"
"latebroso, sa","My7sLRv"
"latencia","My8GotM"
"latente","My8T5qe"
"lateral","My8kWoh"
"lateralidad","My9ZqOL"
"lateralización","MyA1Y4h"
"lateralizar","MyAPMsm"
"lateralmente","MyBlb8P"
"lateranense","MyD9Scl"
"lato, ta","MzF5QeA"
"lata","Mxzdak6"
"latacungueño, ña","My0F5mS"
"latamente","My0SJng"
"latania","My0YIrp"
"latastro","My0YoGW"
"lataz","My2cvjO"
"latazo","My3yoRd"
"lato, ta","MzF5QeA"
"latear","My4eZQN"
"latebra","My6T2th"
"latebroso, sa","My7sLRv"
"latencia","My8GotM"
"latente","My8T5qe"
"lateral","My8kWoh"
"lateralidad","My9ZqOL"
"lateralización","MyA1Y4h"
"lateralizar","MyAPMsm"
"lateralmente","MyBlb8P"
"lateranense","MyD9Scl"
"latería","MyDXPDQ"
"laterío","MyE0F4O"
"latero, ra","MyHYX0U"
"laticífero, ra","MyM6le1"
"latido","MyNOB6H"
"latiente","MyNaWQ2"
"latifundio","MyNsll2"
"latifundismo","MyQ6Crw"
"latifundista","MySEV7o"
"latigadera","MyTYPVq"
"latigar","MyTZ7a5"
"latigazo","MyURjhA"
"latigudo, da","MyYB9mW"
"latigueada","MyeVR28"
"latiguear","MyeriiP"
"latigueo","Myg7llV"
"latiguero, ra","Myh3hQK"
"latiguillo","MyiALx1"
"latinado, da","Myj6KoP"
"latín","MyiBoOs"
"latonería","MzHs8Lj"
"latonero","MzJrN9q"
"latonero","MzKp7bH"
"lato sensu","MzLHkZW"
"latoso, sa","MzNRRsx"
"lato, ta","MzF5QeA"
"latón","MzFVg3Z"
"latón","MzHp9yd"
"latréutico, ca","MzO5CAr"
"latría","MzOBILj"
"latrina","MzPzXjG"
"latrocinar","MzQyOqy"
"latrocinio","MzSpC35"
"laucha","MzUMbZK"
"lauchear","MzUTncm"
"lauchero, ra","MzWNIx6"
"lauda","MzXxjST"
"laudable","MzZPIi2"
"laudablemente","MzZRppH"
"laudar","Mzd7vcU"
"laudatio","Mzd9anS"
"laudatorio, ria","Mze1sE2"
"laude","Mzep64w"
"laude","Mzf54CS"
"laudemio","Mzh9dYw"
"laudista","Mzhc1l8"
"laudo","MziL07A"
"launa","Mzjh8yu"
"lauráceo, a","MzkMsEZ"
"laureado, da","Mzrywdl"
"laúd","MzWoWfh"
"lava","N0Kx2KM"
"lava","N0MaY5Q"
"lavable","N0NphOw"
"lavabo","N0P8Fze"
"lavabotas","N0PGI3L"
"lavacara","N0PVLD3"
"lavacaras","N0RYORL"
"lavación","N0T5cTZ"
"lavacoches","N0TARGg"
"lavacopas","N0Thonf"
"lavacro","N0WDejZ"
"lavada","N0Wh414"
"lavadedos","N0YCLZn"
"lavadero","N0YGMHT"
"lavadientes","N0YhGME"
"lavado, da","N0aL8fN"
"lavador, ra","N0bkjAx"
"lavadura","N0deYt7"
"lavafrutas","N0hHaYw"
"lavaje","N0hPOvy"
"lava","N0Kx2KM"
"lava","N0MaY5Q"
"lavable","N0NphOw"
"lavabo","N0P8Fze"
"lavabotas","N0PGI3L"
"lavacara","N0PVLD3"
"lavacaras","N0RYORL"
"lavación","N0T5cTZ"
"lavacoches","N0TARGg"
"lavacopas","N0Thonf"
"lavacro","N0WDejZ"
"lavada","N0Wh414"
"lavadedos","N0YCLZn"
"lavadero","N0YGMHT"
"lavadientes","N0YhGME"
"lavado, da","N0aL8fN"
"lavador, ra","N0bkjAx"
"lavadura","N0deYt7"
"lavafrutas","N0hHaYw"
"lavaje","N0hPOvy"
"lavable","N0NphOw"
"lavabo","N0P8Fze"
"lavabotas","N0PGI3L"
"lavacara","N0PVLD3"
"lavacaras","N0RYORL"
"lavación","N0T5cTZ"
"lavacoches","N0TARGg"
"lavacopas","N0Thonf"
"lavacro","N0WDejZ"
"lavada","N0Wh414"
"lavadedos","N0YCLZn"
"lavadero","N0YGMHT"
"lavadientes","N0YhGME"
"lavado, da","N0aL8fN"
"lavador, ra","N0bkjAx"
"lavadura","N0deYt7"
"lavafrutas","N0hHaYw"
"lavaje","N0hPOvy"
"lavajo","N0j1gDM"
"lavaloza","N0mW3PS"
"lavamanos","N0p4smQ"
"lavamiento","N0s56bi"
"lavanco","N0wo2vf"
"lavanda","N0xjm74"
"lavandería","N14ygsI"
"lavandero, ra","N15I9zG"
"lavandina","N15PbvD"
"lavaojos","N185CDA"
"lavaparabrisas","N18GrwG"
"lavaplatos","N18iZlV"
"lavar","N18qWGb"
"lavarropas","N19uIUj"
"lavasuelas","N19wWFo"
"lavativo, va","N1BN9Lt"
"lavatorio","N1GeKK5"
"lavatrastos","N1H9c4e"
"lavavajilla","N1IWnuK"
"lavavajillas","N1MgK0u"
"lavazas","N1Nns2R"
"lavándula","N15V40M"
"lave","N1Rs0r3"
"lavija","N1V1YKy"
"lavotear","N1V5jMb"
"lavoteo","N1VKacW"
"lawrencio","N1Xa1ZA"
"laxación","N1a49iJ"
"laxamiento","N1dP2Xs"
"laxante","N1ecMUI"
"laxar","N1f5td7"
"laxativo, va","N1fXPGj"
"laxidad","N1guI6e"
"laxismo","N1iEpJ6"
"laxista","N1jhThN"
"laxitud","N1k6KPD"
"laxo, xa","N1ka6I5"
"lay","N1mdF6v"
"laya","N1noOtF"
"laya","N1pyQ4m"
"layador, ra","N1qpPNW"
"layar","N1s2rKj"
"layetano, na","N1sW0bi"
"lazada","N1vYrKs"
"lazar","N1vnLEX"
"lazareto","N1wN9E3"
"lazarillo, lla","N1wSC7E"
"lazarino, na","N1wWEMo"
"lazarista","N1wbzRh"
"lazaroso, sa","N1zRfTk"
"lazdrar","N21rdwj"
"lazo","N22xx05"
"lazrar","N25lVul"
"lazulita","N25tDX7"
"lazurita","N26VJQ7"
"lábaro","MiZotnG"
"lábil","Mitussw"
"lácteo, a","Mlb0oLp"
"láctico, ca","Mlqb8sp"
"ládano","MmARTz9"
"lágrima","Mo8y5NE"
"lámina","MqSoCI0"
"lámpada","MqsgHQe"
"lámpara","MqxCKuY"
"lángara","Mt4wQO8"
"lánguidamente","MtKnL5b"
"lánguido, da","MtZfO4n"
"lápida","MvFfhqL"
"lápiz","MvVeBpr"
"lárice","MwbwAVF"
"láser","MxT0wrP"
"lástima","MxXsO7t"
"le","N288QJ7"
"leal","N28ZAkF"
"lealdad","N2973fa"
"lealmente","N2BocH8"
"lealtad","N2C1OiZ"
"leasing","N2CGYHh"
"lebaniego, ga","N2CaZ03"
"lebeche","N2D2nL0"
"lebení","N2DRSE7"
"leberquisa","N2DjHNG"
"lebrada","N2Fcaj6"
"lebrancho","N2Gdj3M"
"lebrasta","N2HbP2t"
"lebrastón","N2IWEoJ"
"lebrato","N2JqlXs"
"lebratón","N2K9iJU"
"lebrel","N2Lou5v"
"lebrero, ra","N2O6KEZ"
"leal","N28ZAkF"
"lealdad","N2973fa"
"lealmente","N2BocH8"
"lealtad","N2C1OiZ"
"leasing","N2CGYHh"
"lebaniego, ga","N2CaZ03"
"lebeche","N2D2nL0"
"lebení","N2DRSE7"
"leberquisa","N2DjHNG"
"lebrada","N2Fcaj6"
"lebrancho","N2Gdj3M"
"lebrasta","N2HbP2t"
"lebrastón","N2IWEoJ"
"lebrato","N2JqlXs"
"lebratón","N2K9iJU"
"lebrel","N2Lou5v"
"lebrero, ra","N2O6KEZ"
"lebrijano, na","N2OpqnV"
"lebrillo","N2PO2fv"
"lebrón","N2QNfkv"
"lebroncillo","N2RvvLS"
"lebruno, na","N2URhiN"
"lecanomancia","N2ZtnoJ"
"lección","N2dLEOm"
"leccionario","N2dLNlS"
"leccionista","N2eJBuT"
"lecha","N2k80P7"
"lechada","N2muHFF"
"lechal","N2oDUY0"
"lechar","N2oTzD5"
"lechar","N2otL18"
"lechar","N2pqwsy"
"lechaza","N2qFgqD"
"lechazo","N2rSMZH"
"leche","N2tsDWF"
"lechecillas","N2wL3pH"
"lechera","N2y5Pnq"
"lechera","N30fvYo"
"lechería","N30xLNS"
"lecherón","N32SQsr"
"lechero, ra","N32DXHQ"
"lechetrezna","N32bBw8"
"lecanomancia","N2ZtnoJ"
"lección","N2dLEOm"
"leccionario","N2dLNlS"
"leccionista","N2eJBuT"
"lecha","N2k80P7"
"lechada","N2muHFF"
"lechal","N2oDUY0"
"lechar","N2oTzD5"
"lechar","N2otL18"
"lechar","N2pqwsy"
"lechaza","N2qFgqD"
"lechazo","N2rSMZH"
"leche","N2tsDWF"
"lechecillas","N2wL3pH"
"lechera","N2y5Pnq"
"lechera","N30fvYo"
"lechería","N30xLNS"
"lecherón","N32SQsr"
"lechero, ra","N32DXHQ"
"lechetrezna","N32bBw8"
"lechiga","N35LkTD"
"lechigado, da","N37c0uG"
"lechín","N38Zmva"
"lechina","N38pCtC"
"lecha","N2k80P7"
"lechada","N2muHFF"
"lechal","N2oDUY0"
"lechar","N2oTzD5"
"lechar","N2otL18"
"lechar","N2pqwsy"
"lechaza","N2qFgqD"
"lechazo","N2rSMZH"
"leche","N2tsDWF"
"lechecillas","N2wL3pH"
"lechera","N2y5Pnq"
"lechera","N30fvYo"
"lechería","N30xLNS"
"lecherón","N32SQsr"
"lechero, ra","N32DXHQ"
"lechetrezna","N32bBw8"
"lechiga","N35LkTD"
"lechigado, da","N37c0uG"
"lechina","N38pCtC"
"lechino","N39U4V1"
"lechín","N38Zmva"
"lecho","N39zGb6"
"lechón, na","N3A14KR"
"lechoso, sa","N3J36Zu"
"lechón, na","N3A14KR"
"lechucero, ra","N3JO7Fr"
"lechuga","N3JmePF"
"lechugado, da","N3Jow6m"
"lechuguero, ra","N3JqPbG"
"lechuguilla","N3JrZwo"
"lechuguino, na","N3K9twv"
"lechuza","N3MNodG"
"lechuzo","N3MPhW5"
"lechuzo","N3MfXqt"
"lecitina","N3O0Nwp"
"leco","N3Pucn0"
"lectisternio","N3QKGHO"
"lectivo, va","N3Qbpcy"
"lectoescritura","N3QkPO1"
"lectorado","N3Tyq8c"
"lectoral","N3WYUZD"
"lectoralía","N3Z8bEk"
"lectoría","N3ZUZJ9"
"lector, ra","N3RPAwo"
"lectuario","N3a4pxp"
"lectura","N3aBbsZ"
"led","N3aTKdm"
"ledamente","N3b9rIQ"
"ledanía","N3blFu1"
"ledanía","N3d4WOs"
"ledo, da","N3f4LZz"
"ledón","N3hPjaf"
"leedor, ra","N3jo8Hl"
"leer","N3m3mKb"
"lefa","N3nt0p6"
"legacía","N3pMxED"
"legación","N3sCiLq"
"legado","N3sRlq9"
"legado","N3sqQho"
"legador","N3t9nqs"
"legadura","N3w1w7k"
"legajar","N3w6I5l"
"legajo","N3xOYEz"
"legal","N3zYscE"
"legalidad","N40kRtA"
"legalismo","N42ZddZ"
"legalista","N46P4bc"
"legalizable","N46iW2n"
"legalización","N48eq6l"
"legalizar","N4BUvmf"
"legalmente","N4FAL6E"
"legamoso, sa","N4HTuRo"
"leganal","N4Hlmdh"
"leganoso, sa","N4Jn4ZE"
"legacía","N3pMxED"
"legación","N3sCiLq"
"legado","N3sRlq9"
"legado","N3sqQho"
"legador","N3t9nqs"
"legadura","N3w1w7k"
"legajar","N3w6I5l"
"legajo","N3xOYEz"
"legal","N3zYscE"
"legalidad","N40kRtA"
"legalismo","N42ZddZ"
"legalista","N46P4bc"
"legalizable","N46iW2n"
"legalización","N48eq6l"
"legalizar","N4BUvmf"
"legalmente","N4FAL6E"
"legamoso, sa","N4HTuRo"
"leganal","N4Hlmdh"
"leganoso, sa","N4Jn4ZE"
"legacía","N3pMxED"
"legación","N3sCiLq"
"legado","N3sRlq9"
"legado","N3sqQho"
"legador","N3t9nqs"
"legadura","N3w1w7k"
"legajar","N3w6I5l"
"legajo","N3xOYEz"
"legal","N3zYscE"
"legalidad","N40kRtA"
"legalismo","N42ZddZ"
"legalista","N46P4bc"
"legalizable","N46iW2n"
"legalización","N48eq6l"
"legalizar","N4BUvmf"
"legalmente","N4FAL6E"
"legamoso, sa","N4HTuRo"
"leganal","N4Hlmdh"
"leganoso, sa","N4Jn4ZE"
"legaña","N4LcUoK"
"legañil","N4MT9VV"
"legañoso, sa","N4MhjFP"
"legar","N4N8KVq"
"legar","N4NTDsX"
"legatario, ria","N4PRUea"
"legendario, ria","N4Qc61u"
"legibilidad","N4R9Swe"
"legible","N4WdsDV"
"legiferar","N4X0iFp"
"legión","N4X4Qwc"
"legionario, ria","N4XZDQb"
"legionela","N4YoyD9"
"legionelosis","N4ZccTG"
"legionense","N4aoUip"
"legislable","N4az3DJ"
"legislación","N4b4HhP"
"legislador, ra","N4f7psJ"
"legislar","N4fyL6P"
"legislativo, va","N4h9PKO"
"legislatura","N4k8isQ"
"legisperito, ta","N4leROq"
"legista","N4lz6Gt"
"legítimamente","N53GAOn"
"legítimo, ma","N58VtPK"
"lego, ga","N5D53vo"
"legón","N5ELTXl"
"legra","N5HG0nN"
"legrado","N5Ick60"
"legradura","N5JIWmd"
"legrar","N5K2LCB"
"legrón","N5PanjT"
"legua","N5PoXDE"
"leguario, ria","N5RlthX"
"legui","N5Rro1e"
"leguleyada","N5SN9Q2"
"leguleyo, ya","N5U0Odt"
"legumbre","N5UHSa0"
"leguminoso, sa","N5YLLEI"
"Leiden","N5eEqKY"
"leila","N5fUo4J"
"leima","N5ny2vh"
"leishmaniasis","N5otZrN"
"leishmaniosis","N5pDlPO"
"leitmotiv","N5u6AKS"
"leíble","N5ZAA9H"
"leída","N5bPize"
"leído, da","N5f0Pnw"
"leísmo","N5scX8M"
"leísta","N5sji5N"
"leja","N5ufBQA"
"lejanamente","N5wkXjs"
"lejanía","N5ybp2W"
"lejano, na","N606Ldt"
"lejas","N69jGve"
"lejazo","N6B0Hzw"
"lejía","N6BVSSz"
"lejío","N6DUOOm"
"lejos","N6E9rKf"
"lejote","N6F1wK7"
"lejura","N6Fa1Bh"
"lelilí","N6GSGkj"
"lelo, la","N6HBeVj"
"lema","N6HonBK"
"lemán","N6InmNr"
"lemanaje","N6KhOCN"
"lemanita","N6LTpon"
"lemario","N6LW7in"
"lematización","N6LYQq8"
"lematizar","N6LviQx"
"lembario","N6Mj6X8"
"lembo","N6NNTuT"
"lembrar","N6QrRlo"
"leme","N6QvUH6"
"lemnáceo, a","N6RscRI"
"lemnícola","N6UGgMY"
"lemnio, nia","N6WMg9S"
"lemniscata","N6ahzEu"
"lemnisco","N6c7ijx"
"lemosín, na","N6cCwxH"
"len","N6k49NR"
"lena","N6l0TMg"
"lena","N6mU35s"
"lenca","N6nYJvc"
"lencería","N6pr3U7"
"lencero, ra","N6q3udJ"
"lendakari","N6sVJ8D"
"lendel","N6u5UQO"
"lendrera","N6v0rnX"
"lendrero","N6w8uu6"
"lendroso, sa","N6yWtZl"
"lene","N6yZqRi"
"leneas","N74Kgki"
"lengua","N77BOIl"
"lenguadeta","N78yKrj"
"lenguado","N7ATDtG"
"lenguaje","N7BnIFO"
"lengualarga","N7DLNsg"
"lenguarada","N7DeVHE"
"lena","N6l0TMg"
"lena","N6mU35s"
"lenca","N6nYJvc"
"lencería","N6pr3U7"
"lencero, ra","N6q3udJ"
"lendakari","N6sVJ8D"
"lendel","N6u5UQO"
"lendrera","N6v0rnX"
"lendrero","N6w8uu6"
"lendroso, sa","N6yWtZl"
"lene","N6yZqRi"
"leneas","N74Kgki"
"lengua","N77BOIl"
"lenguadeta","N78yKrj"
"lenguado","N7ATDtG"
"lenguaje","N7BnIFO"
"lengualarga","N7DLNsg"
"lenguarada","N7DeVHE"
"lenguaraz","N7EA53b"
"lenguatón, na","N7EIIQX"
"lenguaz","N7EbVvH"
"lenguaza","N7FxCvc"
"lengudo, da","N7HRTbs"
"lengüear","N7HrIBb"
"lengüeta","N7I2hMD"
"lengüetada","N7IHPa3"
"lengüetazo","N7Jo8Zs"
"lengüeteada","N7OERnW"
"lengüetear","N7QwORG"
"lengüetería","N7UyRih"
"lengua","N77BOIl"
"lenguadeta","N78yKrj"
"lenguado","N7ATDtG"
"lenguaje","N7BnIFO"
"lengualarga","N7DLNsg"
"lenguarada","N7DeVHE"
"lenguaraz","N7EA53b"
"lenguatón, na","N7EIIQX"
"lenguaz","N7EbVvH"
"lenguaza","N7FxCvc"
"lengudo, da","N7HRTbs"
"lengüear","N7HrIBb"
"lengüeta","N7I2hMD"
"lengüetada","N7IHPa3"
"lengüetazo","N7Jo8Zs"
"lengüeteada","N7OERnW"
"lengüetear","N7QwORG"
"lengüetería","N7UyRih"
"lengüetero, ra","N7XGMWL"
"lengüicorto, ta","N7YQT13"
"lengüilargo, ga","N7ZLX4t"
"lenidad","N7bKlD8"
"lenificación","N7bajbD"
"lenificar","N7bsQWa"
"lenificativo, va","N7cGmsz"
"leninismo","N7dGahj"
"leninista","N7dgM0J"
"lenitivo, va","N7e9uC9"
"lenizar","N7ihYQ9"
"lenocinio","N7lgPPZ"
"lenón","N7mws1O"
"lentamente","N7nieFt"
"lente","N7o6jFG"
"lentecer","N7qjMZz"
"lenteja","N7rHXu1"
"lentejar","N7rflsf"
"lentejuela","N7v5igC"
"lentejuelar","N7z4KGg"
"lenteza","N85Fmz3"
"lenticular","N87GFji"
"lentificación","N89dAfD"
"lentificar","N8ASMgJ"
"lentigo","N8AaFmt"
"lentilla","N8Dpkd4"
"lentiscal","N8FAQRU"
"lentiscina","N8HvWpu"
"lentisco","N8IQQDy"
"lentitud","N8IYifx"
"lentor","N8K0Bzq"
"lento, ta","N8IftO9"
"lentamente","N7nieFt"
"lento, ta","N8IftO9"
"lente","N7o6jFG"
"lentecer","N7qjMZz"
"lenteja","N7rHXu1"
"lentejar","N7rflsf"
"lentejuela","N7v5igC"
"lentejuelar","N7z4KGg"
"lenteza","N85Fmz3"
"lenticular","N87GFji"
"lentificación","N89dAfD"
"lentificar","N8ASMgJ"
"lentigo","N8AaFmt"
"lentilla","N8Dpkd4"
"lentiscal","N8FAQRU"
"lentiscina","N8HvWpu"
"lentisco","N8IQQDy"
"lentitud","N8IYifx"
"lento, ta","N8IftO9"
"lentor","N8K0Bzq"
"lentura","N8MJRXV"
"lenzal","N8Q5c5H"
"lenzuelo","N8QkTTZ"
"leña","N8RDtwC"
"leña","N8TO3dQ"
"leñador, ra","N8TRGBm"
"leñame","N8U5naf"
"leñar","N8Usu2u"
"leñatear","N8VQXBE"
"leñatero, ra","N8VnE59"
"leñazo","N8WO0PU"
"leñe","N8Yulrj"
"leñero, ra","N8eN4gF"
"leño","N8f20Hk"
"leñoso, sa","N8hmDFy"
"leo","N8i8xYo"
"león, na","N8kxj1H"
"leonado, da","N8l3FPE"
"leonería","N8oICTS"
"leonero, ra","N8pj349"
"leonés, sa","N8qRYOZ"
"leonesismo","N8qyYAR"
"leonino","N8sIsao"
"leonino","N8yR3xP"
"leonino","N8ymLF9"
"leontina","N8zYhz3"
"leopardo, da","N93tATJ"
"leopoldina","N95n31e"
"leotardo","N985kET"
"león, na","N8kxj1H"
"leónica","N8rIh3z"
"lepasil","N9DDxEt"
"Lepe","N9Ee2WU"
"leperada","N9FMjmZ"
"lepidio","N9KN1Dt"
"lepidóptero","N9M8rgJ"
"lepisma","N9PRwy3"
"leporino, na","N9UBoNb"
"lepra","N9VFitK"
"leprocomio","N9YbNNR"
"leprosario","N9b8LxL"
"leprosería","N9cCtJH"
"leprosero, ra","N9dchAn"
"leproso, sa","N9fCMYk"
"leprosorio","N9ghU7M"
"leptón","N9gjrVx"
"leptorrino, na","N9iNJ4C"
"lera","N9j7rV5"
"lercha","N9jLVM9"
"lerdamente","N9kU2EE"
"lerdear","N9lyndg"
"lerdera","N9m0BYP"
"lerdez","N9msrcY"
"lerdo, da","N9p8m7C"
"lerdón","N9rMOsm"
"lerense","N9sQy89"
"leridano, na","N9u2Xjx"
"lerneo, a","N9vdpHo"
"lero","N9xiUfw"
"lesbianismo","N9xkUKk"
"lesbiano, na","N9yxt4g"
"lesbio, bia","NA15Sbv"
"lesear","NA4FGmt"
"leseo","NA59nKd"
"lesera","NA5LmZ8"
"lesión","NA5QOrA"
"lesionador, ra","NA6RrVr"
"lesionar","NA7gzk7"
"lesividad","NA8Cgeo"
"lesivo, va","NA8M4Ou"
"lesna","NAAKtPP"
"lesnordeste","NAD008C"
"leso, sa","NAKffjM"
"lesotense","NANeZRB"
"letal","NAWenPp"
"letalidad","NAXLgTl"
"letame","NAXS6D4"
"letanía","NAY9H8k"
"letargia","NAbE2MA"
"letárgico, ca","NAbpTaq"
"letargo","NAf38jr"
"letargoso, sa","NAfGmbS"
"leteo, a","NAgMf7J"
"leticia","NAgcjuW"
"leticiano, na","NAhDWHV"
"letificante","NAjUwF4"
"letificar","NAjx9rv"
"letífico, ca","NAkMosC"
"letigio","NAmiNIT"
"leucemia","NBauxAz"
"leucémico, ca","NBb5RHu"
"leuco","NBbSCx2"
"leuco-","NBbZTuN"
"leucocitaria","NBcPVUI"
"leucocito","NBgNsSF"
"leucocitosis","NBjID2y"
"leucocituria","NBjNDxQ"
"leucofeo, a","NBkzXW0"
"leucoma","NBmDl6A"
"leucopenia","NBqrfFg"
"leucoplaquia","NBtYn9n"
"leucorrea","NBvkbiH"
"leudante","NBx1yGO"
"leudar","NBxYmkA"
"leude","NC0MXAS"
"leudo, da","NC0qNF5"
"lev","NC1zIv6"
"leva","NC26D7t"
"leva","NC3R0Jq"
"leva","NC3UBAr"
"levada","NC3d72N"
"levadero, ra","NC4IJ8D"
"levadizo, za","NC78Vti"
"levador","NC9bzv3"
"levadura","NCA4NUk"
"levamiento","NCB3Od3"
"levantada","NCBqW4M"
"levantadamente","NCBtwF4"
"levantado, da","NCCUciG"
"levantador, ra","NCDuxU1"
"levantamiento","NCF4Lbv"
"levantar","NCGZ75o"
"levantavidrios","NCGtpgR"
"levante","NCHYFRd"
"levante","NCJqbiM"
"levantino, na","NCKdcQv"
"leva","NC26D7t"
"leva","NC3R0Jq"
"leva","NC3UBAr"
"levada","NC3d72N"
"levadero, ra","NC4IJ8D"
"levadizo, za","NC78Vti"
"levador","NC9bzv3"
"levadura","NCA4NUk"
"levamiento","NCB3Od3"
"levantada","NCBqW4M"
"levantadamente","NCBtwF4"
"levantado, da","NCCUciG"
"levantador, ra","NCDuxU1"
"levantamiento","NCF4Lbv"
"levantar","NCGZ75o"
"levantavidrios","NCGtpgR"
"levante","NCHYFRd"
"levante","NCJqbiM"
"levantino, na","NCKdcQv"
"levada","NC3d72N"
"levadero, ra","NC4IJ8D"
"levadizo, za","NC78Vti"
"levador","NC9bzv3"
"levadura","NCA4NUk"
"levamiento","NCB3Od3"
"levantada","NCBqW4M"
"levantadamente","NCBtwF4"
"levantado, da","NCCUciG"
"levantador, ra","NCDuxU1"
"levantamiento","NCF4Lbv"
"levantar","NCGZ75o"
"levantavidrios","NCGtpgR"
"levante","NCHYFRd"
"levante","NCJqbiM"
"levantino, na","NCKdcQv"
"levantisco","NCODGyV"
"levantisco","NCQC1O1"
"levar","NCUP1BF"
"leve","NCUSyGm"
"levedad","NCUUeB7"
"levemente","NCVbqwA"
"levente","NCWjFIh"
"leviatán","NCXHojm"
"levidad","NCXcWrh"
"levigación","NCYe6dt"
"levigar","NCZheNc"
"levirato","NCaWEU3"
"levita","NCaj5Fk"
"levita","NCc7AxZ"
"levitación","NCechcD"
"levitante","NCehCNu"
"levitar","NCk9X6e"
"levitín","NCn4pdI"
"levitón","NCnnajL"
"levítico, ca","NCkEJDJ"
"levosa","NCsjM8d"
"levógiro, ra","NCs528H"
"levudo, da","NCt2c9S"
"lexema","NCu16TD"
"lexía","NCv78R3"
"lexiarca","NCx8BMN"
"lexical","NCy8aMj"
"lexicalización","NCya1xq"
"lexicalizar","NCzL8h1"
"lexicografía","ND4v8oL"
"lexicográfico, ca","ND87MP2"
"lexicógrafo, fa","ND9KlCR"
"lexicología","NDA9idc"
"lexicológico, ca","NDEBtLg"
"lexicólogo, ga","NDGS74R"
"lexicón","NDHxtBd"
"ley","NDJCjq8"
"leyenda","NDOltxZ"
"leyendario, ria","NDSJnC0"
"lezda","NDV5nhZ"
"lezdero","NDVQqK1"
"lezna","NDVsXyW"
"lezne","NDWIDxE"
"légamo","N4HPU8F"
"légano","N4IRkob"
"légrimo, ma","N5ODyTq"
"lémur","N6guW5U"
"lépero, ra","N9G3R0b"
"lésbico, ca","NA0Aco6"
"léxico, ca","ND3Rym3"
"liana","NDa59lf"
"liante, ta","NDhcbGG"
"liar","NDhqOIi"
"liara","NDjH2rM"
"liásico, ca","NDjmnr1"
"liatón","NDmQpJc"
"liaza","NDnOsYw"
"libación","NDqM6Mt"
"libamen","NDqNtIp"
"libamiento","NDqOCas"
"libán","NDrF0LZ"
"libanés, sa","NDxmMh4"
"libar","NDyWAr1"
"libatorio","NE0Cbya"
"libela","NE0h8sT"
"libelar","NE3Shaa"
"libelático, ca","NE8AC9i"
"lía","NDX7bkt"
"lía","NDXV79K"
"Líbano","NDyAKLE"
"líber","NEGWLbV"
"líberamente","NEWVwrW"
"líbero","NEcdYuR"
"líbero","NEclnup"
"líbico, ca","NErN6Yv"
"lícitamente","NGOkG1x"
"lícito, ta","NGUK0T5"
"líder, resa","NGziyCV"
"lígrime","NIwo0or"
"lígrimo, ma","NJ1JiXT"
"lígula","NJ3f5JK"
"límbico","NKHcqU7"
"límite","NKZgeLY"
"límpido, da","NLP9m2s"
"ll","NT9HECM"
"llábana","NT9PqTw"
"llaca","NT9S1qc"
"llaga","NTAPsvF"
"llagador, ra","NTAYyhn"
"llagamiento","NTAnXL0"
"llagar","NTAtP39"
"llagoso, sa","NTD8PdV"
"llajua","NTEOcDs"
"llama","NTICDgv"
"llama","NTIHQa3"
"llamada","NTKgd80"
"llamadera","NTMbeIL"
"llamado","NTOWzkj"
"llamador, ra","NTOYC7k"
"llamamiento","NTQSJaM"
"llamar","NTReP1j"
"llamarada","NTSBgHB"
"llaca","NT9S1qc"
"llaga","NTAPsvF"
"llagador, ra","NTAYyhn"
"llagamiento","NTAnXL0"
"llagar","NTAtP39"
"llagoso, sa","NTD8PdV"
"llajua","NTEOcDs"
"llama","NTICDgv"
"llama","NTIHQa3"
"llamada","NTKgd80"
"llamadera","NTMbeIL"
"llamado","NTOWzkj"
"llamador, ra","NTOYC7k"
"llamamiento","NTQSJaM"
"llamar","NTReP1j"
"llamarada","NTSBgHB"
"llamarón","NTU4i8M"
"llamativo, va","NTUIrC2"
"llaca","NT9S1qc"
"llaga","NTAPsvF"
"llagador, ra","NTAYyhn"
"llagamiento","NTAnXL0"
"llagar","NTAtP39"
"llagoso, sa","NTD8PdV"
"llajua","NTEOcDs"
"llama","NTICDgv"
"llama","NTIHQa3"
"llamada","NTKgd80"
"llamadera","NTMbeIL"
"llamado","NTOWzkj"
"llamador, ra","NTOYC7k"
"llamamiento","NTQSJaM"
"llamar","NTReP1j"
"llamarada","NTSBgHB"
"llamarón","NTU4i8M"
"llamativo, va","NTUIrC2"
"llambria","NTWjNWb"
"llameante","NTWngot"
"llamear","NTX8KvN"
"llamerada","NTckklh"
"llamingo","NTeMnJE"
"llana","NTeTYcv"
"llana","NTesngI"
"llanada","NTfwylo"
"llanamente","NTg2EWk"
"llanca","NTh3isF"
"llande","NTh9r2e"
"llaneador, ra","NTiznmG"
"llanear","NTj0gHK"
"llanero","NTn1jgP"
"llanero","NTqPJ97"
"llaneza","NTqSjoM"
"llanisco, ca","NTuTRot"
"llanito, ta","NTufCy1"
"llano, na","NTzc9dz"
"llanque","NTzlUBS"
"llanquihuano, na","NTzzJzr"
"llanta","NU2U8ku"
"llanta","NU2xWhe"
"llana","NTeTYcv"
"llana","NTesngI"
"llanada","NTfwylo"
"llanamente","NTg2EWk"
"llano, na","NTzc9dz"
"llanca","NTh3isF"
"llande","NTh9r2e"
"llaneador, ra","NTiznmG"
"llanear","NTj0gHK"
"llanero","NTn1jgP"
"llanero","NTqPJ97"
"llaneza","NTqSjoM"
"llanisco, ca","NTuTRot"
"llanito, ta","NTufCy1"
"llano, na","NTzc9dz"
"llanque","NTzlUBS"
"llanquihuano, na","NTzzJzr"
"llanta","NU2U8ku"
"llanta","NU2xWhe"
"llantear","NU6TKfg"
"llantén","NU9Dm9M"
"llantera","NU9vhl3"
"llantera","NUC6huw"
"llantería","NUCCIqP"
"llanterío","NUDWn3G"
"llantero, ra","NUEYelO"
"llantina","NUGBRg7"
"llanto","NUHokpl"
"llanura","NUHpdSq"
"llapa","NUJy31M"
"llapar","NUNTm6i"
"llapingacho","NUOrA7P"
"llar","NUTv03F"
"llar","NUV4wUq"
"llareta","NUVyuA2"
"llaulláu","NUZ8QsT"
"llave","NUa9bLt"
"llavear","NUcEBGg"
"llaverizo","NUcnlck"
"llavero, ra","NUjHcux"
"llavín","NUlZaDq"
"llábana","NT9PqTw"
"lle","NUoGIN4"
"lleco, ca","NUpHxfe"
"llega","NUqtwVZ"
"llegada","NUrslA4"
"llegado, da","NUwouvE"
"llegamiento","NUyAL50"
"llegar","NV155vl"
"llegue","NV2QeCc"
"lleivún","NVBBHzo"
"llena","NVF7xwf"
"llenado","NVFDlIh"
"llenador, ra","NVGt7dh"
"llenamente","NVHBInW"
"llenar","NVINq2p"
"llenazón","NVIesmh"
"lleneramente","NVKL0vH"
"llenero, ra","NVNGUpu"
"lleno, na","NVOli5X"
"lleco, ca","NUpHxfe"
"llega","NUqtwVZ"
"llegada","NUrslA4"
"llegado, da","NUwouvE"
"llegamiento","NUyAL50"
"llegar","NV155vl"
"llegue","NV2QeCc"
"lleivún","NVBBHzo"
"llena","NVF7xwf"
"llenado","NVFDlIh"
"llenador, ra","NVGt7dh"
"llenamente","NVHBInW"
"llenar","NVINq2p"
"llenazón","NVIesmh"
"lleneramente","NVKL0vH"
"llenero, ra","NVNGUpu"
"llenez","NVNY4aV"
"lleneza","NVNmETJ"
"lleno, na","NVOli5X"
"llenura","NVOsRWH"
"llera","NVP0RaQ"
"lleudar","NVT0v34"
"lleva","NVVM2hK"
"llevable","NVVcE4J"
"llevada","NVVzXXH"
"llevadero, ra","NVWPREo"
"llevador, ra","NVXP4XT"
"llevaitrae","NVYlhHt"
"llevanza","NVdBpwl"
"llevar","NVdZd3s"
"lleve","NVeuVOz"
"lliclla","NVfdv01"
"llicta","NVfhGpQ"
"llocalla","NVg38kq"
"llocántaro","NVirvZJ"
"llocura","NVjlyMy"
"lloica","NVktkvc"
"llorada","NVt7N6V"
"lloradera","NVtEmEZ"
"llorador, ra","NVwfZXV"
"lloraduelos","NVxvlDP"
"llorar","NVzTcUw"
"lloredo","NW0SqQe"
"llorera","NW4HySd"
"lloreta","NW5TSeX"
"llorica","NW6dEt5"
"lloriquear","NW98dVH"
"lloriqueo","NW9OwNl"
"llorisquear","NW9fg6x"
"lloro","NWCzbLB"
"llorón, na","NWDt21C"
"llocalla","NVg38kq"
"llocántaro","NVirvZJ"
"llocura","NVjlyMy"
"lloica","NVktkvc"
"llorada","NVt7N6V"
"lloradera","NVtEmEZ"
"llorador, ra","NVwfZXV"
"lloraduelos","NVxvlDP"
"llorar","NVzTcUw"
"lloredo","NW0SqQe"
"llorera","NW4HySd"
"lloreta","NW5TSeX"
"llorica","NW6dEt5"
"lloriquear","NW98dVH"
"lloriqueo","NW9OwNl"
"llorisquear","NW9fg6x"
"lloro","NWCzbLB"
"llorón, na","NWDt21C"
"llorosamente","NWJoOcS"
"lloroso, sa","NWLBzPT"
"llosa","NWNMuGs"
"llotrar","NWNkids"
"llovedera","NWO32QK"
"llovedizo, za","NWPXYNl"
"llover","NWQcxLK"
"llovida","NWToYL5"
"llovido","NWUhwl2"
"llovioso, sa","NWUwiqN"
"llovizna","NWWm765"
"lloviznar","NWYMyl0"
"lloviznoso, sa","NWbRJvM"
"llubina","NWbsmE4"
"llucho","NWcdSPG"
"llueca","NWfkqfS"
"lluvia","NWgRXUA"
"lluvial","NWhNUEI"
"lluviano, na","NWhYbBB"
"lluvioso, sa","NWiYuUf"
"lo","NWnLPAn"
"lo","NWnohQu"
"lo","NWofhZh"
"loa","NWr6LRx"
"loable","NWrQFBZ"
"loablemente","NWtvpAu"
"loador, ra","NWv3EuW"
"loanda","NWvTD6m"
"loanza","NWx1VM7"
"loar","NWxGA0e"
"loba","NWyLXjD"
"loba","NWyxwcj"
"lobada","NWzASjB"
"lobado","NWzIZoo"
"lobado","NX0vnKi"
"lobagante","NX3rvY1"
"lobanillo","NX3w5Q9"
"lobarro","NX7KVNt"
"lobato, ta","NXAFshA"
"lobo","NXSPngL"
"loa","NWr6LRx"
"loable","NWrQFBZ"
"loablemente","NWtvpAu"
"loador, ra","NWv3EuW"
"loanda","NWvTD6m"
"loanza","NWx1VM7"
"loar","NWxGA0e"
"loba","NWyLXjD"
"loba","NWyxwcj"
"lobada","NWzASjB"
"lobado","NWzIZoo"
"lobado","NX0vnKi"
"lobagante","NX3rvY1"
"lobanillo","NX3w5Q9"
"lobarro","NX7KVNt"
"lobato, ta","NXAFshA"
"lobatón","NXBAnhV"
"lobby","NXBbtiv"
"lobear","NXGbiOC"
"lobectomía","NXH3u00"
"lobeliáceo, a","NXI1Np6"
"lobería","NXMEQEJ"
"lobero, ra","NXMzfUu"
"lobezno, na","NXQmVb8"
"lobina","NXRrVl7"
"lobo","NXSPngL"
"loba","NWyLXjD"
"loba","NWyxwcj"
"lobada","NWzASjB"
"lobado","NWzIZoo"
"lobado","NX0vnKi"
"lobagante","NX3rvY1"
"lobanillo","NX3w5Q9"
"lobarro","NX7KVNt"
"lobato, ta","NXAFshA"
"lobatón","NXBAnhV"
"lobo","NXSPngL"
"lobby","NXBbtiv"
"lobear","NXGbiOC"
"lobectomía","NXH3u00"
"lobeliáceo, a","NXI1Np6"
"lobería","NXMEQEJ"
"lobero, ra","NXMzfUu"
"lobezno, na","NXQmVb8"
"lobina","NXRrVl7"
"lobisón","NXSCbV2"
"lobista","NXSIh3B"
"lobo","NXSPngL"
"lobo","NXSmu4q"
"loboso, sa","NXUU5ty"
"lobotomía","NXUjZCo"
"lobreguecer","NXWQeGD"
"lobreguez","NXYKvO1"
"lobregura","NXYRzIa"
"lobulado, da","NXZi8a7"
"lobular","NXbDJyC"
"lobuno, na","NXbWFN6"
"locación","NXeOXqS"
"local","NXeWGhG"
"localía","NXeeOoH"
"localidad","NXffXwJ"
"localismo","NXh79Po"
"localista","NXiBjN1"
"localizable","NXkQu1w"
"localización","NXkXQYz"
"localizador","NXlCVDs"
"localizar","NXnpqEu"
"locamente","NXs0pKQ"
"locatario, ria","NXs2Svc"
"locateli","NXsMzDy"
"locatis","NXtttCq"
"locativo, va","NXulgQa"
"locato, ta","NXzrWRo"
"locear","NY13Dqi"
"lodacera","NYaj21U"
"lodachar","NYbmAxB"
"lodazal","NYg0jYP"
"lodazar","NYgt6Th"
"lodera","NYhdUtE"
"lodiento, ta","NYjnOIk"
"lodo","NYm8Z5B"
"lodón","NYmask9"
"lodoñero","NYnEnux"
"lodoño","NYnLnyi"
"lodoso, sa","NYqvFKL"
"lodra","NYs7SQ1"
"lofobranquio","NYsShx7"
"logadero","NYte3Fj"
"loganiáceo, a","NYuAV4g"
"logar","NYyq065"
"logar","NZ0hs9S"
"logarítmico, ca","NZ3gsS9"
"logaritmo","NZ6jjsO"
"logia","NZ96hqx"
"logical","NZBZUAr"
"logicismo","NZEUUYe"
"login","NZEXfRD"
"logis","NZFYZRG"
"logista","NZGhMvW"
"logístico, ca","NZJWMiV"
"logo","NZJZ6hV"
"logogrifo","NZU7DoO"
"logomaquia","NZUvfzq"
"logopeda","NZWOXrR"
"logopedia","NZXN5lv"
"logadero","NYte3Fj"
"loganiáceo, a","NYuAV4g"
"logar","NYyq065"
"logar","NZ0hs9S"
"logarítmico, ca","NZ3gsS9"
"logaritmo","NZ6jjsO"
"logia","NZ96hqx"
"logical","NZBZUAr"
"logicismo","NZEUUYe"
"login","NZEXfRD"
"logis","NZFYZRG"
"logista","NZGhMvW"
"logístico, ca","NZJWMiV"
"logo","NZJZ6hV"
"logogrifo","NZU7DoO"
"logomaquia","NZUvfzq"
"logopeda","NZWOXrR"
"logopedia","NZXN5lv"
"logorrea","NZZJZnZ"
"logorreico, ca","NZaapAx"
"logos","NZacSLe"
"logotipo","NZg7mG3"
"lograble","NZixhqD"
"logrado, da","NZjAJ9C"
"lograr","NZjcj2x"
"logrear","NZjsZgc"
"logrería","NZlmssM"
"logrero, ra","NZqbRt0"
"logro","NZw9HFH"
"logroñés, sa","NZw9j0G"
"loguearse","NZwRpLO"
"loguer","NZwlviW"
"loguero","NZy4kAX"
"loica","NZyerhp"
"loina","Na1Rpym"
"loíno, na","Na1dIQ4"
"loísmo","Na2QVer"
"loísta","Na2WKrp"
"Loja","Na31RmH"
"lojano, na","Na3ge31"
"lojeño, ña","Na4RISb"
"lolaje","Na4d1nO"
"lolear","Na4qm5E"
"loli","Na4sA3M"
"lolio","Na72k7K"
"lolita","NaABSYW"
"lolo, la","NaAr6hW"
"loma","NaB7tlf"
"lomada","NaDWkXL"
"lomaje","NaENWZS"
"lomba","NaGCBb1"
"lombardada","NaGvkIx"
"lombardear","NaHVMm8"
"lombardería","NaM1Rrd"
"lombardero","NaMid5j"
"Lombardía","NaNMudC"
"lombárdico, ca","NaOi1vE"
"lombardo, da","NaPJ6Bc"
"lombo","NaQfFRa"
"lombriciento, ta","NaR4tkN"
"lombricultor, ra","NaRIjUT"
"lombricultura","NaRQWAS"
"lombriguera","NaSJn8c"
"lona","Nap14jY"
"loncha","NarIkjF"
"lonche","NatdaZX"
"lonchera","Natoeug"
"lonchería","Naw5Ufb"
"lonco","NayFpnv"
"londinense","Nb1Ei77"
"londrina","Nb2AVj6"
"loneta","Nb2fqyf"
"longadura","Nb7mwl6"
"longanimidad","Nb8ltOf"
"longánimo, ma","NbA20xu"
"longaniza","NbAe0CF"
"longar","NbE9XfT"
"longevidad","NbGMRi5"
"longevo, va","NbHsSuL"
"longilíneo, a","NbJgsju"
"look","Nbrvvtp"
"looping","NbrvwtY"
"loor","Nbsv0tA"
"lopesco, ca","Nbur1qZ"
"lopigia","NbySrjQ"
"lopista","NbzY4wF"
"loquear","Nc11BX2"
"loquería","Nc57cOK"
"loquerío","Nc5ULm4"
"loquero, ra","Nc8q6oQ"
"loquesco, ca","NcAmBzs"
"loquetera","NcAyOGC"
"loquinario, ria","NcB0n2i"
"loquios","NcBcR7m"
"lora","NcFtTeV"
"lorantáceo, a","NcFz4sL"
"lorcha","NcGLuo5"
"lorcha","NcHQSTh"
"lord","NcHQvjE"
"lordosis","NcHsed5"
"lorear","NcIOMLk"
"lorenés, sa","NcJe9BX"
"lorenzana","NcSP1D9"
"lorero","NcUI3Tf"
"loretano, na","NcVCzpf"
"loriga","NcWFgxq"
"lorigado, da","NcXtFDG"
"lorigón","NcYLO3k"
"loriguero, ra","NcYQaMx"
"loriguillo","NcdzTgF"
"loro","Ncixjba"
"losa","NcorOtF"
"losado","Ncpsqv1"
"losange","NcqwEDy"
"losar","Ncr8wjg"
"loseta","NcrbFMK"
"losilla","NctvCRJ"
"losino, na","NcuGK4W"
"lota","NcvQRUv"
"lote","NcwWadb"
"loteamiento","NcxFvMt"
"lotear","NczbBYn"
"loteo","NczjGuG"
"lotería","Nd1MA4A"
"lotero, ra","Nd472L4"
"lotificación","Nd4UdYv"
"lotificadora","Nd53dmA"
"lotificar","Nd5IeBj"
"lotiforme","Nd7u2iG"
"lotín","NdAfL7M"
"lotización","NdDKDqU"
"lotizar","NdEtcoJ"
"loto","NdIZAwS"
"lotófago, ga","NdJ9OAD"
"lovaniense","NdJcNzO"
"loxodromía","NdKVGn4"
"loxodrómico, ca","NdNBZY7"
"loza","NdNdfi5"
"lozanamente","NdONoMt"
"lozanear","NdOU03S"
"lozanecer","NdP8vaA"
"lozanía","NdPhP2O"
"lozano, na","NdQDeDq"
"lóbrego, ga","NXW1x5B"
"lóbrigo, ga","NXZKD04"
"lóbulo","NXbEzb9"
"lógicamente","NZD4gmG"
"lógico, ca","NZEWqRA"
"lóndiga","Nb0WceH"
"López","Nbxn2nt"
"LP","NdSmI8k"
"LSD","NdTwE3T"
"lubigante","NdYtQHE"
"lubina","NdZz1iT"
"lubolo, la","NdctyrY"
"lubricación","NdemG9E"
"lubricador, ra","NdfqMne"
"lubricán","NdgSRE7"
"lubricante","Ndharsa"
"lubricar","NdidwDN"
"lubricativo, va","Ndl3Yah"
"lubricidad","NdmMhPc"
"lubrificación","NduhTsc"
"lubrificante","Ndwf8c6"
"lubrificar","NdyVO20"
"luca","NdzzpBX"
"lucaneño, ña","Ne01Lys"
"lucano, na","Ne4NLln"
"lúa","NdW7ojY"
"lúbricamente","Ndg5kkh"
"lúbrico, ca","Ndo38w5"
"lúcidamente","NeivSit"
"lúcido, da","NesqySA"
"lúcuma","Nffzapr"
"lúcumo","NfgFAU6"
"lúdico, ca","Nfl8j1I"
"lúdicro, cra","NfqWcJl"
"lúes","NgFMYXF"
"lúgubre","NgSiqcb"
"lúgubremente","NgTIhlH"
"lúnula","NibXHUi"
"lúpulo","Niqcr0b"
"lústrico, ca","NjXGPBB"
"lycra","NkH4B77"
"aconsejado, da","0YLUbh6"
"avenido, da","4Y2fil1"
"contentadizo, za","AUk1WDj"
"dispuesto, ta","Dxold9i"
"fondo","IBiSV3w"
"humor","KpO2OpY"
"m","NkHBlbz"
"ma","NkHCNdx"
"mabí","NkIOANu"
"mable","NkK0SHz"
"mabolo","NkMHMqg"
"macá","NkTfrgr"
"maca","NkO6wJZ"
"maca","NkQI2Gh"
"maca","NkQpcHD"
"macabeo","NkVcy9n"
"macabeo","NkVgTL9"
"macabí","NkXPG8b"
"maco, ca","NoLgOLl"
"aconsejado, da","0YLUbh6"
"avenido, da","4Y2fil1"
"contentadizo, za","AUk1WDj"
"dispuesto, ta","Dxold9i"
"humor","KpO2OpY"
"ma","NkHCNdx"
"mabí","NkIOANu"
"mable","NkK0SHz"
"mabolo","NkMHMqg"
"macá","NkTfrgr"
"maca","NkO6wJZ"
"maca","NkQI2Gh"
"maca","NkQpcHD"
"macabeo","NkVcy9n"
"macabeo","NkVgTL9"
"macabí","NkXPG8b"
"macabro, bra","NkXf5hB"
"maco, ca","NoLgOLl"
"mabí","NkIOANu"
"mable","NkK0SHz"
"mabolo","NkMHMqg"
"macá","NkTfrgr"
"maca","NkO6wJZ"
"maca","NkQI2Gh"
"maca","NkQpcHD"
"macabeo","NkVcy9n"
"macabeo","NkVgTL9"
"macabí","NkXPG8b"
"macabro, bra","NkXf5hB"
"macacada","NkY4BvK"
"macachín","NkYeby4"
"macaco","NkZKMTT"
"macaco","NkdtymV"
"macacoa","NkeXq4f"
"macadamizar","Nkje8Is"
"macadán","Nkjum4U"
"macaense","NknlceD"
"macagua","Nkp5CyI"
"macagüita","Nkq7tpL"
"macal","Nkv2kW1"
"maco, ca","NoLgOLl"
"maca","NkO6wJZ"
"maca","NkQI2Gh"
"maca","NkQpcHD"
"macabeo","NkVcy9n"
"macabeo","NkVgTL9"
"macabí","NkXPG8b"
"macabro, bra","NkXf5hB"
"macacada","NkY4BvK"
"macachín","NkYeby4"
"macaco","NkZKMTT"
"macaco","NkdtymV"
"macacoa","NkeXq4f"
"macadamizar","Nkje8Is"
"macadán","Nkjum4U"
"macaense","NknlceD"
"macagua","Nkp5CyI"
"macagüita","Nkq7tpL"
"macal","Nkv2kW1"
"macal","NkvWVZe"
"maco, ca","NoLgOLl"
"macabeo","NkVcy9n"
"macabeo","NkVgTL9"
"macabí","NkXPG8b"
"macabro, bra","NkXf5hB"
"macacada","NkY4BvK"
"macachín","NkYeby4"
"macaco","NkZKMTT"
"macaco","NkdtymV"
"macacoa","NkeXq4f"
"macadamizar","Nkje8Is"
"macadán","Nkjum4U"
"macaense","NknlceD"
"macagua","Nkp5CyI"
"macagüita","Nkq7tpL"
"macal","Nkv2kW1"
"macal","NkvWVZe"
"macana","NkwHYmR"
"macana","NkwxZVC"
"macanazo","NkxeFzx"
"macanche","Nkxptic"
"macancoa","Nl0v5og"
"macandón","Nl1A5n5"
"macaneada","Nl4UWuS"
"macaneador, ra","Nl5dLdm"
"macanear","Nl8CVvE"
"macaneo","Nl8zuBD"
"macanudez","Nl9DU8t"
"macanudo, da","NlBPO8z"
"macaquear","NlCIpIi"
"macaquear","NlDcCNW"
"macar","NlFitYM"
"macarelo","NlLoPf4"
"macareno, na","NlM3x7S"
"macareo","NlT0moZ"
"macarra","NlTNjqj"
"macarro","NlWuKMm"
"macarrón","NlaNbG5"
"macarronea","Nld4B8Z"
"macarrónicamente","NldMse7"
"macarrónico, ca","NlfD87k"
"macasar","Nlfa02Z"
"macaurel","NlhfxRO"
"macazuchil","NlkIPld"
"macá","NkTfrgr"
"maceador","NlmqZ15"
"macear","Nlmz4R3"
"macedón, na","NlnsT7x"
"macedónico, ca","Nlp5kEc"
"macedonio, nia","Nls7Ll5"
"macegual","NlvBYpV"
"macelo","NlwA4u1"
"maceo","NlwhyDc"
"maceración","NlzlGtn"
"maceramiento","Nm13hza"
"macerar","Nm21lAF"
"macerina","Nm3zR6B"
"macero, ra","Nm5Xlzv"
"maceta","Nm6fCvJ"
"maceta","Nm7qZYA"
"macetazo","NmE8JjZ"
"macferlán","NmJFiUS"
"macguffin","NmJVr7Q"
"mach","NmKfUgO"
"macha","NmLF0Qr"
"machaca","NmLXK7u"
"machaca","NmMYFzV"
"machacadera","NmNiaMd"
"machacado","NmOSLc9"
"machacador, ra","NmOfa6O"
"machacadura","NmQR3Vl"
"machacante","NmRha7k"
"machacar","NmS04GH"
"machacón, na","NmSlUt8"
"machaconería","NmVLYeJ"
"machada","NmW5X5T"
"machadiano, na","NmWuqWT"
"machado","NmZNVok"
"machalero, ra","NmZk1Wf"
"machamartillo","NmZsjZ4"
"macia","No7j1hB"
"macicez","No8FAv8"
"macilento, ta","No9GvXK"
"macillo","NoAeih5"
"macis","NoCvTbC"
"macizamente","NoGU4JS"
"macizar","NoHE1xl"
"macizo, za","NoHiTRu"
"macío","NoC0FAV"
"macla","NoHraHf"
"maclado, da","NoKuZ3u"
"maco, ca","NoLgOLl"
"macoca","NoNYh8v"
"macolla","NoNvb0M"
"macollar","NoRcqJN"
"macollo","NoTku7c"
"macona","NoWyXQG"
"macondiano, na","NoXeHcW"
"macondo","NoYQ7ug"
"macopa","NoZTfRf"
"macón","NoUHxxF"
"macramé","NoZvJD6"
"macro","Nob7yMz"
"macro-","NodvLNC"
"macrobiótico, ca","NofTF9R"
"macrocefalia","NofklI3"
"macrocéfalo, la","NoiCq8F"
"macroconcierto","NojFedq"
"macrocosmos","Nolpeml"
"macrodatos","Nomr0sl"
"macroeconomía","NontQKm"
"macroeconómico, ca","NooNpLQ"
"macroencuesta","NooOd3e"
"macroestructura","NooPW2z"
"macrófago, ga","NopSr4Y"
"macrofotografía","NorWi67"
"macsura","Np4wELR"
"macuá","Np7aiAl"
"macuache","Np7kM7D"
"macuba","Np8ydZp"
"macuca","NpDA0Tn"
"macuco, ca","NpF1CY9"
"macuelizo","NpFLwRx"
"macular","NpGPp2V"
"macular","NpGh4YJ"
"maculatura","NpHv6Vs"
"maculoso, sa","NpIk72y"
"macundales","NpML4jM"
"macuquero","NpMaqOF"
"macuquino, na","NpN4GO1"
"macurca","NpNZaNR"
"macuto","NpNnSGy"
"madagaña","NpPAEAQ"
"madalena","NpPBwFI"
"madama","NpQK9j2"
"madamisela","NpQb6fn"
"madapolán","NpRyNfl"
"madefacción","NpS7qhV"
"madeira","NpSPai3"
"madeja","NpSiQkg"
"madera","NpSqhWO"
"maderable","NpTdpk9"
"maderación","NpTvfmE"
"maderada","NpXAxpY"
"maderaje","NpXFxzd"
"maderamen","NpaGkvv"
"maderamiento","NpauIny"
"maderar","NpbqYWp"
"maderería","Npc2BnV"
"maderero, ra","NpctlsU"
"maderista","NpdCcdO"
"madagaña","NpPAEAQ"
"madalena","NpPBwFI"
"madama","NpQK9j2"
"madamisela","NpQb6fn"
"madapolán","NpRyNfl"
"madefacción","NpS7qhV"
"madeira","NpSPai3"
"madeja","NpSiQkg"
"madera","NpSqhWO"
"maderable","NpTdpk9"
"maderación","NpTvfmE"
"maderada","NpXAxpY"
"maderaje","NpXFxzd"
"maderamen","NpaGkvv"
"maderamiento","NpauIny"
"maderar","NpbqYWp"
"maderería","Npc2BnV"
"maderero, ra","NpctlsU"
"maderista","NpdCcdO"
"madero","Npeh0sx"
"madianita","NphTeZu"
"madona","NpivM1S"
"mador","NpluZ5f"
"madoroso, sa","NpmwSSj"
"madrás","NppX9Yb"
"madrasa","Npqaebc"
"madrastra","NprrOog"
"madraza","NpsiOaw"
"madraza","NpwaH4g"
"madrazo","Npwpe57"
"madre","NpxaH7S"
"madreado","Nq14x0r"
"madrearse","Nq3CP4s"
"madrecacao","Nq47Tad"
"madrecilla","Nq5Vf5O"
"madreclavo","Nq5oc5q"
"madrediosino, na","Nq75RKr"
"madrejón","Nq8Jucm"
"madreña","Nq8r8Pz"
"madreperla","NqAPxlV"
"madrépora","NqBCxgi"
"madrepórico, ca","NqCWzBl"
"madrero, ra","NqGdkEO"
"madrasa","Npqaebc"
"madrastra","NprrOog"
"madraza","NpsiOaw"
"madraza","NpwaH4g"
"madrazo","Npwpe57"
"madrás","NppX9Yb"
"madre","NpxaH7S"
"madreado","Nq14x0r"
"madrearse","Nq3CP4s"
"madrecacao","Nq47Tad"
"madrecilla","Nq5Vf5O"
"madreclavo","Nq5oc5q"
"madrediosino, na","Nq75RKr"
"madrejón","Nq8Jucm"
"madreña","Nq8r8Pz"
"madreperla","NqAPxlV"
"madrepórico, ca","NqCWzBl"
"madrero, ra","NqGdkEO"
"madreselva","NqHGJyP"
"madrépora","NqBCxgi"
"Madrid","NqKY4wJ"
"madrigado, da","NqLQTWy"
"madrigal","NqMJukl"
"madrigalesco, ca","NqNwV65"
"madrigalista","NqOFemp"
"madrigalizar","NqP2BIu"
"madriguera","NqPUYxX"
"madrileñismo","NqSm5d0"
"madrileño, ña","NqTfYnY"
"madrilla","NqWrml6"
"madrillera","NqX7GcJ"
"madrina","NqYsxzy"
"madrinazgo","NqZ8KEh"
"madrinero, ra","NqbuWYN"
"madriz","NqcXVJu"
"madrona","Nqh4KLG"
"madroncillo","NqksrrS"
"madroñal","NqmemM2"
"madroñera","Nqn8iOv"
"madroñero","Nqnb9d5"
"madroño","Nqo7oxw"
"madrota","NqsYpyr"
"madrugada","Nqwq5nq"
"madrugador, ra","Nqzo2nK"
"madrugar","Nqzym82"
"madrugón, na","Nr24W8P"
"madrugonazo","Nr3mOyI"
"madruguero, ra","Nr4XQ8O"
"maduración","Nr8bI5Q"
"maduradero","NrCb69c"
"madurador, ra","NrDqDXn"
"maduramente","NrDyxX4"
"maduramiento","NrGGoSB"
"madurar","NrGK1zz"
"madurativo, va","NrHk81W"
"madurazón","NrIAwFf"
"madurez","NrIIJbt"
"maduro, ra","NrJCsyS"
"maeño, ña","NrLz0Yn"
"maese","NrPqjWJ"
"maesil","NrSQh3f"
"maesilla","NrXcKcu"
"maeso, sa","NrYPdUj"
"maestradamente","NrbMFV0"
"maestradgo","Nrc6W66"
"maestrado, da","NreoLi9"
"maestraje","NrinwIY"
"maestral","NrkaYyL"
"maestralizar","NrlEbkD"
"maestramente","NrpUcss"
"maestrante","NrqRwkc"
"maestranza","NrsLHcP"
"maestrar","NrtSQNn"
"maestrazgo","NruLZP3"
"maestre","Nrv3fgu"
"mafafa","Ns70vX4"
"mafia","Ns7URfK"
"mafioso, sa","Ns91jy9"
"mafufo, fa","NsBIesB"
"magacén","NsBYuD4"
"magacín","NsC6UpN"
"magalla","NsD1exl"
"magallánico, ca","NsEfrB4"
"magancear","NsF2TuW"
"magancería","NsFbUPm"
"magancés, sa","NsGHJTP"
"maganel","NsIYZPy"
"maganto, ta","NsK3wsQ"
"magaña","NsKNPPh"
"magaña","NsKacdy"
"magañoso, sa","NsN2wap"
"magarza","NsPfqRm"
"magarzuela","NsPmRRY"
"magdalena","NsStZKl"
"magdalena","NsTgvgx"
"magdalenense","NsXHzYs"
"maharajá","NvRqe0O"
"maharaní","NvThIQP"
"maharón, na","NvUX3tG"
"maharrana","NvVxjoQ"
"maherimiento","NvZBqhd"
"maherir","NvaZN0X"
"mahleriano, na","NvbTTwX"
"mahometano, na","NvdYj8g"
"mahomético, ca","Nve6Hje"
"mahometismo","Nvejg1h"
"mahometista","Nvfcwd7"
"mahometizar","Nvgws3W"
"mahomía","NvlB2Ow"
"mahomista","NvlIlsZ"
"mahón","NvlUqMc"
"mahona","NvpJfHe"
"maiceado, da","Nvxi0hm"
"maicear","Nvxy7UZ"
"maicena","Nw1cmzp"
"maicería","Nw4Lxez"
"maicero, ra","Nw5sW5w"
"maicillo","Nw6NDTJ"
"mailing","Nw8qV1M"
"maillot","NwGLJOu"
"maimón","NwHZ6Mh"
"maimón","NwI9Jmn"
"maimonismo","NwL0AEs"
"mainel","NwSFvbz"
"maipino, na","NwTLJIA"
"maitén","NwWZfqb"
"maitinada","NwZKCml"
"maitinante","NwbiFHu"
"maitines","NwepmnS"
"maizal","NwfhUg3"
"maiceado, da","Nvxi0hm"
"maicear","Nvxy7UZ"
"maicena","Nw1cmzp"
"maicería","Nw4Lxez"
"maicero, ra","Nw5sW5w"
"maicillo","Nw6NDTJ"
"mailing","Nw8qV1M"
"maillot","NwGLJOu"
"maimón","NwHZ6Mh"
"maimón","NwI9Jmn"
"maimonismo","NwL0AEs"
"mainel","NwSFvbz"
"maipino, na","NwTLJIA"
"maitén","NwWZfqb"
"maitinada","NwZKCml"
"maitinante","NwbiFHu"
"maitines","NwepmnS"
"maizal","NwfhUg3"
"maído","Nw8nHG2"
"maílla","Nw9tdzh"
"maíllo","NwFb0sB"
"maíz","Nwf5gAG"
"maja","NwgYrPz"
"majá","NwnmKih"
"majada","NwpP4UE"
"majadal","Nwpud15"
"majadear","NwsFdZC"
"majaderear","NwsNlzj"
"majadería","Nww9ABb"
"majaderico","NwyFQGG"
"majaderillo","NwyL4yL"
"majaderito","NwyRD16"
"majadero, ra","NwzBDj9"
"majado","NwzMquA"
"majador, ra","Nx0rSFZ"
"majadura","Nx1AedA"
"majagranzas","Nx637vX"
"majagua","Nx6REoh"
"majagual","Nx8H3uB"
"majagüero","Nx8KDX1"
"majo, ja","Nxznzus"
"maja","NwgYrPz"
"majada","NwpP4UE"
"majadal","Nwpud15"
"majadear","NwsFdZC"
"majaderear","NwsNlzj"
"majadería","Nww9ABb"
"majaderico","NwyFQGG"
"majaderillo","NwyL4yL"
"majaderito","NwyRD16"
"majadero, ra","NwzBDj9"
"majado","NwzMquA"
"majador, ra","Nx0rSFZ"
"majadura","Nx1AedA"
"majagranzas","Nx637vX"
"majagua","Nx6REoh"
"majagual","Nx8H3uB"
"majagüero","Nx8KDX1"
"majal","Nx9DScB"
"majo, ja","Nxznzus"
"majada","NwpP4UE"
"majadal","Nwpud15"
"majadear","NwsFdZC"
"majaderear","NwsNlzj"
"majadería","Nww9ABb"
"majaderico","NwyFQGG"
"majaderillo","NwyL4yL"
"majaderito","NwyRD16"
"majadero, ra","NwzBDj9"
"majado","NwzMquA"
"majador, ra","Nx0rSFZ"
"majadura","Nx1AedA"
"majagranzas","Nx637vX"
"majagua","Nx6REoh"
"majagual","Nx8H3uB"
"majagüero","Nx8KDX1"
"majal","Nx9DScB"
"majamama","NxBQswd"
"majamiento","NxEkgwM"
"majano","NxFxXC7"
"majar","NxIWi8V"
"majara","NxJVnjC"
"majareta","NxMDz8x"
"majarete","NxQ8yjj"
"majasear","NxRc0m9"
"majá","NwnmKih"
"maje","NxRqqjf"
"majear","NxVCRVh"
"majencia","NxavA0P"
"majería","NxbGe3x"
"majestad","NxfOxFG"
"majestoso, sa","Nxhh9Sv"
"majestuosamente","Nxn9LNU"
"majestuosidad","NxpVrut"
"majestuoso, sa","NxrjgZi"
"majeza","Nxs8XMJ"
"majiadero","NxsB80D"
"majo, ja","Nxznzus"
"majolar","Ny2Yqa7"
"majolar","Ny2c7VV"
"majoleta","Ny3x01E"
"majoleto","Ny5368S"
"majorana","Ny5HbZg"
"majorca","Ny5WrHh"
"majorero, ra","Ny5y1Pr"
"majorette","Ny6Bdwb"
"majuela","Ny6VnSp"
"majuela","Ny7Qve8"
"majuelo","Ny8BRgd"
"majuelo","Ny9SwZn"
"majunche","NyAwcBr"
"majzén","NyCrwE8"
"aconsejado, da","0YLUbh6"
"avenido, da","4Y2fil1"
"contentadizo, za","AUk1WDj"
"dispuesto, ta","Dxold9i"
"humor","KpO2OpY"
"mal","NyEUGaa"
"mal","NyEeGCh"
"mala","NyEtHxR"
"mala","NyF2sfs"
"malabar","NyGvysg"
"malabárico, ca","NyHZVTL"
"malabarismo","NyJ2r0D"
"malabarista","NyKF0cG"
"malabsorción","NyKQmdH"
"malacara","NyNCHW3"
"malacate","NyNCbAj"
"malacatoso, sa","NyNl0zA"
"malo, la","O3b9Md7"
"aconsejado, da","0YLUbh6"
"avenido, da","4Y2fil1"
"mala","NyEtHxR"
"mala","NyF2sfs"
"malabar","NyGvysg"
"malabárico, ca","NyHZVTL"
"malabarismo","NyJ2r0D"
"malabarista","NyKF0cG"
"malabsorción","NyKQmdH"
"malacara","NyNCHW3"
"malacate","NyNCbAj"
"malacatoso, sa","NyNl0zA"
"malacia","NyOGSTz"
"malacitano, na","NyORvG8"
"malacología","NyRCdii"
"malacológico, ca","NyVKVFo"
"malo, la","O3b9Md7"
"malárico, ca","NzIDhTr"
"malbaratador, ra","Nzk4eTt"
"malbaratar","NzmSZM6"
"malbaratillo","Nzofewd"
"malbarato","NzuZ7s5"
"contentadizo, za","AUk1WDj"
"malcarado, da","NzulbVp"
"malcasado, da","NzwkFU9"
"malcasar","NzxKRPL"
"malcaso","NzxcPZM"
"malcocinado","Nzzf18c"
"malcomer","O00Xs06"
"malcomido, da","O02U0jI"
"malconsiderado, da","O02vYR6"
"malcontento, ta","O06hIAC"
"malcoraje","O09aBbq"
"malcorte","O0AZerG"
"malcreer","O0AiFi3"
"malcriadez","O0BH1KU"
"dispuesto, ta","Dxold9i"
"maldad","O0MTMfT"
"maldadosamente","O0Mlsex"
"maldadoso, sa","O0OhYOj"
"maldecido, da","O0Q9AWn"
"maldecidor, ra","O0Qb21s"
"maldecimiento","O0Wae9y"
"maldecir","O0XKKDz"
"maldiciente","O0aoDty"
"maldicientemente","O0axQvM"
"maldición","O0c8MCh"
"malditamente","O0gVJLJ"
"malditismo","O0iQutN"
"maldito, ta","O0ix6WQ"
"maldivo, va","O0jrvnF"
"maleabilidad","O0mXe81"
"maleable","O0nR6hr"
"maleador, ra","O0oih2K"
"maleante","O0qRg30"
"malear","O0qUg8E"
"malecón","O0r8WQT"
"maledicencia","O0u967A"
"maledicente","O0uaQvg"
"maleducado, da","O0wIrc6"
"maleducar","O10BKA4"
"maleficencia","O11kDz6"
"maleficiar","O13o0RU"
"maleficio","O18CAB0"
"malencarado, da","O19CPI2"
"malencolía","O1BJfUF"
"malencólico, ca","O1BztG1"
"maléfico, ca","O18JXs6"
"maléolo","O1Mpma2"
"malévolo, la","O1kTcBg"
"malfacer","O1uxzDz"
"malfadado, da","O1v1blZ"
"malfamado, da","O1w3MaT"
"malfecho","O1xP7LM"
"malfechor","O213IZM"
"malfetría","O23MX2F"
"malformación","O24Ogpt"
"malgache","O25E3AC"
"malgastador, ra","O26OuUZ"
"malgastar","O29Opzl"
"malgasto","O2DQTBP"
"malgeniado, da","O2E49qH"
"malgenioso, sa","O2GqeaX"
"humor","KpO2OpY"
"malhablado, da","O2HX810"
"malhadado, da","O2Jhl8o"
"malhecho, cha","O2Ke37b"
"malhechor, ra","O2Kuilx"
"malherbología","O2KvkXu"
"malherir","O2LQmDr"
"malhojo","O2MbJyv"
"malhora","O2OZIhP"
"malhumorado, da","O2SqIH0"
"malhumorar","O2VjlZE"
"malicia","O2ZWiZ2"
"maliciable","O2ZwzcB"
"maliciador, ra","O2aIROl"
"maliciar","O2aja64"
"maliciosamente","O2e7sKX"
"malicioso, sa","O2hMA8K"
"maliense","O2kvb9C"
"malignamente","O2mBsD2"
"malignar","O2o4a4z"
"malignidad","O2o7d2M"
"malignizarse","O2qsnp6"
"maligno, na","O2rdGtz"
"malilla","O2uQEQ3"
"malina","O2uSn4Z"
"malinche","O2wU49B"
"malinchismo","O2xoyyk"
"malinchista","O2z8Y8F"
"malino, na","O31pyVx"
"malicia","O2ZWiZ2"
"maliciable","O2ZwzcB"
"maliciador, ra","O2aIROl"
"maliciar","O2aja64"
"maliciosamente","O2e7sKX"
"malicioso, sa","O2hMA8K"
"maliense","O2kvb9C"
"malignamente","O2mBsD2"
"malignar","O2o4a4z"
"malignidad","O2o7d2M"
"malignizarse","O2qsnp6"
"maligno, na","O2rdGtz"
"malilla","O2uQEQ3"
"malina","O2uSn4Z"
"malinche","O2wU49B"
"malinchismo","O2xoyyk"
"malinchista","O2z8Y8F"
"malinformar","O2zCTCX"
"malingrar","O308pxc"
"malino, na","O31pyVx"
"malintencionado, da","O32S9WE"
"malinterpretación","O32rI4v"
"malinterpretar","O333bbS"
"malí","O2XDby7"
"malla","O33fOGY"
"malladar","O37Wwyj"
"mallar","O3AOIfd"
"mallar","O3C5hfY"
"mallequino, na","O3DRr0L"
"mallero, ra","O3Ed4Dv"
"mallete","O3Eh8o8"
"malleto","O3Elw5D"
"mallín","O3F1xZe"
"mallo","O3GQbVE"
"mallorca","O3Gzdzf"
"mallorquín, na","O3HED1S"
"mallugar","O3JXZSg"
"malmandado, da","O3L10t9"
"malmaridada","O3NHM9u"
"malmarriento, ta","O3NIqOf"
"malmatada","O3PDqwL"
"malmatado, da","O3RJP1Y"
"malmatar","O3RMaX3"
"malmatón","O3TP8W2"
"malmeter","O3UwRC1"
"malmirado, da","O3WEoTU"
"malmodear","O3XbGp1"
"malmodiento, ta","O3XgZ4r"
"malnacido, da","O3Xiug4"
"malnutrición","O3YCvof"
"malnutrido, da","O3YNg1v"
"malo, la","O3b9Md7"
"maloca","O3bDDyr"
"malogramiento","O3cd5Ml"
"malograr","O3d8nXo"
"malogro","O3dz6XQ"
"maloja","O3hPkRD"
"malojal","O3hSn9R"
"malojero, ra","O3iPUJN"
"malojo","O3iQg6c"
"maloliente","O3iZvOs"
"maloquear","O3sCLHO"
"maloso, sa","O3sqono"
"malón","O3jcfXi"
"malpaís","O3tLjzY"
"malparado, da","O3weiAW"
"malparanza","O3ysnzw"
"malparar","O41INNQ"
"malparida","O42uiyu"
"malparir","O435fLR"
"malparto","O46bUL9"
"malpensado, da","O49SFGV"
"malpigiáceo, a","O4AMcqH"
"malqueda","O4Ahbox"
"malquerencia","O4BH0Dl"
"malquerer","O4CgIlW"
"malqueriente","O4FGsvf"
"malquistar","O4HCDZc"
"malquisto, ta","O4IrNyJ"
"malrotador, ra","O4Jtaf4"
"malrotar","O4KLFhV"
"malsano, na","O4OcawT"
"malsín","O4PRaRu"
"malsinar","O4Pejgf"
"malsindad","O4QSZTE"
"malsinería","O4QWaB9"
"malsonancia","O4R0stM"
"malsonante","O4TR6tP"
"malsonar","O4UgltZ"
"malsufrido, da","O4Wgmj7"
"malta","O4WlKfC"
"Malta","O4XHJk2"
"malteado, da","O4XLkS2"
"maltear","O4YpvYF"
"maltés, sa","O4ZH6po"
"maltón, na","O4c0BR5"
"maltosa","O4dfwbO"
"maltrabaja","O4erEWp"
"maltraedor, ra","O4ih9yl"
"maltraer","O4m1NdK"
"maltraído, da","O4nH7Tx"
"maltrapillo","O4nuHvG"
"maltratador, ra","O4pJspf"
"maltratamiento","O4rD3hP"
"maltratar","O4sdJrw"
"malucho, cha","O5203GI"
"maluco","O52c9NY"
"maluco","O532Dhj"
"maluenda","O53fQzN"
"malulo, la","O55MgMG"
"maluquencia","O55idxn"
"maluqueza","O56C7Y5"
"malva","O57dWGU"
"malváceo, a","O58PZCr"
"malvadamente","O59K1zm"
"malvado, da","O59hebW"
"malvar","O59oMvR"
"malvar","O5Ab9br"
"malvarrosa","O5CxDGs"
"malvasía","O5EnX9B"
"malvavisco","O5FVqNw"
"malvender","O5GIpwk"
"malversación","O5GWwa4"
"malversador, ra","O5GvH76"
"malversar","O5HM6wk"
"malvezar","O5Hc3MS"
"malviento","O5HjgFp"
"malvinense","O5IXFSx"
"malvinero, ra","O5J4rNx"
"mam","O5V76vC"
"mama","O5Y1IVP"
"mamá","O5a03Rk"
"mamacallos","O5d4aAu"
"mamacona","O5d908K"
"mamada","O5eDjMz"
"mamadera","O5eFGeQ"
"mamado, da","O5en5PZ"
"mamador, ra","O5gxfxA"
"mamalón, na","O5h81xu"
"mamancona","O5hagTa"
"mamandurria","O5jux5T"
"mamante","O5kQNJp"
"mamantón, na","O5kUVna"
"mamar","O5ljcaM"
"mamario, ria","O5pgzs0"
"man","O78WwZ0"
"maná","O7GsYpi"
"mana","O7Drl1R"
"mana","O7FFheU"
"manaba","O7ImBMb"
"manabita","O7LTrzl"
"manacorense","O7Lfuul"
"manacorí","O7Lowsl"
"manada","O7Myypl"
"manadero","O7SC3Rb"
"manadero","O7Tr7Ms"
"managua","O7Vnwfd"
"managuá","O7YC3OY"
"managüense","O7Yw1ya"
"manal","O7ZEFiT"
"manantial","O7aXamT"
"manantío, a","O7amfBf"
"manar","O7aq38x"
"manare","O7cjh8I"
"mano","OFAJXYy"
"mana","O7Drl1R"
"mana","O7FFheU"
"manaba","O7ImBMb"
"manabita","O7LTrzl"
"manacorense","O7Lfuul"
"manacorí","O7Lowsl"
"manada","O7Myypl"
"manadero","O7SC3Rb"
"manadero","O7Tr7Ms"
"managua","O7Vnwfd"
"managuá","O7YC3OY"
"managüense","O7Yw1ya"
"manal","O7ZEFiT"
"manantial","O7aXamT"
"manantío, a","O7amfBf"
"manar","O7aq38x"
"manare","O7cjh8I"
"manatí","O7gWRNG"
"manatieño, ña","O7oKIWO"
"mano","OFAJXYy"
"manaba","O7ImBMb"
"manabita","O7LTrzl"
"manacorense","O7Lfuul"
"manacorí","O7Lowsl"
"manada","O7Myypl"
"manadero","O7SC3Rb"
"manadero","O7Tr7Ms"
"managua","O7Vnwfd"
"managuá","O7YC3OY"
"managüense","O7Yw1ya"
"manal","O7ZEFiT"
"manantial","O7aXamT"
"manantío, a","O7amfBf"
"manar","O7aq38x"
"manare","O7cjh8I"
"manatí","O7gWRNG"
"manatieño, ña","O7oKIWO"
"manato","O7uLZSA"
"manazas","O7zMks9"
"manazo","O84ytgH"
"maná","O7GsYpi"
"mancamiento","O863BbP"
"mancar","O86bkmz"
"mancarrón, na","O86eYsM"
"mancebez","O89LuJg"
"mancebía","O8Cnwt4"
"mancebo, ba","O8D4nM1"
"mancelloso, sa","O8F9FmE"
"mancera","O8Mn1JQ"
"mancerina","O8QdF5v"
"mancha","O8RSNKK"
"Mancha","O8Rku9A"
"mancha","O8TCcZU"
"manchabrava","O8TNy0X"
"manchadizo, za","O8Tq9QY"
"manchado, da","O8VH2CL"
"manchador","O8WuWUE"
"manchamanteles","O8Y3YhC"
"manda","O9AQVSy"
"mandación","O9CxFEn"
"mandadería","O9FN4su"
"mandadero, ra","O9GoWJt"
"mandado, da","O9JMnp7"
"mandador, ra","O9JieIL"
"mandala","O9Pcbki"
"mandamás","O9QGRPd"
"mandamiento","O9QzFPp"
"mandanga","O9SXhBK"
"mandante","O9UCmgZ"
"mandar","O9XNjAe"
"mandarín","O9XyWUJ"
"mandarín","O9ZP56X"
"mandarinismo","O9fX5eO"
"mandarino","O9hENhm"
"mandarria","O9kNsmL"
"manea","OAsJMnA"
"maneadero","OAuygmp"
"manear","OAvinF3"
"manecilla","OAwtMhd"
"manejabilidad","OAww9oz"
"manejable","OAxX37u"
"manejado, da","OAy79Of"
"manejar","OB053xL"
"manejo","OB2xQhT"
"maneota","OB41Gcd"
"manera","OB5pmz0"
"manero, ra","OB86Tgh"
"manes","OBD11dC"
"manés, sa","OBIl3mH"
"maneto, ta","OBIpq8F"
"manezuela","OBJ84FC"
"manés, sa","OBIl3mH"
"manferidor","OBKZdZd"
"manferir","OBLt6mu"
"manfla","OBNrtCx"
"manflorita","OBOVs8a"
"manflota","OBRWpsW"
"manga","OBSM3PH"
"manga","OBSjmj4"
"manga","OBTib4V"
"mangada","OBWG9SP"
"mangado, da","OBY4rH8"
"mangajarro","OBYgiS1"
"mangajo","OBavJv0"
"mangajón, na","OBcAbjm"
"mangal","OBcuiw2"
"mangana","OBdN7PZ"
"mangancia","OBdXT3M"
"manganear","OBdgpYG"
"manganeo","OBdn2Vp"
"manganesa","OBehFek"
"manganesia","OBfdJUI"
"manganeso","OBfpk3d"
"manganeta","OBhWsFM"
"mangangá","OBmGFRX"
"manganilla","OBnQDAy"
"manganiya","OBqIsbX"
"manga","OBSM3PH"
"manga","OBSjmj4"
"manga","OBTib4V"
"mangada","OBWG9SP"
"mangado, da","OBY4rH8"
"mangajarro","OBYgiS1"
"mangajo","OBavJv0"
"mangajón, na","OBcAbjm"
"mangal","OBcuiw2"
"mangana","OBdN7PZ"
"mangancia","OBdXT3M"
"manganear","OBdgpYG"
"manganeo","OBdn2Vp"
"manganesa","OBehFek"
"manganesia","OBfdJUI"
"manganeso","OBfpk3d"
"manganeta","OBhWsFM"
"mangangá","OBmGFRX"
"manganilla","OBnQDAy"
"manganiya","OBqIsbX"
"mangada","OBWG9SP"
"mangado, da","OBY4rH8"
"mangajarro","OBYgiS1"
"mangajo","OBavJv0"
"mangajón, na","OBcAbjm"
"mangal","OBcuiw2"
"mangana","OBdN7PZ"
"mangancia","OBdXT3M"
"manganear","OBdgpYG"
"manganeo","OBdn2Vp"
"manganesa","OBehFek"
"manganesia","OBfdJUI"
"manganeso","OBfpk3d"
"manganeta","OBhWsFM"
"mangangá","OBmGFRX"
"manganilla","OBnQDAy"
"manganiya","OBqIsbX"
"mangante","OBroAwT"
"manganzón, na","OBrtEs4"
"mangar","OBwHyuX"
"mangar","OC1auaX"
"mangar","OC3RIKM"
"mangarrán, na","OC3SU3X"
"mangazo","OC4Kaqc"
"mangazo","OC5RIeb"
"mangla","OC6n1XT"
"manglar","OC7p4f3"
"mangle","OC86d6s"
"manglero, ra","OC8YyUj"
"mango","OC8wUDT"
"mango","OCAQCRN"
"mango","OCAwEGj"
"mangonada","OCEyMZD"
"mangoneador, ra","OCFfRyo"
"mangonear","OCGSzN2"
"mangoneo","OCIN3L7"
"mangonero, ra","OCIm08B"
"mangorrero, ra","OCJGvrc"
"mangorrillo","OCKGbFg"
"mangosta","OCKhdh6"
"mangostán","OCMXlh2"
"mangostín","OCOdGwb"
"mangote","OCOnHJC"
"mangón","OCBsLsI"
"mangrullo","OCP33Mg"
"mangual","OCQTiXs"
"manguala","OCQefKq"
"manguardia","OCRsSfx"
"manguarear","OCVbYL3"
"mangue","OCVgf6o"
"manguear","OCWIcb7"
"manguear","OCZ2gbO"
"manguerazo","OCbWFj4"
"manguereada","OCbzBab"
"manguerear","OCd865J"
"manguero, ra","OChvCSB"
"mangueta","OCiRBFZ"
"manguilla","OCkK79y"
"manguillero","OCkguSJ"
"manguita","OCkxowW"
"manguitería","OCnbOeI"
"manguitero","OCpNE9U"
"manguito","OCqJexO"
"manguruyú","OCuxnpE"
"manguzada","OCvuyZH"
"mangual","OCQTiXs"
"manguala","OCQefKq"
"manguardia","OCRsSfx"
"manguarear","OCVbYL3"
"mangue","OCVgf6o"
"manguear","OCWIcb7"
"manguear","OCZ2gbO"
"manguerazo","OCbWFj4"
"manguereada","OCbzBab"
"manguerear","OCd865J"
"manguero, ra","OChvCSB"
"mangueta","OCiRBFZ"
"manguilla","OCkK79y"
"manguillero","OCkguSJ"
"manguita","OCkxowW"
"manguitería","OCnbOeI"
"manguitero","OCpNE9U"
"manguito","OCqJexO"
"manguruyú","OCuxnpE"
"manguzada","OCvuyZH"
"mangú","OCPCNRm"
"mangüeña","OCZOuYX"
"maniabierto, ta","OD429tn"
"maníaco, ca","ODA6es9"
"maníaco-depresivo, va","ODAmVVR"
"manialbo, ba","ODCZolu"
"maniatar","ODFXRgf"
"maniático, ca","ODG9I7R"
"maniblaj","ODHeswC"
"maniblanco, ca","ODI06rg"
"manicero, ra","ODJIeqh"
"manicomio","ODJb5UD"
"manicordio","ODJmF8f"
"manicorto, ta","ODLLQVf"
"maní","OCySb2q"
"manía","OD12Tcb"
"maníaco, ca","ODA6es9"
"maníaco-depresivo, va","ODAmVVR"
"manípulo","OEPY1pn"
"manjar","OErwq5c"
"manjarete","OEvwPGr"
"manjelín","OEwJGyk"
"manjolar","OEwn2mi"
"manjorrada","OExLZxw"
"manjúa","OF3Grk7"
"manjuarí","OF3ihxP"
"manlevar","OF4xGit"
"manlieva","OF5ahPq"
"mano","OF9CzGo"
"mano","OFAJXYy"
"manobre","OFDRrqx"
"manobrero","OFG2lom"
"manojear","OFGQ6HK"
"manojera","OFGwWra"
"manojo","OFHDBdA"
"manoletina","OFK07Ql"
"manolo, la","OFKDI0J"
"manometría","OFL0IDL"
"manométrico, ca","OFMtHXN"
"manopla","OFQBSnL"
"manorreductor","OFQTGLO"
"manosanta","OFREohF"
"manoseada","OFT1R3C"
"manoseador, ra","OFTADmE"
"manosear","OFVeCWf"
"manoseo","OFY5y9W"
"manobre","OFDRrqx"
"manobrero","OFG2lom"
"manojear","OFGQ6HK"
"manojera","OFGwWra"
"manojo","OFHDBdA"
"manoletina","OFK07Ql"
"manolo, la","OFKDI0J"
"manometría","OFL0IDL"
"manométrico, ca","OFMtHXN"
"manopla","OFQBSnL"
"manorreductor","OFQTGLO"
"manosanta","OFREohF"
"manoseada","OFT1R3C"
"manoseador, ra","OFTADmE"
"manosear","OFVeCWf"
"manoseo","OFY5y9W"
"manotada","OFcFe7L"
"manotazo","OFdYrWT"
"manoteado","OFdoXml"
"manotear","OFdq3HN"
"manoteo","OFijpLc"
"manotón","OFmMl3x"
"manómetro","OFPQcL5"
"manquear","OFngono"
"manquedad","OFockPs"
"manquera","OFomE7X"
"manresano, na","OFrBHzd"
"manriqueño, ña","OFrqAeE"
"mansalva","OFx8dxD"
"mansamente","OFyfE78"
"mansarda","OG2JMhY"
"mansear","OG2KcgP"
"mansedad","OG2QYqi"
"mansedumbre","OG2Vkg3"
"mansejón, na","OG3zlnl"
"manseque","OG5n2jg"
"mansera","OG6Ia88"
"mansesor","OG6jFIU"
"manseza","OG7QXiG"
"mansión","OG7ZmCf"
"mansionario","OG7mNIq"
"manso","OG8VjE5"
"manso","OGC8HCQ"
"mansuefacto, ta","OGCwVfy"
"mansueto, ta","OGEJdNu"
"manta","OGLG0tA"
"mantarraya","OGNJ0r4"
"mantaterilla","OGPMOp7"
"mantazo","OGVWSdM"
"manteado","OGViWll"
"manteador, ra","OGa5DCU"
"manteamiento","OGaoovq"
"mantear","OGbLbD8"
"mantearse","OGdeYbc"
"manteca","OGdz85i"
"mantecado, da","OGf94Nk"
"mantecón","OGhoEdI"
"mantecoso, sa","OGhxZC4"
"manteísta","OGkQpyW"
"mantel","OGlyTNl"
"mantelado","OGpF12a"
"mantelería","OGqkxjy"
"manuable","OHu7ZD4"
"manual","OHuzGA3"
"manualidad","OHvqRGi"
"manualmente","OHvvWP5"
"manubrio","OHwIe1k"
"manucodiata","OHydcv7"
"manudo, da","OHzzVRK"
"manuela","OI07rOn"
"manuelino, na","OI742nF"
"manuella","OIA59Cm"
"manufactura","OIBold6"
"manufacturación","OICLlTm"
"manufacturar","OIEI96A"
"manufacturero, ra","OIF8VRZ"
"manu militari","OIIaSNj"
"manumisión","OIIdeD1"
"manumiso, sa","OIIiWjw"
"manús","OIPCYMb"
"manvacío, a","OIqmTzI"
"manyaoreja","OIsADFG"
"manzana","OItjStD"
"manzanal","OIu4Oxm"
"manzanar","OIuLNdU"
"manzanero, ra","OIzFiXo"
"manzaneta","OJ4fCAY"
"manzanil","OJ5lO6h"
"manzanilla","OJ7ZW52"
"manzanillero, ra","OJ9u223"
"manzanillo","OJAPxA2"
"manzanita","OJASjx8"
"manzano","OJBBuUG"
"maña","OJCD3oA"
"mañana","OJHi0DU"
"mañanear","OJIeoyD"
"mañanero, ra","OJM66AI"
"mañanica","OJMQKSW"
"mañanita","OJPxhZ4"
"mañear","OJRY6mW"
"mañerear","OJSmH9z"
"mañería","OJSs4XW"
"mañería","OJXr4pq"
"mañero","OJYvkrC"
"mañero","OJaZkeL"
"mañío","OJbCU1A"
"maño","OJbQAnv"
"maño","OJbXx4j"
"mañoco","OJcBVZP"
"mañosamente","OJcWo0I"
"mañosear","OJf1jTh"
"mañoso, sa","OJiUfHI"
"mañuela","OJktF7K"
"maña","OJCD3oA"
"mañana","OJHi0DU"
"mañanear","OJIeoyD"
"mañanero, ra","OJM66AI"
"mañanica","OJMQKSW"
"mañanita","OJPxhZ4"
"maño","OJbQAnv"
"maño","OJbXx4j"
"mañear","OJRY6mW"
"mañerear","OJSmH9z"
"mañería","OJSs4XW"
"mañería","OJXr4pq"
"mañero","OJYvkrC"
"mañero","OJaZkeL"
"mañío","OJbCU1A"
"maño","OJbQAnv"
"maño","OJbXx4j"
"mañoco","OJcBVZP"
"mañosamente","OJcWo0I"
"mañosear","OJf1jTh"
"mañoso, sa","OJiUfHI"
"mañuela","OJktF7K"
"mañuelas","OJl65Jn"
"maoísmo","OJlpfgK"
"maoísta","OJmmIiD"
"maoma","OJoa0p2"
"maorí","OJohtgM"
"mapa","OJpDHMj"
"mapache","OJqI1Yv"
"mapachín","OJr6fZz"
"mapamundi","OJuDBh7"
"mapanare","OJui6J3"
"mapear","OJv1tf7"
"mapeo","OJwO7Xp"
"mapire","OK2DAKR"
"maple","OK4cOOf"
"mapo","OK5I1fG"
"mapoteca","OK6H9dc"
"mapuche","OK9wQ18"
"mapurite","OKAFs6N"
"mapuro","OKCZTRb"
"maque","OKCyuoU"
"maquear","OKKTpQU"
"maquech","OKN11SN"
"maqueta","OKOIM7g"
"maquetación","OKOMzq7"
"maquetar","OKP4ePo"
"maquetista","OKPIHdm"
"maqueto, ta","OKPMAbz"
"maqui","OKPmG69"
"maquiavélico, ca","OKQJxvD"
"maquiavelismo","OKQePjK"
"maquiavelista","OKW17oB"
"maquila","OKXcjXM"
"maquila","OKXtMA2"
"maquiladora","OKYvumz"
"maquilar","OKa2DV6"
"maquilar","OKauvZu"
"maquilero","OKdA0mm"
"maquilero","OKfEJjc"
"maquilihue","OKghWHt"
"maque","OKCyuoU"
"maquear","OKKTpQU"
"maquech","OKN11SN"
"maqueta","OKOIM7g"
"maquetación","OKOMzq7"
"maquetar","OKP4ePo"
"maquetista","OKPIHdm"
"maqueto, ta","OKPMAbz"
"maqui","OKPmG69"
"maquiavélico, ca","OKQJxvD"
"maquiavelismo","OKQePjK"
"maquiavelista","OKW17oB"
"maquila","OKXcjXM"
"maquila","OKXtMA2"
"maquiladora","OKYvumz"
"maquilar","OKa2DV6"
"maquilar","OKauvZu"
"maquilero","OKdA0mm"
"maquilero","OKfEJjc"
"maquilihue","OKghWHt"
"maque","OKCyuoU"
"maquear","OKKTpQU"
"maquech","OKN11SN"
"maqueta","OKOIM7g"
"maquetación","OKOMzq7"
"maquetar","OKP4ePo"
"maquetista","OKPIHdm"
"maqueto, ta","OKPMAbz"
"maqui","OKPmG69"
"maquiavélico, ca","OKQJxvD"
"maquiavelismo","OKQePjK"
"maquiavelista","OKW17oB"
"maquila","OKXcjXM"
"maquila","OKXtMA2"
"maquiladora","OKYvumz"
"maquilar","OKa2DV6"
"maquilar","OKauvZu"
"maquilero","OKdA0mm"
"maquilero","OKfEJjc"
"maquilihue","OKghWHt"
"maquilisguate","OKjTxHo"
"maquilishuat","OKjp3Af"
"maquillada","OKlgK6q"
"maquillador, ra","OKo7q0g"
"maquillaje","OKoL9B7"
"maquillar","OKqOU9b"
"maquillista","OKrnaJz"
"maquilón","OKtU6GG"
"maquiavélico, ca","OKQJxvD"
"maquiavelismo","OKQePjK"
"maquiavelista","OKW17oB"
"maquila","OKXcjXM"
"maquila","OKXtMA2"
"maquiladora","OKYvumz"
"maquilar","OKa2DV6"
"maquilar","OKauvZu"
"maquilero","OKdA0mm"
"maquilero","OKfEJjc"
"maquilihue","OKghWHt"
"maquilisguate","OKjTxHo"
"maquilishuat","OKjp3Af"
"maquillada","OKlgK6q"
"maquillador, ra","OKo7q0g"
"maquillaje","OKoL9B7"
"maquillar","OKqOU9b"
"maquillista","OKrnaJz"
"maquilón","OKtU6GG"
"maquinación","OKwgGXh"
"maquinador, ra","OKx4Mfn"
"maquinal","OKxAAiW"
"maquinalmente","OL1NTVo"
"maquinar","OL24Ahv"
"maquinaria","OL3YyPM"
"maquinilla","OL4Nesj"
"maquinillero","OL5hZ6v"
"maquinismo","OL7QMUN"
"maquinista","OL9gCuW"
"maquinización","OL9rr2M"
"maquinizar","OLAGjNd"
"maquiritare","OLBcNUs"
"maquis","OLBsBBl"
"maquisapa","OLCRJP8"
"mar","OLDn0QL"
"mara","OLEsltT"
"marabino, na","OLFyViN"
"marabú","OLHJGxL"
"marabú","OLKUhoD"
"marabunta","OLRKdaa"
"marabuto","OLS70KX"
"maraca","OLSOyoS"
"maracaibero, ra","OLV3SVK"
"maracaná","OLVDfgd"
"maracandacas","OLVRmCu"
"maracayá","OLW3gnL"
"maracayero, ra","OLZmNpT"
"maraco, ca","OLdESRb"
"maracucho, cha","OLhPeTC"
"maracuyá","OLhpmKa"
"maragatería","OLk1Hel"
"mas","OWE2P4C"
"masa","OWEvPFc"
"masacrar","OWGlZIU"
"masacre","OWHSjcM"
"masada","OWHYygi"
"masadero, ra","OWI6eKG"
"masageta","OWIRKJD"
"masái","OWJZHhi"
"masaje","OWKQfkK"
"masajear","OWMBmgA"
"masajista","OWMegLj"
"masamuda","OWOCPAe"
"masar","OWQvsFy"
"masatepino, na","OWSuFPN"
"mascabado, da","OWVaAtQ"
"mascada","OWWadXr"
"mascadijo","OWXdqd5"
"mascado, da","OWY3Ejf"
"masa","OWEvPFc"
"masacrar","OWGlZIU"
"masacre","OWHSjcM"
"masada","OWHYygi"
"masadero, ra","OWI6eKG"
"masageta","OWIRKJD"
"masaje","OWKQfkK"
"masajear","OWMBmgA"
"masajista","OWMegLj"
"masamuda","OWOCPAe"
"masar","OWQvsFy"
"masatepino, na","OWSuFPN"
"masái","OWJZHhi"
"mascabado, da","OWVaAtQ"
"mascada","OWWadXr"
"mascadijo","OWXdqd5"
"mascado, da","OWY3Ejf"
"mascador, ra","OWb7yN8"
"mascadura","OWd1pT0"
"mascar","OWdLHhr"
"máscara","OWe09tc"
"mascarada","OWecxiQ"
"mascarar","OWgg2GX"
"mascarero, ra","OWgrBYW"
"mascarilla","OWgyy52"
"mascarita","OWh1P71"
"mascarón","OWj6gF9"
"mascota","OWl1ptF"
"mascotín","OWm0dUG"
"mascujada","OWnF8C3"
"masear","OXJx2pa"
"maseca","OXLNctr"
"masecoral","OXMR2EP"
"masejicomar","OXMvjsJ"
"masera","OXSEEfi"
"masería","OXSGrO4"
"masetero","OXSHjdC"
"masicoral","OXi7CDX"
"masieno, na","OXl65RL"
"masificación","OXm8s1n"
"masificar","OXmXTLG"
"masiliense","OXqVmVH"
"masilio, lia","OXs8cfx"
"masilla","OXtR7N4"
"masilo, la","OXtfvYa"
"masita","OXwiIvP"
"masivo, va","OXy98kC"
"masía","OXbF7HP"
"masílico, ca","OXn0KG1"
"maslo","OXyQJMu"
"masmelo","OXzqW6V"
"masoca","OY109oE"
"masón","OY1UTla"
"masonería","OY1YRNn"
"masoquismo","OY59QJu"
"masoquista","OY6LTTn"
"masora","OY8K9rR"
"masoreta","OY8ZsDR"
"masorético, ca","OY8qe1p"
"masoterapia","OYCNIXJ"
"masovero, ra","OYD9GWW"
"masón","OY1IWK9"
"masón","OY1UTla"
"masónico, ca","OY2qWSr"
"mass media","OYDF68B"
"mastaba","OYIKqiG"
"mastate","OYJ2vJ7"
"maste","OYN4hRh"
"mastectomía","OYNhFCt"
"mastectomizar","OYNoUt7"
"masteleo","OYPmFAK"
"mastelerillo","OYPoDcG"
"mastelero, ra","OYRYqk5"
"masterado","OYVRNa5"
"masticable","OYYhfcC"
"masticación","OYZbHQw"
"masticada","OYaea93"
"masticador, ra","OYc0Jux"
"masticar","OYcG3M2"
"masticatorio, ria","OYhOdku"
"masticino, na","OYigBdd"
"masurio","OZfLKcQ"
"masvale","OZirQB5"
"mata","OZkXPOE"
"mata","OZkau02"
"mata","OZmTzi8"
"matabuey","OZn2oH2"
"mataburros","OZpYYXN"
"matacaballo","OZreKVX"
"matacabras","OZso86K"
"matacallos","OZt4Xlw"
"matacán","OZwOVdv"
"matacandelas","OZwuIII"
"matacandil","OZyKWnm"
"matacandiles","OZzaAe7"
"matachín","Oa0ANqA"
"matachín","Oa0xPFC"
"matacía","Oa293jo"
"matación","Oa2gjkS"
"mataco, ca","Oa2mXG9"
"matacuás","Oa4OaL4"
"matada","Oa6cGds"
"matado, da","Oa8qtDk"
"mata","OZkXPOE"
"mata","OZkau02"
"mata","OZmTzi8"
"matabuey","OZn2oH2"
"mataburros","OZpYYXN"
"matacaballo","OZreKVX"
"matacabras","OZso86K"
"matacallos","OZt4Xlw"
"matacán","OZwOVdv"
"matacandelas","OZwuIII"
"matacandil","OZyKWnm"
"matacandiles","OZzaAe7"
"matachín","Oa0ANqA"
"matachín","Oa0xPFC"
"matacía","Oa293jo"
"matación","Oa2gjkS"
"mataco, ca","Oa2mXG9"
"matacuás","Oa4OaL4"
"matada","Oa6cGds"
"matado, da","Oa8qtDk"
"matabuey","OZn2oH2"
"mataburros","OZpYYXN"
"matacaballo","OZreKVX"
"matacabras","OZso86K"
"matacallos","OZt4Xlw"
"matacán","OZwOVdv"
"matacandelas","OZwuIII"
"matacandil","OZyKWnm"
"matacandiles","OZzaAe7"
"matachín","Oa0ANqA"
"matachín","Oa0xPFC"
"matacía","Oa293jo"
"matación","Oa2gjkS"
"mataco, ca","Oa2mXG9"
"matacuás","Oa4OaL4"
"matada","Oa6cGds"
"matadero","Oa8UWkD"
"matado, da","Oa8qtDk"
"matador, ra","OaAxuVW"
"matadura","OaBWmpK"
"matafuego","OaC4nxq"
"matagallegos","OaC8YKM"
"matagallina","OaCpMSD"
"matagallos","OaEmkrI"
"matagalpa","OaFVm7U"
"matagalpino, na","OaHnIXI"
"mataguayo, ya","OaIaHTT"
"matahambre","OaJNf1r"
"matahúmos","OaL8uOC"
"matalahúga","OaNFpCB"
"matalahúva","OaOFMIy"
"matalobos","OaPACU3"
"matalón, na","OaQ2X4o"
"matalotaje","OaQB1wB"
"matalote","OaRlwuD"
"matalote","OaS9dcq"
"matambre","OaT0qsj"
"matamiento","OaTU49k"
"matamoros","OaUJ1b6"
"matamoscas","OaVJspJ"
"matancero","OaVVnNM"
"matancero","OaVZsNO"
"matancina","OaVuGiV"
"matancinga","OaWe0BV"
"matanza","OacptxR"
"matapalo","OafwiSP"
"matapasiones","OagrAtH"
"mataperrada","OakXbAF"
"mataperro, rra","Oakr1uH"
"mataperros","Oalyag6"
"matapiojo","OarFEPd"
"matapiojos","OatgQNF"
"matapollo","OatlgmE"
"matapolvo","Oaw99gB"
"matapulgas","OawI6nB"
"mataquintos","Oax4NHg"
"matar","OaybD1v"
"mataras","Oayl4NK"
"matarife","Ob2CLi4"
"mataronés, sa","Ob4hTzG"
"matarratas","Ob4uArX"
"matarratón","Ob82rLY"
"matarrubia","Ob8Q6CN"
"matasano","Ob8jYJv"
"matasanos","Ob9AiP7"
"matasellos","ObADJjH"
"matasiete","ObG2KOL"
"matasuegras","ObG7Jhy"
"matate","ObIDHxP"
"matazón","ObIUbPF"
"mate","ObIuWfI"
"mate","ObJv8Pr"
"mate","ObKELXh"
"mate","ObKQoPc"
"mateada","ObMFd3f"
"matear","ObMaH7u"
"matear","ObNdJyY"
"matemáticamente","ObRfRS9"
"matemático, ca","ObS8ajk"
"matematismo","ObSNHCZ"
"matematización","ObSO1R6"
"matematizar","ObSgR3q"
"mateo, a","ObTM3bg"
"materia","ObWMmRJ"
"material","ObWToYw"
"materialidad","ObWbshi"
"materialismo","ObWtepe"
"materialista","ObXlVnS"
"materialización","ObaHLPt"
"materializar","Obazh8P"
"mateada","ObMFd3f"
"matear","ObMaH7u"
"matear","ObNdJyY"
"mateo, a","ObTM3bg"
"matemáticamente","ObRfRS9"
"matemático, ca","ObS8ajk"
"matematismo","ObSNHCZ"
"matematización","ObSO1R6"
"matematizar","ObSgR3q"
"mateo, a","ObTM3bg"
"materia","ObWMmRJ"
"material","ObWToYw"
"materialidad","ObWbshi"
"materialismo","ObWtepe"
"materialista","ObXlVnS"
"materialización","ObaHLPt"
"materializar","Obazh8P"
"materialmente","ObcPr8F"
"maternal","ObeBGMn"
"maternalmente","ObgEzBS"
"maternidad","ObhmSF0"
"maternizar","Obhnlb4"
"materno, na","Objdbnb"
"maternofilial","ObkUN1S"
"matero","ObmDFgz"
"matero","Obn2IVh"
"mates","ObqoAAK"
"matete","Obqpxf3"
"matérico, ca","ObcxaMV"
"matico","Obs5hqH"
"matidez","ObtQFHD"
"matiego, ga","ObucFn3"
"matihuelo","Oc00F7f"
"matinal","Oc0HqpY"
"matiné","Oc1LY2S"
"matines","Oc5dMkA"
"matino","Oc96mPU"
"matiz","Oc9iu24"
"matización","OcAcXQp"
"matizar","OcF0Tc6"
"matizón, na","OcFjfZk"
"mato","OcIhm2z"
"matojo","OcM3JJZ"
"matón, na","OcPZUHN"
"matonaje","OcPbcMe"
"matonear","OcRDad8"
"matonesco, ca","OcS3Blu"
"matonismo","OcSFqzX"
"matorral","OcTKg3G"
"matorro","OcVNC3J"
"matoso, sa","OcWtpel"
"matón, na","OcPZUHN"
"matraca","OcYrRHW"
"matracalada","OcZS5IE"
"matraco, ca","OcaOB4a"
"matraquear","OcbkNB1"
"matraqueo","OcbpSOt"
"matraquista","Ocf2VwK"
"matraz","OcjbW2p"
"matreramente","OcnAF36"
"matrería","OcnEsJf"
"matrero, ra","Ocod9NL"
"matriarca","OcrhjKl"
"matriarcado","OcuG5j5"
"matriarcal","OcxFPCX"
"matricaria","OcxPMUI"
"matricería","OcyjCdB"
"matricero, ra","OczIhsV"
"matricial","Od0F0sp"
"matricida","Od2yn2Q"
"matraca","OcYrRHW"
"matracalada","OcZS5IE"
"matraco, ca","OcaOB4a"
"matraquear","OcbkNB1"
"matraqueo","OcbpSOt"
"matraquista","Ocf2VwK"
"matraz","OcjbW2p"
"matreramente","OcnAF36"
"matrería","OcnEsJf"
"matrero, ra","Ocod9NL"
"matriarca","OcrhjKl"
"matriarcado","OcuG5j5"
"matriarcal","OcxFPCX"
"matricaria","OcxPMUI"
"matricería","OcyjCdB"
"matricero, ra","OczIhsV"
"matricial","Od0F0sp"
"matricida","Od2yn2Q"
"matricidio","Od5Q2Au"
"matriculación","OdAJ8Yb"
"matriculado, da","OdEdTBP"
"matriculador, ra","OdFHJF5"
"matricular","OdFg3kZ"
"matrilineal","OdG1SFm"
"matrimonesco, ca","OdJSKNM"
"matrimonial","OdJhwqB"
"matrícula","Od8n0aF"
"matrón, na","Odao13n"
"matronal","OdevDgk"
"matronaza","Odewsu9"
"matrono, na","OdhslrX"
"matrón, na","Odao13n"
"matufia","Odlneox"
"matufiada","OdmDYgQ"
"matul","OdoK34k"
"matula","Odq9AIJ"
"matungo, ga","OdqBbIv"
"maturinés, sa","OdrxbVA"
"maturrango, ga","Odtx3ZT"
"matusalén","OdwH2Gb"
"matute","OdxLrRY"
"matutear","Ody8SQz"
"matutero, ra","OdzLgPc"
"matutinal","Oe0uqkj"
"matutino, na","Oe0z5SX"
"maula","Oe49rmt"
"maular","Oe62nn6"
"maulería","Oe7fiGM"
"maulero, ra","Oe9iD5F"
"maulino, na","OeA7LUP"
"maullador, ra","OeAulN2"
"maullar","OeBPCgo"
"maullido","OeGd35X"
"maulón, na","OeHhqZX"
"mauloso, sa","OeI1Qcw"
"maure","OeKXO7b"
"mauriciano, na","OeKfFQn"
"mauritano, na","OeLRcuD"
"maúllo","OeGxyJ6"
"mavacure","OePWluZ"
"mavita","OeTLRYy"
"mavorcio, cia","OeUQ5qw"
"maxi-","OeVSWuZ"
"maxilar","OeWOcs1"
"maxilofacial","OeXFGkP"
"maximalismo","OeaiwRI"
"maximalista","OecWO7J"
"maximización","Oeie2gO"
"maximizar","OenZK2Z"
"maxmordón","Oevx663"
"maxtate","Oey1IJd"
"maxwell","Of0ItSU"
"maya","Of1Kmtf"
"maya","Of5kX8A"
"mayador, ra","Of68aZg"
"mayagüezano, na","Of8ZDey"
"mayal","Of8bytJ"
"mayar","OfGA8Rb"
"mayarse","OfGKUKD"
"mayate","OfGiP2v"
"mayear","OfL9tuL"
"mayestático, ca","OfNRGhn"
"mayeto","OfRNAA3"
"mayéutico, ca","OfTiG5n"
"mayido","OfTk4Kq"
"mayismo","OfUaIuI"
"mayista","OfVvq6x"
"mayo","OfYZodI"
"mayo","OfYvLGC"
"mayólica","OfZqdsi"
"maya","Of1Kmtf"
"maya","Of5kX8A"
"mayador, ra","Of68aZg"
"mayagüezano, na","Of8ZDey"
"mayal","Of8bytJ"
"mayar","OfGA8Rb"
"mayarse","OfGKUKD"
"mayate","OfGiP2v"
"mayear","OfL9tuL"
"mayestático, ca","OfNRGhn"
"mayeto","OfRNAA3"
"mayéutico, ca","OfTiG5n"
"mayido","OfTk4Kq"
"mayismo","OfUaIuI"
"mayista","OfVvq6x"
"mayo","OfYZodI"
"mayo","OfYvLGC"
"mayombe","Ofa7LMo"
"mayonesa","OfbBuHp"
"mayor","OfcJXRh"
"mayora","OfeJRQy"
"mayoradgo","Ofg3JE7"
"mayoral, la","OfkvK6v"
"mayoralía","OfqyQlP"
"mayorana","OfsmHbR"
"mayorar","OftNcIh"
"mayorazgo, ga","Ofvk0tD"
"mayorazguista","OfxToHQ"
"mayordomazgo","Ofzor5j"
"mayordombre","Og0zIU5"
"mayordomear","Og1cZhx"
"mayordomía","Og8MGu0"
"mayordomo, ma","OgCmShx"
"mayombe","Ofa7LMo"
"mayonesa","OfbBuHp"
"mayor","OfcJXRh"
"mayora","OfeJRQy"
"mayoradgo","Ofg3JE7"
"mayoral, la","OfkvK6v"
"mayoralía","OfqyQlP"
"mayorana","OfsmHbR"
"mayorar","OftNcIh"
"mayorazgo, ga","Ofvk0tD"
"mayorazguista","OfxToHQ"
"mayordomazgo","Ofzor5j"
"mayordombre","Og0zIU5"
"mayordomear","Og1cZhx"
"mayordomía","Og8MGu0"
"mayordomo, ma","OgCmShx"
"mayorear","OgDtJPe"
"mayoreo","OgHCAHq"
"mayoría","OgHvXOA"
"mayólica","OfZqdsi"
"mayueta","OgOjCm7"
"mayúsculo, la","OgQQ387"
"maza","OgRVvtz"
"mazacote","OgTyflL"
"mazacotudo, da","OgUFNrz"
"mazacuata","OgVC4Zq"
"mazada","OgVOAmq"
"Mazagatos","OgWZm2W"
"mazamorra","OgXPYjR"
"mazana","OgZ04O6"
"mazaneta","Ogcai8o"
"mazapán","OgdyBJI"
"mazar","Ogf6XSS"
"mazarí","Ogg0ThK"
"mazarota","Ogh9kxr"
"mazarrón","Ogiu0Wd"
"mazateco","OgjRGIZ"
"mazateco","OgjWO1m"
"mazatleco, ca","Ogjm5vV"
"mazazo","Ogo6uFp"
"maza","OgRVvtz"
"mazacote","OgTyflL"
"mazacotudo, da","OgUFNrz"
"mazacuata","OgVC4Zq"
"mazada","OgVOAmq"
"Mazagatos","OgWZm2W"
"mazamorra","OgXPYjR"
"mazana","OgZ04O6"
"mazaneta","Ogcai8o"
"mazapán","OgdyBJI"
"mazar","Ogf6XSS"
"mazarí","Ogg0ThK"
"mazarota","Ogh9kxr"
"mazarrón","Ogiu0Wd"
"mazateco","OgjRGIZ"
"mazateco","OgjWO1m"
"mazatleco, ca","Ogjm5vV"
"mazazo","Ogo6uFp"
"mazacote","OgTyflL"
"mazacotudo, da","OgUFNrz"
"mazacuata","OgVC4Zq"
"mazada","OgVOAmq"
"Mazagatos","OgWZm2W"
"mazamorra","OgXPYjR"
"mazana","OgZ04O6"
"mazaneta","Ogcai8o"
"mazapán","OgdyBJI"
"mazar","Ogf6XSS"
"mazarí","Ogg0ThK"
"mazarota","Ogh9kxr"
"mazarrón","Ogiu0Wd"
"mazateco","OgjRGIZ"
"mazateco","OgjWO1m"
"mazatleco, ca","Ogjm5vV"
"mazazo","Ogo6uFp"
"mazdeísmo","OgpjDEA"
"mazmodina","OgsDIYH"
"mazmorra","OgtRob9"
"maznar","OguTwXh"
"mazo","OgwXlL5"
"mazonado, da","Ogwg4P7"
"mazonadura","Oh33UmV"
"mazonar","Oh460Uk"
"mazonear","Oh7Zd3U"
"mazonería","Oh92nAi"
"mazonero","OhA3ZKr"
"mazorca","OhBfC8z"
"mazorgano","OhKqVPf"
"mazorquear","OhMEqg7"
"mazorquero, ra","OhSkyda"
"mazorral","OhV4p2Q"
"mazorralmente","OhVXk0u"
"mazuelo","OhW0CeW"
"mazurca","Oha6NK5"
"máchica","Nn2mGmz"
"mácula","NpGESGx"
"mágico, ca","NstmVML"
"mágnum","NujzqNN"
"málaga","NyczdA0"
"mánager","O7VDgyk"
"máncer","O8IlAAP"
"máncharras","O8b7EgC"
"mandala","O9Pcbki"
"mánfanos","OBKCYlc"
"mántica","OHd2MWD"
"máquina","OKvTasd"
"márcena","OMqZLtD"
"márcola","ONgMBkL"
"márfaga","OOAnvXN"
"márfega","OOCK2uh"
"mármol","OSFnZ6G"
"mármor","OSXobel"
"márraga","OTV5aHp"
"máchica","Nn2mGmz"
"mácula","NpGESGx"
"mágico, ca","NstmVML"
"mágnum","NujzqNN"
"málaga","NyczdA0"
"mánager","O7VDgyk"
"máncer","O8IlAAP"
"máncharras","O8b7EgC"
"mandala","O9Pcbki"
"mánfanos","OBKCYlc"
"mántica","OHd2MWD"
"máquina","OKvTasd"
"márcena","OMqZLtD"
"márcola","ONgMBkL"
"márfaga","OOAnvXN"
"márfega","OOCK2uh"
"mármol","OSFnZ6G"
"mármor","OSXobel"
"márraga","OTV5aHp"
"mársico, ca","OUVp8il"
"mártaga","OUr6Ths"
"mártir","OVV9sL3"
"más","OWErHxJ"
"máscara","OWe09tc"
"másculo, la","OXJwkdO"
"máser","OXQSkAB"
"másico","OXfZDne"
"másico","OXg9bmz"
"mástel","OYOweuD"
"máster","OYTMQlp"
"másters","OYYXJNR"
"másticis","OYnB9SX"
"mástil","OYrjkVx"
"mástil","OYyYTvN"
"mástique","OZ5xepX"
"máuser","OeOIbD7"
"máxima","OeZHW2T"
"máximamente","OecqLzY"
"máxime","OefN4Oc"
"máximo, ma","OeqDmUW"
"máximum","OeuE6hV"
"mbayá","OhaFAXk"
"fondo","IBiSV3w"
"me","OhaNBJs"
"mea culpa","OhaVVJK"
"meada","OhbgrQ9"
"meadero","Ohhl8Vo"
"meado","Ohk4Pvn"
"meadura","OhkTWNI"
"meaja","OhlS5xb"
"meaja","OhnBJGu"
"meajuela","OhoUbJr"
"meandro","OhqZAzv"
"meano, na","Ohrqg8g"
"meapilas","OhvYTiL"
"mear","Ohxly6r"
"meatad","OhycWdK"
"meato","Ohzumi4"
"meauca","Oi0KXP9"
"meca","Oi0zAYZ"
"mecachis","Oi1ySHX"
"meco, ca","OjTnkHt"
"mea culpa","OhaVVJK"
"meada","OhbgrQ9"
"meadero","Ohhl8Vo"
"meado","Ohk4Pvn"
"meadura","OhkTWNI"
"meaja","OhlS5xb"
"meaja","OhnBJGu"
"meajuela","OhoUbJr"
"meandro","OhqZAzv"
"meano, na","Ohrqg8g"
"meapilas","OhvYTiL"
"mear","Ohxly6r"
"meatad","OhycWdK"
"meato","Ohzumi4"
"meauca","Oi0KXP9"
"meca","Oi0zAYZ"
"mecachis","Oi1ySHX"
"mecánicamente","Oi6MVrB"
"mecanicismo","Oi7LjEQ"
"mecanicista","Oi9Jfhc"
"mecánico, ca","OiC9vhp"
"mecanismo","OiEGmq4"
"mecanización","OiFKFFz"
"mecanizada","OiFgH8H"
"mecanizado","OiFvHTX"
"mecanizar","OiID5Zv"
"mecano","OiImLgO"
"mecano","OiOcyHW"
"mecanoescrito, ta","OiQLWO6"
"mecanografía","OiT55Wd"
"mecanografiar","OiVkRri"
"mecanográfico, ca","OiW2hpq"
"meco, ca","OjTnkHt"
"meca","Oi0zAYZ"
"mecachis","Oi1ySHX"
"mecanicismo","Oi7LjEQ"
"mecanicista","Oi9Jfhc"
"mecanismo","OiEGmq4"
"mecanización","OiFKFFz"
"mecanizada","OiFgH8H"
"mecanizado","OiFvHTX"
"mecanizar","OiID5Zv"
"mecano","OiImLgO"
"mecano","OiOcyHW"
"mecanoescrito, ta","OiQLWO6"
"mecanografía","OiT55Wd"
"mecanografiar","OiVkRri"
"mecanográfico, ca","OiW2hpq"
"mecanógrafo, fa","OiYs3U8"
"mecanoscrito, ta","OiZ8e5S"
"meco, ca","OjTnkHt"
"mecachis","Oi1ySHX"
"mecanicismo","Oi7LjEQ"
"mecanicista","Oi9Jfhc"
"mecanismo","OiEGmq4"
"mecanización","OiFKFFz"
"mecanizada","OiFgH8H"
"mecanizado","OiFvHTX"
"mecanizar","OiID5Zv"
"mecano","OiImLgO"
"mecano","OiOcyHW"
"mecanoescrito, ta","OiQLWO6"
"mecanografía","OiT55Wd"
"mecanografiar","OiVkRri"
"mecanográfico, ca","OiW2hpq"
"mecanógrafo, fa","OiYs3U8"
"mecanoscrito, ta","OiZ8e5S"
"mecanoterapia","OiawHWm"
"mecapal","OibckT3"
"mecapalero","Oic1r7b"
"mecatazo","Oicg7cW"
"mecate","OidVaHZ"
"mecateada","OidZxWl"
"mecateado, da","OifDsnR"
"mecatear","OiibFTL"
"mecatear","OijyeCb"
"mecatera","Oikib0M"
"mecato","OilYSVx"
"mecánicamente","Oi6MVrB"
"mecánico, ca","OiC9vhp"
"mecedero","OipGh4H"
"mecedor, ra","OiqfSZh"
"mecedura","OisrqCa"
"mecenas","Oiue8xx"
"mecenazgo","Oivh8dN"
"mecer","Oj01FgK"
"mecer","Oj3sSAM"
"mecha","Oj40AQL"
"mechar","Oj4dC9Y"
"mechazo","Oj9ogTS"
"mechero","OjA1vZN"
"mechero","OjEQW6n"
"mechinal","OjHCPi5"
"mechita","OjK71Q7"
"mechoacán","OjKEjJc"
"mechón","OjL9Fqg"
"mechonear","OjLZtdM"
"mechoso, sa","OjMKO1d"
"mechudo, da","OjTEUkh"
"mecida","OjTVLcB"
"meco, ca","OjTnkHt"
"meconio","OjVsafi"
"fondo","IBiSV3w"
"meda","OjX7CUe"
"medalla","OjXOH6Z"
"medallero","OjZBsU6"
"medallista","OjZIheq"
"medallón","Ojda53I"
"medanoso, sa","Ojg0iPg"
"medaño","OjhrRY9"
"medellinense","OjjadnD"
"media","OjlCNgY"
"media","OjlWKYm"
"mediacaña","OjmFdAZ"
"mediación","OjnsTUN"
"mediado, da","OjqbmrR"
"mediador, ra","Ojt3EXA"
"mediagua","OjuUeGp"
"medial","OjunqKe"
"medialuna","Ojw4MT7"
"medio, dia","OlQ6yC8"
"medo, da","OmPXMb3"
"meda","OjX7CUe"
"medalla","OjXOH6Z"
"medallero","OjZBsU6"
"medallista","OjZIheq"
"medallón","Ojda53I"
"medanoso, sa","Ojg0iPg"
"medaño","OjhrRY9"
"medo, da","OmPXMb3"
"medellinense","OjjadnD"
"fondo","IBiSV3w"
"media","OjlCNgY"
"media","OjlWKYm"
"mediacaña","OjmFdAZ"
"mediación","OjnsTUN"
"mediado, da","OjqbmrR"
"mediador, ra","Ojt3EXA"
"mediagua","OjuUeGp"
"medial","OjunqKe"
"medialuna","Ojw4MT7"
"medianamente","Ok39geO"
"medianedo","Ok4ew6H"
"medianejo, ja","Ok8Sp5j"
"medianería","Ok8qvyt"
"medianero, ra","Ok9L0lE"
"medianeza","OkAZwgb"
"medianía","OkApxAk"
"medio, dia","OlQ6yC8"
"media","OjlCNgY"
"media","OjlWKYm"
"mediacaña","OjmFdAZ"
"mediación","OjnsTUN"
"mediado, da","OjqbmrR"
"mediador, ra","Ojt3EXA"
"mediagua","OjuUeGp"
"medial","OjunqKe"
"medialuna","Ojw4MT7"
"medianamente","Ok39geO"
"medianedo","Ok4ew6H"
"medianejo, ja","Ok8Sp5j"
"medianería","Ok8qvyt"
"medianero, ra","Ok9L0lE"
"medianeza","OkAZwgb"
"medianía","OkApxAk"
"medianidad","OkAqCrB"
"medio, dia","OlQ6yC8"
"mediacaña","OjmFdAZ"
"mediación","OjnsTUN"
"mediado, da","OjqbmrR"
"mediador, ra","Ojt3EXA"
"mediagua","OjuUeGp"
"medial","OjunqKe"
"medialuna","Ojw4MT7"
"medianamente","Ok39geO"
"medianedo","Ok4ew6H"
"medianejo, ja","Ok8Sp5j"
"medianería","Ok8qvyt"
"medianero, ra","Ok9L0lE"
"medianeza","OkAZwgb"
"medianía","OkApxAk"
"medianidad","OkAqCrB"
"medianil","OkDut6O"
"medianista","OkGjdNC"
"mediano, na","OkGk1fq"
"medianoche","OkGmKdR"
"mediante","OkJXvGN"
"mediar","OkLUJV6"
"mediastino","OkM6DyQ"
"mediatamente","OkMpb3O"
"mediateca","OkMvGE8"
"mediatización","OkPoPeG"
"mediatizador, ra","OkPsQ2h"
"mediatizar","OkQt2fg"
"mediato, ta","OkSG2W3"
"mediator","OkUMIwG"
"mediatriz","OkXBA4S"
"mediático, ca","OkNxQ0D"
"medible","OkXewGG"
"medicable","OkhtTvu"
"medicación","Oki09hl"
"medicalización","OkiKkf3"
"medicalizar","Okk9gBm"
"medicamentar","OkkgbL6"
"medicamento","OkljC3R"
"medicamentoso, sa","OklzwJ8"
"medicar","OkoOOIp"
"medicastro, tra","OkqPRc8"
"medicatura","OktLjs3"
"mediceo, a","Okuhnhu"
"medicina","OkukRhl"
"medicinable","OkvexUZ"
"medicinal","OkwjU08"
"medicinamiento","OkyNd7J"
"medicinante","Okyg3y3"
"medicinar","Ol10lYE"
"medida","OlAN0dp"
"medidamente","OlAUjYj"
"medidor, ra","OlCFP7R"
"mediería","OlFNuY6"
"mediero, ra","OlG3oJT"
"medieval","OlGNUGp"
"medievalidad","OlGWVIW"
"medievalismo","OlHUgqo"
"medievalista","OlJ64Mu"
"medievalizante","OlJ8LoC"
"Medievo","OlOD2LJ"
"medina","OlOjYlj"
"medinense","OlOkd3o"
"medinés, sa","OlP5pTt"
"fondo","IBiSV3w"
"medio, dia","OlQ6yC8"
"medioambiental","OlWApGz"
"mediocampista","Olc8ysR"
"mediocre","OlgZbyn"
"mediocremente","OlmL7fe"
"mediocridad","OlrUPuj"
"mediodía","OlvriJu"
"medioeval","Oly0fQC"
"Medioevo","Om2JZ7r"
"mediofondista","Om2aWMr"
"mediometraje","Om2mTdr"
"mediomundo","Om3p8uG"
"mediopaño","Om4bXCe"
"mediopensionado","Om4oSXF"
"mediopensionista","Om5X652"
"mediopié","Om7wPyx"
"mediquillo","Om8kkD8"
"medir","Om9ZDVF"
"meditabundo, da","OmCg8oA"
"meditación","OmHZxYv"
"meditador, ra","OmKv9Ic"
"meditar","OmL7iih"
"meditativo, va","OmMP83h"
"mediterraneidad","OmMQFUl"
"mediterráneo, a","OmN5Uwq"
"medo, da","OmPXMb3"
"medra","OmPjJg4"
"medrador, ra","OmQCGq1"
"medrana","OmSpD6R"
"medranza","OmUqE42"
"medrar","OmWATuf"
"medriñaque","OmXj2lX"
"medro","OmZhVar"
"medrosamente","Oma1vZt"
"medrosía","Oma2vrN"
"medroso, sa","OmaFBY7"
"médula","OmbVzu3"
"medular","OmcihrS"
"meduloso, sa","OmejQil"
"medusa","Omgji1F"
"meduseo, a","OmgxYzG"
"mefistofélico, ca","Omh5hVB"
"mefítico, ca","OmhoKP3"
"mega","Omk3VYZ"
"mega-","OmkR9wz"
"megabyte","OmnUBdo"
"megaciclo","OmoJDG2"
"megafonía","OmpknLE"
"megáfono","OmruX6y"
"megahercio","OmtEkz2"
"megalítico, ca","OmvL6nE"
"megalitismo","OmvMDQX"
"megalito","Omw7S4l"
"megalomanía","On0qjHq"
"megalómano, na","On1f0AD"
"megalópolis","On5G3IN"
"megápolis","On8hyaV"
"megarense","On93oLV"
"megaterio","OnBw8cS"
"megatón","OnC4iaX"
"megavatio","OnDl2EB"
"mego, ga","OnEDX5F"
"mega","Omk3VYZ"
"mega-","OmkR9wz"
"megabyte","OmnUBdo"
"megaciclo","OmoJDG2"
"megafonía","OmpknLE"
"megahercio","OmtEkz2"
"megalítico, ca","OmvL6nE"
"megalitismo","OmvMDQX"
"megalito","Omw7S4l"
"megalomanía","On0qjHq"
"megalómano, na","On1f0AD"
"megalópolis","On5G3IN"
"megarense","On93oLV"
"megaterio","OnBw8cS"
"megatón","OnC4iaX"
"megavatio","OnDl2EB"
"mego, ga","OnEDX5F"
"megáfono","OmruX6y"
"megápolis","On8hyaV"
"mego, ga","OnEDX5F"
"meguez","OnF4Fhs"
"mehala","OnKMlyD"
"meigo, ga","OnKPIku"
"meiosis","OnKaSey"
"meitad","OnKelmn"
"meitnerio","OnLvuGU"
"mejala","OnLzfrx"
"mejana","OnNOTeA"
"mejedor","OnNWQ4H"
"mejenga","OnPsbi0"
"mejengue","OnQtr3Q"
"mejer","OnRbHeI"
"mejido, da","OnXPKPS"
"mejilla","OnYmHio"
"mejillón","OnbqP7m"
"mejillonero, ra","OnhPrHz"
"mejor","OnhZjCP"
"mejora","OniqDn5"
"mejorable","OnjneVh"
"mejoramiento","Onnnuzk"
"mejorana","OnoXRGI"
"mejorar","Onrxgkw"
"mejoría","Onu2nRH"
"mejunje","OnuIKd9"
"mejala","OnLzfrx"
"mejana","OnNOTeA"
"mejedor","OnNWQ4H"
"mejenga","OnPsbi0"
"mejengue","OnQtr3Q"
"mejer","OnRbHeI"
"mejido, da","OnXPKPS"
"mejilla","OnYmHio"
"mejillón","OnbqP7m"
"mejillonero, ra","OnhPrHz"
"mexicanidad","P8sVAa2"
"mexicanismo","P8uQneH"
"mexicanista","P8wfHLe"
"mexicano, na","P8xBcGR"
"mejor","OnhZjCP"
"mejora","OniqDn5"
"mejorable","OnjneVh"
"mejoramiento","Onnnuzk"
"mejorana","OnoXRGI"
"mejorar","Onrxgkw"
"mejoría","Onu2nRH"
"mejunje","OnuIKd9"
"mela","Onv8w5G"
"melado, da","OnyxsOd"
"meladucha","OnzBbXd"
"meladura","OnzSTgh"
"meláfido","Onzlanw"
"melamina","Oo1sRCb"
"melampo","Oo3HnRb"
"melancolía","Oo4eWzD"
"melancólicamente","Oo6aA10"
"melancólico, ca","Oo8Lgls"
"melancolizar","Oo9MYy8"
"melanconía","Oo9gvVK"
"melanconioso, sa","Oo9p3lz"
"melandro","OoBjhxH"
"melanesio, sia","OoCahXH"
"melánico, ca","OoDXh8G"
"mema","OqtKBiJ"
"memada","OqvVbXK"
"membrado","OqwF1rY"
"membrado","Or2ABfd"
"membrana","Or3C3fJ"
"membranáceo, a","Or4INlj"
"membranoso, sa","Or6IZ2p"
"membranza","Or7BDMf"
"membrar","Or9lsXv"
"membrecía","OrBFqBR"
"membresía","OrBSmIC"
"membretado, da","OrF2Gam"
"membretar","OrHCQJo"
"membrete","OrNsYpQ"
"membría","OrNtOb7"
"membrilla","OrRaZW6"
"membrillar","OrRkuuR"
"memo","Oreedk3"
"mema","OqtKBiJ"
"memada","OqvVbXK"
"memo","Oreedk3"
"membrado","OqwF1rY"
"membrado","Or2ABfd"
"membrana","Or3C3fJ"
"membranáceo, a","Or4INlj"
"membranoso, sa","Or6IZ2p"
"membranza","Or7BDMf"
"membrar","Or9lsXv"
"membrecía","OrBFqBR"
"membresía","OrBSmIC"
"membretado, da","OrF2Gam"
"membretar","OrHCQJo"
"membrete","OrNsYpQ"
"membría","OrNtOb7"
"membrilla","OrRaZW6"
"membrillar","OrRkuuR"
"membrillate","OrS9UhY"
"membrillero","OrT0tGa"
"meme","OrWmW5v"
"memeches","OrWrmIK"
"memela","OrXAGhZ"
"memento","OrbBm0d"
"memez","Ord6udf"
"memnónida","OreMN5n"
"memo","Oreedk3"
"memo","Orf8vct"
"memorable","Orf971H"
"memorando","OrfaXGa"
"memorando","OrgM4au"
"memorándum","OrizZ23"
"memorar","OrjVjLM"
"memorativo, va","Orkw52l"
"memoria","OrlyaVd"
"memorial","Orm2CKF"
"memorialesco, ca","OrmsYx7"
"memorialista","Orq09OJ"
"memorión","Orr8Yjw"
"memorioso, sa","Orrtxp7"
"memorismo","OrsL0Nw"
"memorista","OruxtIm"
"memorístico, ca","OrwCQ3K"
"mena","Os3XaQQ"
"mena","Os421Fu"
"mena","Os5uzIP"
"mena","Os6nUQY"
"menaje","Os9O2ia"
"menar","Os9SHlx"
"menarca","OsAdqbp"
"menarquia","OsBGKpU"
"menaza","OsCMrcI"
"menazar","OsH6IUo"
"menchevique","OsKEW7z"
"menchevismo","OsMaJuI"
"menciano, na","OsN4svK"
"mención","OsP0ru4"
"mencionable","OsPGqCu"
"mencionar","OsQoNLT"
"menda","OsT8lja"
"mendacidad","OsVdxgQ"
"mendacio","OsVeN1E"
"mendaz","OsWB889"
"mena","Os3XaQQ"
"mena","Os421Fu"
"mena","Os5uzIP"
"mena","Os6nUQY"
"menaje","Os9O2ia"
"menar","Os9SHlx"
"menarca","OsAdqbp"
"menarquia","OsBGKpU"
"menaza","OsCMrcI"
"menazar","OsH6IUo"
"menchevique","OsKEW7z"
"menchevismo","OsMaJuI"
"menciano, na","OsN4svK"
"mención","OsP0ru4"
"mencionable","OsPGqCu"
"mencionar","OsQoNLT"
"menda","OsT8lja"
"mendacidad","OsVdxgQ"
"mendacio","OsVeN1E"
"mendaz","OsWB889"
"mendelevio","OsWidEF"
"mendeliano, na","OsYCi1n"
"mendelismo","OsZ8NLv"
"mendicación","Ose1xq5"
"mendicante","OsehRkv"
"mendicidad","OsgKj5m"
"mendigante","Oskbm4l"
"mendigar","Osl4xI4"
"mendigo, ga","OsonkhA"
"mendiguez","OsvV3EE"
"mendocino","Ot0g96v"
"mendocino","Ot2gMU0"
"mendosamente","Ot4odV3"
"mendoso, sa","Ot4zHuP"
"menda","OsT8lja"
"mendacidad","OsVdxgQ"
"mendacio","OsVeN1E"
"mendaz","OsWB889"
"mendelevio","OsWidEF"
"mendeliano, na","OsYCi1n"
"mendelismo","OsZ8NLv"
"mendicación","Ose1xq5"
"mendicante","OsehRkv"
"mendicidad","OsgKj5m"
"mendigante","Oskbm4l"
"mendigar","Osl4xI4"
"mendigo, ga","OsonkhA"
"mendiguez","OsvV3EE"
"mendocino","Ot0g96v"
"mendocino","Ot2gMU0"
"mendosamente","Ot4odV3"
"mendoso, sa","Ot4zHuP"
"mendrugo","Ot5IlFb"
"mene","Ot6k1nx"
"meneador, ra","Ot92U5z"
"menear","Ot95WjY"
"menegilda","Ot9ncQi"
"meneo","OtAFjsI"
"menés, sa","OtBt6Xx"
"menester","OtFZHQu"
"menesterosidad","OtGebdF"
"menesteroso, sa","OtIzE36"
"menestra","OtJ3U3R"
"menestral, la","OtNiQIJ"
"menestralería","OtNirEo"
"menestralía","OtNno7M"
"menestrete","OtPiWGn"
"menestril","OtRbm4h"
"menesunda","OtRvtLm"
"menés, sa","OtBt6Xx"
"menfita","OtTCsgb"
"menfítico, ca","Otd9WCl"
"mengajo","OtdgfIQ"
"mengambrea","OtgPhZj"
"mengano, na","Othxah5"
"menge","OtjEUsD"
"mengía","OtjEsAe"
"mengua","Otne4d0"
"menguadamente","Otr12Vo"
"menguado, da","OtrXz2e"
"menguamiento","OttRC2l"
"menguante","OttrkRh"
"menguar","OtxbSfu"
"mengue","Ou0pWob"
"menhir","Ou7b9rG"
"meninge","Ou8WH90"
"meningítico, ca","OuFuss4"
"meningitis","OuGgumU"
"meningocele","OuH8VkK"
"meningococo","OuJSIoe"
"menino, na","OuKyfr7"
"menipeo, a","OuL7igC"
"menique","OuMF138"
"menisco","OuNUCUz"
"menispermáceo, a","OuNXRwS"
"meníngeo, a","OuA27Ua"
"menjuí","OuNb6L9"
"menjunje","OuOc9XN"
"menjurje","OuSGP01"
"menologio","OuUgg4q"
"menonia","OuY1s9E"
"menonita","OuYqY9e"
"menopausia","OuZX8Sz"
"menopáusico, ca","OubD5Ew"
"menor","Ouc027t"
"menoración","OudhqCR"
"menorar","OueNNFI"
"menorero, ra","Ouoja9i"
"menoreta","OurOvex"
"menorete","OusjyeB"
"menoría","Ouu9tEH"
"menoridad","OuweomF"
"menorista","OuxNpuU"
"menorquín, na","OuxbOQv"
"menorragia","Ouyt9mB"
"menorrea","OuzDw7f"
"mensafónico, ca","OvKS9Pk"
"mensáfono","OvKeJpq"
"mensaje","OvO0obY"
"mensajear","OvOKefU"
"mensajería","OvOgZZP"
"mensajero, ra","OvRl6S2"
"mensil","OvVgmEu"
"menso, sa","OvWGrTr"
"menstruación","OvZVWCY"
"menstrual","OvbHvcm"
"menstrualmente","OvbhjQH"
"menstruante","Ovd3rkM"
"menstruar","OvebMFO"
"menstruo, trua","OvfP04h"
"menstruoso, sa","Ovjw6Nq"
"menta","OwB49rb"
"menta","OwCZIB2"
"mentada","OwHoZHy"
"mentado, da","OwMBC8k"
"mental","OwOJnbd"
"mentalidad","OwPrQnI"
"mentalismo","OwQwCk3"
"mentalista","OwSaBoX"
"mentalización","OwWVobq"
"mentalizar","OwYN7Yg"
"mentalmente","OwbFoQi"
"mentar","OwbSJe5"
"mentastro","OwenOvX"
"mente","OwgZLgt"
"mentecapto, ta","OwnptIK"
"mentecatada","OwoHL5c"
"mentecatería","OwpRO7S"
"mentecatez","OwsadxR"
"mentecato, ta","OwsmsHr"
"menta","OwB49rb"
"menta","OwCZIB2"
"mentada","OwHoZHy"
"mentado, da","OwMBC8k"
"mental","OwOJnbd"
"mentalidad","OwPrQnI"
"mentalismo","OwQwCk3"
"mentalista","OwSaBoX"
"mentalización","OwWVobq"
"mentalizar","OwYN7Yg"
"mentalmente","OwbFoQi"
"mentar","OwbSJe5"
"mentastro","OwenOvX"
"mente","OwgZLgt"
"mentecapto, ta","OwnptIK"
"mentecatada","OwoHL5c"
"mentecatería","OwpRO7S"
"mentecatez","OwsadxR"
"mentecato, ta","OwsmsHr"
"mentesano, na","OwtTkj9"
"mentidero","Ox28zQv"
"mentido, da","Ox3q28b"
"mentir","Ox4glLC"
"mentira","Ox7CoE4"
"mentirijillas","Ox8sSJl"
"mentirillas","OxB0Wb5"
"mentirosamente","OxBKgVT"
"mentiroso, sa","OxBXYxZ"
"mentís","OxGENKP"
"mentol","OxP6M0g"
"mentolado, da","OxQmdrq"
"mentolato","OxSE0HM"
"mentonera","OxW2II4"
"mentor, ra","OxX3Y1t"
"mentón","OxTetdV"
"menuceles","OxYVHdt"
"menucia","OxYgoyl"
"menudamente","OxZ0R9p"
"menudear","OxZFdhs"
"menudencia","OxbxPcl"
"menudeo","Oxd2Uc0"
"menudero, ra","OxdLMst"
"menudillo","Oxe4Yoh"
"menudo, da","OxfaMMR"
"menuza","Oxgq8E5"
"menuzar","Oxii7p6"
"menuzo","Oxjou9N"
"menú","OxXW1rR"
"meñique","OxnbIcA"
"meollar","Oxs2889"
"meollo","Oxs6J0C"
"meolludo, da","Oxt2LaM"
"meón, na","OxufEEB"
"meón, na","OxufEEB"
"mequetrefe, fa","OxuqCFI"
"mequí","OxuvsUw"
"meramente","Oy1K1Af"
"merar","Oy39r46"
"merca","Oy69iZK"
"mercachifle","OyCqTSB"
"mercadante","OyDcmaR"
"mercadear","OyDgAlF"
"mercadeo","OyFF7W2"
"mercader, ra","OyFtIvU"
"mercadería","OyJeqtw"
"mercaderil","OyLiW7n"
"mercadero","OyNDzqD"
"mercadillo","OyOap8B"
"mercado","OyRtG0r"
"mercadología","OyT9v09"
"mercadológico, ca","OyVQTKG"
"mercadólogo, ga","OyXYhpL"
"mercador, ra","OyY7O6z"
"mes","P1koJRU"
"mesa","P1le2lc"
"mesada","P1mD4ve"
"mesadura","P1s77oK"
"mesalina","P1sI31i"
"mesana","P1tBGl7"
"mesar","P1vP4eo"
"mesaraico, ca","P1wpoSe"
"mesareico, ca","P24kZLU"
"mescalina","P256wMC"
"mesclamiento","P26Zlr6"
"mesclar","P27QIBM"
"mescolanza","P27sNub"
"meseguería","P2FvofW"
"meseguero, ra","P2H5tvZ"
"mesénquima","P2L6g99"
"mesenquimal","P2MKX0R"
"meta","P47c7nH"
"meta-","P4Cj7Rg"
"metabólico, ca","P4EJs8W"
"metabolismo","P4EcqNv"
"metabolito","P4GdZRN"
"metabolización","P4HLnOX"
"metabolizar","P4JRqbp"
"metacarpiano, na","P4M5SRd"
"metacarpo","P4NJ1Kz"
"metacéntrico, ca","P4ODLgr"
"metacentro","P4XZThV"
"metacrilato","P4XerKl"
"metad","P4aecQY"
"metadona","P4cdllX"
"metaestable","P4d3gtI"
"metafase","P4dUJvu"
"metafísicamente","P4fQoJC"
"mexica","P8nmLKh"
"mexicalense","P8pkDhc"
"mexicanidad","P8sVAa2"
"mexicanismo","P8uQneH"
"mexicanista","P8wfHLe"
"mexicano, na","P8xBcGR"
"mexiquense","P8zbhOT"
"meya","P92QbUq"
"meyor","P93MIMT"
"mezanine","P97FGQO"
"mezcal","P99RG6q"
"mezcalear","P9BknaG"
"mezcalería","P9DXkUF"
"mezcalero, ra","P9EwfSH"
"mezcla","P9Hobgp"
"mezclable","P9I6FJG"
"mezcladamente","P9IBxLk"
"mezclado","P9LqOlS"
"mezclador, ra","P9Mmff6"
"mezcladura","P9NQsvU"
"mezclamiento","P9Ouu8g"
"mezclar","P9STMop"
"mezclilla","P9ZbUxl"
"mezcolanza","P9ZmQVx"
"meznada","P9b460M"
"mezquinamente","P9c3IAL"
"mezquinar","P9h4gGC"
"mezanine","P97FGQO"
"mezcal","P99RG6q"
"mezcalear","P9BknaG"
"mezcalería","P9DXkUF"
"mezcalero, ra","P9EwfSH"
"mezcla","P9Hobgp"
"mezclable","P9I6FJG"
"mezcladamente","P9IBxLk"
"mezclado","P9LqOlS"
"mezclador, ra","P9Mmff6"
"mezcladura","P9NQsvU"
"mezclamiento","P9Ouu8g"
"mezclar","P9STMop"
"mezclilla","P9ZbUxl"
"mezcolanza","P9ZmQVx"
"meznada","P9b460M"
"mezquinamente","P9c3IAL"
"mezquinar","P9h4gGC"
"mezquindad","P9ipqcs"
"mezquino, na","P9jTOL2"
"mezquita","P9jtVrv"
"mezquital","P9mWNYv"
"mezquite","P9niNyv"
"mezzo","P9nnrvO"
"mezzosoprano","P9r6rBR"
"médano","OjeAMKa"
"médicamente","OklL1tm"
"médico","Ol43qKz"
"médico","Ol6Jp7U"
"médium","OmO7WLG"
"médula","OmbVzu3"
"mégano","On7o3y7"
"mélico, ca","OpAQ7i1"
"ménade","Os7f0Yb"
"méndigo, ga","OsrXlSP"
"ménsula","Ovtl1ca"
"méritamente","P0j4aAh"
"mérito","P0mceZI"
"mérito","P0ncb5r"
"método","P7dyaFK"
"metopa","P7tIgNr"
"métricamente","P8BeoRA"
"métrico, ca","P8GiaTg"
"médano","OjeAMKa"
"médicamente","OklL1tm"
"médico","Ol43qKz"
"médico","Ol6Jp7U"
"médium","OmO7WLG"
"médula","OmbVzu3"
"mégano","On7o3y7"
"mélico, ca","OpAQ7i1"
"ménade","Os7f0Yb"
"méndigo, ga","OsrXlSP"
"ménsula","Ovtl1ca"
"méritamente","P0j4aAh"
"mérito","P0mceZI"
"mérito","P0ncb5r"
"método","P7dyaFK"
"metopa","P7tIgNr"
"métricamente","P8BeoRA"
"métrico, ca","P8GiaTg"
"México","P8xNYa2"
"mi","P9rNqLB"
"mi","P9tBea9"
"mi","P9vG3X8"
"miador, ra","PA0Vvb1"
"miagar","PA2b6dk"
"miaja","PA4Y7Tl"
"miaja","PA5pNDG"
"mialgia","PA859ZQ"
"mialmas","PAA9pJ4"
"miañar","PABNzDW"
"miar","PAC8pGA"
"miasma","PAG6Ifx"
"miasmático, ca","PAOAYGy"
"miastenia","PAPKUZV"
"miau","PAQE227"
"mica","PASBwVl"
"mica","PAXqkkR"
"micáceo, a","PAZHYyT"
"micacita","PAbsHfK"
"mico, ca","PB8zyuh"
"miador, ra","PA0Vvb1"
"miagar","PA2b6dk"
"miaja","PA4Y7Tl"
"miaja","PA5pNDG"
"mialgia","PA859ZQ"
"mialmas","PAA9pJ4"
"miañar","PABNzDW"
"miar","PAC8pGA"
"miasma","PAG6Ifx"
"miasmático, ca","PAOAYGy"
"miastenia","PAPKUZV"
"miau","PAQE227"
"mica","PASBwVl"
"mica","PAXqkkR"
"micáceo, a","PAZHYyT"
"micacita","PAbsHfK"
"micción","PAiSLqx"
"miccional","PAlfd9T"
"miccionar","PAnlajP"
"micela","PAnll3f"
"micelar","PAnlqDK"
"micelio","PAnmwU0"
"micénico, ca","PApkmBM"
"micer","PAqV7MN"
"micetología","PAsVFx5"
"micha","PAsb3gH"
"miche","PAtgPxR"
"michelada","PAtvUpZ"
"michelín","PAyCXtO"
"michino, na","PAzxjPr"
"micho, cha","PB3bXBC"
"mico, ca","PB8zyuh"
"mica","PASBwVl"
"mica","PAXqkkR"
"micacita","PAbsHfK"
"mico, ca","PB8zyuh"
"mikado","PENVFC0"
"micáceo, a","PAZHYyT"
"micción","PAiSLqx"
"miccional","PAlfd9T"
"miccionar","PAnlajP"
"micela","PAnll3f"
"micelar","PAnlqDK"
"micelio","PAnmwU0"
"micer","PAqV7MN"
"micetología","PAsVFx5"
"micénico, ca","PApkmBM"
"micha","PAsb3gH"
"miche","PAtgPxR"
"michelada","PAtvUpZ"
"michelín","PAyCXtO"
"michino, na","PAzxjPr"
"micho, cha","PB3bXBC"
"michoacano, na","PB7J49q"
"mico, ca","PB8zyuh"
"micoleón","PBB3ziw"
"micología","PBCR8jJ"
"micológico, ca","PBEWMsX"
"micorriza","PBKXbjq"
"micosis","PBMEmgr"
"micólogo, ga","PBHPma4"
"micra","PBMHCBI"
"micrero, ra","PBMibs3"
"micro","PBMwTFa"
"micro-","PBNhesD"
"microalbuminuria","PBOoOrG"
"microalga","PBOsDcI"
"microbiano, na","PBPw9IK"
"microbicida","PBRb3pV"
"microbio","PBTNZZm"
"microbiología","PBVDHvG"
"microbiológico, ca","PBVLceh"
"microbiólogo, ga","PBWsrYN"
"microbioma","PBWssOX"
"microbiota","PBWtcEb"
"microbús","PBXTT1w"
"microbusero, ra","PBYzaEn"
"micuré","PD2DjWW"
"mida","PD6N8wq"
"mida","PD8M0gU"
"midriasis","PD8p80X"
"midriático, ca","PD8qPKN"
"miedica","PDBP9pd"
"mieditis","PDCusbv"
"miedo","PDGS53g"
"miedoso, sa","PDGbUq8"
"miedro","PDH4jAc"
"miel","PDHHVmo"
"mielazo","PDK2FP3"
"mielero, ra","PDKIcWw"
"mielga","PDMDvkW"
"mielga","PDMIGvD"
"mielga","PDRB4Ue"
"mielga","PDRN74a"
"mielgo, ga","PDSoP7y"
"mielina","PDUB95V"
"mielínico, ca","PDWfEt6"
"mielítico, ca","PDWgG5D"
"mielitis","PDaabh8"
"mielografía","PDag062"
"mieloma","PDccL49"
"miedica","PDBP9pd"
"mieditis","PDCusbv"
"miedo","PDGS53g"
"miedoso, sa","PDGbUq8"
"miedro","PDH4jAc"
"miel","PDHHVmo"
"mielazo","PDK2FP3"
"mielero, ra","PDKIcWw"
"mielga","PDMDvkW"
"mielga","PDMIGvD"
"mielga","PDRB4Ue"
"mielga","PDRN74a"
"mielgo, ga","PDSoP7y"
"mielina","PDUB95V"
"mielínico, ca","PDWfEt6"
"mielítico, ca","PDWgG5D"
"mielitis","PDaabh8"
"mielografía","PDag062"
"mieloma","PDccL49"
"mielsa","PDdJUVx"
"miembro","PDfN5jE"
"miente","PDgT9Gx"
"mientra","PDh3E70"
"mientras","PDk0ESX"
"mientre","PDk8QHC"
"miera","PDlQR7R"
"mierda","PDmoCWN"
"mierla","PDomcNL"
"mierra","PDquhCR"
"mies","PDrd8U1"
"miéchica","PD9VifC"
"miércale","PDmbWz9"
"miércoles","PDmhTfy"
"miga","PDtkw27"
"miga","PDw6GsO"
"migaja","PDxayFl"
"migajada","PDxcX3a"
"migajón","PE1EQgt"
"migar","PE1sYaT"
"migra","PE1yNbr"
"migración","PE38JXc"
"migrante","PE5WxjY"
"migraña","PE5lmKQ"
"migrañoso, sa","PE8QQCL"
"migrar","PE9Ykgj"
"migratorio, ria","PE9xqGK"
"miguelangelesco, ca","PEBHhDD"
"migueleño, ña","PECahSC"
"miguelete","PEDhmYF"
"miguelito","PEH6DSe"
"mihrab","PEIbDDi"
"mijero","PEKPWbO"
"mijitear","PELelBA"
"mijo","PEMdhlP"
"mikado","PENVFC0"
"mil","PENxPxR"
"milagrear","PEO33fo"
"milagrense","PEOmcQ5"
"milagrería","PEP7mJC"
"milagrero, ra","PEREmDs"
"milagriento, ta","PEWVtrq"
"milagro","PEYpsXJ"
"milagrón","PEcfxe8"
"milagrosamente","PEdXXas"
"milagroso, sa","PEe944I"
"milamores","PEeIHcC"
"milán","PEeQmq5"
"milana","PEjXr1Q"
"milanés, sa","PEhsRMd"
"milano","PEj4vBu"
"milbillonésimo, ma","PEk9WYB"
"mimado, da","PGnHRew"
"mimador, ra","PGorrMe"
"mimar","PGqplXT"
"mimar","PGsxYTi"
"mimbral","PGuLFeK"
"mimbrar","PGuPmoi"
"mimbre","PGv9IZg"
"mimbrear","PGwJQn0"
"mimbreño, ña","PGwzPpU"
"mimbreral","PH029da"
"mimbrero, ra","PH24czG"
"mimbrón","PH40RVi"
"mimbroso, sa","PH4gjni"
"mime","PH6A7ID"
"mimeografía","PH6UsNZ"
"mimeografiado","PH7D6eU"
"mina","PHhgPmY"
"mina","PHiyAPl"
"mina","PHjg0CR"
"minada","PHlT658"
"minado","PHmSi3C"
"minador, ra","PHo7wPJ"
"minal","PHoeFxs"
"minar","PHrBeX3"
"minarete","PHroPQr"
"minaz","PHx2bzV"
"minción","PHxHUSx"
"minción","PHxXIKe"
"mindango, ga","PI0cIQ0"
"mindanguear","PI0vo8A"
"mindoniense","PI19OkU"
"mindundi","PI2UHPz"
"mineraje","PI4F6gd"
"mineral","PI5Zvhw"
"mineralización","PI7DRO5"
"mineralizador, ra","PI7EAb5"
"mina","PHhgPmY"
"mina","PHiyAPl"
"mina","PHjg0CR"
"minada","PHlT658"
"minado","PHmSi3C"
"minador, ra","PHo7wPJ"
"minal","PHoeFxs"
"minar","PHrBeX3"
"minarete","PHroPQr"
"minaz","PHx2bzV"
"minción","PHxHUSx"
"minción","PHxXIKe"
"mindango, ga","PI0cIQ0"
"mindanguear","PI0vo8A"
"mindoniense","PI19OkU"
"mindundi","PI2UHPz"
"mineraje","PI4F6gd"
"mineral","PI5Zvhw"
"mineralización","PI7DRO5"
"mineralizador, ra","PI7EAb5"
"mineralizar","PI7F0u5"
"mineralogía","PI8Gp2J"
"mineralógico, ca","PIBB2mj"
"mineralogista","PIC7i7z"
"minería","PIM67GY"
"minerista","PIPdYBI"
"minero, ra","PIQMETY"
"mineroducto","PIXABpQ"
"mineromedicinal","PIZA36m"
"minerva","PIaZaLt"
"minervista","PIajYCj"
"minestrone","PIfBZCn"
"minga","PIgDkJ8"
"minga","PIgkP0D"
"mingaco","PIjefm3"
"mingar","PIjyCK7"
"mingitorio, ria","PIlManp"
"mingo","PIlTkHS"
"minguero, ra","PIodiGe"
"mini-","PIsYxFu"
"miniado","PIsoImn"
"miniar","PIsptqE"
"miniatura","PIulDDQ"
"miniaturista","PIunkTN"
"miniaturización","PJ2LshS"
"miniaturizar","PJ3F086"
"minibar","PJ6kldU"
"minibús","PJA8vHv"
"minicadena","PJEnN1p"
"minicasino","PJFf3R8"
"minicine","PJGg4S9"
"minicomponente","PJIWlus"
"minicuento","PJJcIQ6"
"minifalda","PJJmm5Z"
"minifaldero, ra","PJLgmP2"
"minifundio","PJRDbsh"
"minifundismo","PJSvO7d"
"minifundista","PJT3btZ"
"miniado","PIsoImn"
"miniar","PIsptqE"
"miniatura","PIulDDQ"
"miniaturista","PIunkTN"
"miniaturización","PJ2LshS"
"miniaturizar","PJ3F086"
"minibar","PJ6kldU"
"minibús","PJA8vHv"
"minicadena","PJEnN1p"
"minicasino","PJFf3R8"
"minicine","PJGg4S9"
"minicomponente","PJIWlus"
"minicuento","PJJcIQ6"
"minifalda","PJJmm5Z"
"minifaldero, ra","PJLgmP2"
"minifundio","PJRDbsh"
"minifundismo","PJSvO7d"
"minifundista","PJT3btZ"
"minigolf","PJV5zRn"
"minimalismo","PJYAJPl"
"minimalista","PJYlrHV"
"minimercado","PJZb3BM"
"minimista","PJbvy8f"
"minimización","PJccxDk"
"minimizador, ra","PJfIStp"
"minimizar","PJg2qlM"
"minino, na","PJgtEob"
"minio","PJh9nFb"
"miniserie","PJhc5ab"
"ministerial","PJhxUgo"
"ministerialismo","PJimLbP"
"ministerialmente","PJle134"
"ministerio","PJmhppq"
"ministrable","PJwH97X"
"ministración","PJwmVIi"
"ministrador, ra","PJx7c8I"
"ministrante","PJyUCPq"
"ministrar","PJz3tLx"
"ministril","PJz80KU"
"ministro, tra","PK3Dvlo"
"minisúper","PKA1buJ"
"miniteca","PKBzgAh"
"mini-","PIsYxFu"
"mino","PKC3UEz"
"minoico, ca","PKFtpSl"
"minoración","PKGcIPW"
"minorar","PKJoulm"
"minorativo, va","PKKNzeN"
"minoría","PKNVH5D"
"minoridad","PKO0Nwa"
"minorista","PKOxgRE"
"minorita","PKT4MfL"
"minoritario, ria","PKYyRLl"
"mintroso, sa","PKbRCCm"
"minuano, na","PKcLNkq"
"minucia","PKdGCwn"
"minuciosamente","PKdcG6W"
"minuciosidad","PKgfhL9"
"minucioso, sa","PKh066k"
"minué","PKkkxlI"
"minuendo","PKlEmeC"
"minuete","PKnAMAV"
"minueto","PKoKgOf"
"minusvalía","PKt23N9"
"minusvalidez","PKtBdVX"
"minusválido, da","PKtN3XR"
"minusvaloración","PKuFHhy"
"minusvalorar","PKvws3i"
"minuta","PKwOE91"
"minutación","PKx5In1"
"minutada","PKx9PhN"
"minuto, ta","PL6TXXC"
"minuano, na","PKcLNkq"
"minucia","PKdGCwn"
"minuciosamente","PKdcG6W"
"minuciosidad","PKgfhL9"
"minucioso, sa","PKh066k"
"minuendo","PKlEmeC"
"minuete","PKnAMAV"
"minueto","PKoKgOf"
"minué","PKkkxlI"
"minusvalía","PKt23N9"
"minusvalidez","PKtBdVX"
"minusválido, da","PKtN3XR"
"minusvaloración","PKuFHhy"
"minusvalorar","PKvws3i"
"minuta","PKwOE91"
"minutación","PKx5In1"
"minutada","PKx9PhN"
"minutado","PKxBXbk"
"minutaje","PKzXROy"
"minutar","PL01cYF"
"minutar","PL3iLD5"
"minutario","PL4stTw"
"minutero","PL5bOLS"
"minutisa","PL662Hw"
"minuto, ta","PL6TXXC"
"minúsculo, la","PKs4ucE"
"miñambre","PL6s8ns"
"miñón","PLAMjVg"
"miñón","PLC82mO"
"miñona","PLCrrdM"
"miñosa","PLDyK2P"
"mio","PLFjana"
"mio-","PLJSDQQ"
"miocárdico, ca","PLNVPyN"
"miocardio","PLPBMU4"
"miocardiopatía","PLPCCLF"
"miocarditis","PLQ38CX"
"mioceno, na","PLTdgoU"
"miocito","PLTk5mf"
"mioclonía","PLToDp3"
"mioclónico, ca","PLToDqE"
"miodinia","PLTsTkw"
"miolema","PLXUVYg"
"miología","PLXYGzb"
"mioma","PLa7mxL"
"miona","PLbEPDR"
"miope","PLbzdb0"
"miquelete","PLmFMP2"
"miquero","PLn369Y"
"miquis","PLrQyDU"
"mir","PLtGOLl"
"mira","PLtZOH1"
"mirabel","PLueFIf"
"mirable","PLyRd55"
"mirabolano","PLzPaNU"
"mirabrás","PM1ATAH"
"miracaimán","PM27y38"
"miraculosamente","PM2dENY"
"miraculoso, sa","PM4bN6E"
"mirada","PM4mGrz"
"miradero","PM8j8mi"
"mirado, da","PMECx5H"
"mirador, ra","PMGdZYv"
"miradura","PMGhf7h"
"miraglo","PMGv1Fz"
"miraguano","PMGzM9J"
"miraje","PMJbA8U"
"misa","PNZIW9X"
"misacantano","PNZnY7e"
"misachico","PNc9iQN"
"misal","PNeaVfx"
"misandria","PNfUuIF"
"misándrico, ca","PNhbTpI"
"misantropía","PNi7aEM"
"misantrópico, ca","PNjm6Po"
"misántropo, pa","PNkt6Js"
"misar","PNmEbQw"
"misario","PNmSe3z"
"misceláneo, a","PNnyl9C"
"miscible","PNoA9Tr"
"miserabilidad","PNoa1Ph"
"miserabilismo","PNpCKCt"
"miserabilización","PNs7ypO"
"mita","PPx6Mv1"
"mitad","PPxDPal"
"mitadenco","PPxbR3Y"
"mitán","PPxjBk9"
"mitayo","PPyto2p"
"mitificación","PQ0XNNE"
"mitificar","PQ7DcbX"
"mitigación","PQ7HdNv"
"mitigadamente","PQ9FdNN"
"mitigador, ra","PQB1liz"
"mitigar","PQDLVmQ"
"mitigativo, va","PQE45g8"
"mitigatorio, ria","PQFbQYJ"
"mitimae","PQH7UfI"
"mitin","PQI3N5V"
"mitinear","PQLAzIV"
"miura","PQumW7D"
"miurada","PQvWVuL"
"miureño, ña","PQw1Vwm"
"mistificación","PPezw4M"
"mistificador, ra","PPgcVBp"
"mistificar","PPgqAVp"
"mixedema","PQwVWGp"
"mixoma","PQznqHl"
"mixomatosis","PR1Jr3A"
"mixomiceto","PR5R8bi"
"mixteco, ca","PR7sziz"
"mixtela","PR9wHiq"
"mixti fori","PREZfPQ"
"mixtifori","PREByGu"
"mixtilíneo, a","PRFIr0C"
"mixtión","PRGrAvv"
"mixto, ta","PRHgusG"
"mixtura","PRKlDOK"
"mixturar","PRPWMS2"
"miz","PRQFfrZ"
"mizcal","PRUiNYa"
"mizo","PRZQa2o"
"mizo","PRalUrM"
"mizqueño, ña","PRb1mlR"
"mí","P9vGzr7"
"mía","P9vx2rX"
"mílite","PFx32Rq"
"mímesis","PHHa8xx"
"mímico, ca","PHOa6d2"
"mínimo, ma","PJgUkzI"
"mínimum","PJgqtJL"
"mío, a","PLHnXR2"
"míseramente","PO2Q9vS"
"mísero, ra","POO4zlU"
"míspero","PPCybVg"
"míster","PPNOWrd"
"místicamente","PPaq6zt"
"místico","PPbCFTL"
"místico","PPd3X8Q"
"mítico, ca","PPzMkE0"
"mnémico, ca","PRb3Ja6"
"mnemónico, ca","PRbUjYS"
"mnemotecnia","PRfWIUG"
"mnemotécnico, ca","PRhBcg8"
"mnésico, ca","PRiRZgV"
"moa","PRkcQfu"
"moabita","PRn2FuF"
"moái","PRpCdTc"
"moaré","PRwm9Jj"
"moaxaja","PRxpjhV"
"mobiliar","PS6D0DU"
"mobiliario, ria","PSAA1Au"
"moblaje","PSAvkTO"
"moblar","PSCLTS8"
"moble","PSDxSWX"
"mocador","PSGxfuX"
"mocano, na","PSIgpIH"
"mocar","PSKd5Qg"
"mocárabe","PSNNNvt"
"mocarro","PSNTOms"
"mocasín","PSNo5Z7"
"mocear","PSUTYOb"
"mocedad","PSV8krg"
"moa","PRkcQfu"
"moabita","PRn2FuF"
"moaré","PRwm9Jj"
"moaxaja","PRxpjhV"
"moái","PRpCdTc"
"mobiliar","PS6D0DU"
"mobiliario, ria","PSAA1Au"
"moblaje","PSAvkTO"
"moblar","PSCLTS8"
"moble","PSDxSWX"
"mocador","PSGxfuX"
"mocano, na","PSIgpIH"
"mocar","PSKd5Qg"
"mocárabe","PSNNNvt"
"mocarro","PSNTOms"
"mocasín","PSNo5Z7"
"mocear","PSUTYOb"
"mocedad","PSV8krg"
"mocejón","PSVX1qn"
"moceña","PSYLRqe"
"moceril","PSZVd3J"
"mocerío","PSZpp82"
"mocero","PSaul8X"
"mocete, ta","PSebmwx"
"mocetón, na","PSfTS18"
"mochada","PSgr7CF"
"mochales","PSiJZEs"
"mod","PTF9Wp4"
"moda","PTFxq8T"
"modal","PTIBs9h"
"modalidad","PTIzOlN"
"modéjar","PTLYbyH"
"modelable","PTLxtLZ"
"modelación","PTM7kJV"
"modelado","PTNHbGQ"
"modelador, ra","PTSmXKz"
"modelaje","PTT2D9t"
"modelar","PTTndjL"
"modélico, ca","PTWIlCj"
"modelismo","PTZfYeg"
"modelista","PTcVale"
"modelización","PTduH25"
"modelizar","PTiTAPF"
"modelo","PTk5Wk1"
"modenés, sa","PTlOong"
"moda","PTFxq8T"
"modal","PTIBs9h"
"modalidad","PTIzOlN"
"modelable","PTLxtLZ"
"modelación","PTM7kJV"
"modelado","PTNHbGQ"
"modelador, ra","PTSmXKz"
"modelaje","PTT2D9t"
"modelar","PTTndjL"
"modelismo","PTZfYeg"
"modelista","PTcVale"
"modelización","PTduH25"
"modelizar","PTiTAPF"
"modelo","PTk5Wk1"
"modenés, sa","PTlOong"
"moderación","PTnES0S"
"moderadamente","PTtKN27"
"moderado, da","PTw2u4z"
"moderador, ra","PTwvjCP"
"modéjar","PTLYbyH"
"modélico, ca","PTWIlCj"
"modicidad","PUU4goa"
"modificable","PUWtbls"
"modificación","PUZF5XS"
"modificador, ra","PUZo5S0"
"modificante","PUcJPOC"
"modificar","PUctmue"
"modificativo, va","PUfHT1U"
"modificatorio, ria","PUgWOqP"
"modillón","PUiHptb"
"modio","PUk3p6g"
"modismo","PUlqsDD"
"modista","PUltYpb"
"modistilla","PUv7x11"
"modisto","PUzV1fX"
"modo","PUzkYPH"
"modorrar","PV4i5JG"
"modorrilla","PV4oVZH"
"modorrillo","PV5o6im"
"modorro, rra","PV9CZFy"
"modosidad","PVAdzRm"
"modoso, sa","PVCOzon"
"modrego","PVCYJbh"
"modulable","PVDd3hh"
"modulación","PVEpwoi"
"modulado","PVHS2b1"
"modulado","PVHSD8i"
"modulador, ra","PVL6DTV"
"modular","PVMrsk6"
"modular","PVSyHsw"
"modularidad","PVSzZb2"
"moduloso, sa","PVU0wH1"
"modurria","PVWyUCY"
"modus","PVYP9D9"
"modus operandi","PVc0ldh"
"modus vivendi","PVcP0pp"
"moer","PVd6PtR"
"mofa","PVdinSB"
"mofador, ra","PVeXIPk"
"mofadura","PVejX2n"
"mofar","PViidXo"
"mofeta","PVmP9V1"
"mofeta","PVoUSZl"
"mofle","PVqFrsN"
"moflearse","PVtkqlz"
"moflete","PVv7MRd"
"mofletudo, da","PVweDT5"
"moflir","PVzCEkw"
"mogataz","PW06YZA"
"mogate","PW1cryj"
"mogato, ta","PW1upW1"
"mogo, ga","PW2JV5z"
"mogol, la","PW5wBAE"
"mogólico, ca","PW7O0Uy"
"mogolla","PW810de"
"mogollón, na","PWD37Gs"
"mogón, na","PWDspjD"
"mogote","PWE2mRc"
"mogrollo","PWEIQzQ"
"moguereño, ña","PWEdW0M"
"mohada","PWG0DHk"
"mohair","PWGIJXg"
"moharra","PWHcPhc"
"moharrache","PWI9OeU"
"moharracho","PWJKx8r"
"mohatra","PWLG4jz"
"mohatrar","PWMQvMM"
"mohatrero, ra","PWMj3kX"
"mohatrón, na","PWSsYWJ"
"mohecer","PWT5abp"
"moheda","PWTNZqU"
"mohedal","PWV6lk9"
"moheña","PWWUBVf"
"moheño, ña","PWYuzhE"
"mohicano, na","PWdEbht"
"mohiento, ta","PWdlPSh"
"moisés","PWrvhwH"
"mojábana","PWsfuYI"
"mojada","PWtEFn7"
"mojada","PWvH6Xd"
"mojada","PWwAllM"
"mojadedo","PWwkQik"
"mojadera","PWxqyJc"
"mojado, da","PWzSiMi"
"mojador, ra","PWzpg7b"
"mojadura","PX120vv"
"mojama","PX2qln0"
"mojar","PX4zRNk"
"mojarra","PX6UU9q"
"mojarrilla","PX9ScJD"
"moje","PXBC2Gl"
"mojel","PXDF9wV"
"mojeño, ña","PXFKrTj"
"mojera","PXHEzcn"
"mojete","PXMfBvp"
"mojí","PXNeDip"
"mojí","PXQkBDe"
"mojada","PWtEFn7"
"mojada","PWvH6Xd"
"mojada","PWwAllM"
"mojadedo","PWwkQik"
"mojadera","PWxqyJc"
"mojado, da","PWzSiMi"
"mojador, ra","PWzpg7b"
"mojadura","PX120vv"
"mojama","PX2qln0"
"mojar","PX4zRNk"
"mojarra","PX6UU9q"
"mojarrilla","PX9ScJD"
"mojábana","PWsfuYI"
"moje","PXBC2Gl"
"mojel","PXDF9wV"
"mojeño, ña","PXFKrTj"
"mojera","PXHEzcn"
"mojete","PXMfBvp"
"mojicón","PXRUWE7"
"mojiganga","PXWMVUs"
"mojigatería","PXWR1K6"
"mojigatez","PXaI8x5"
"mojigato, ta","PXaVM1m"
"mojina","PXeDCvh"
"mojinete","PXgcbrf"
"mojinete","PXhcVWp"
"mojito","PXmE7Ro"
"mojí","PXNeDip"
"mojí","PXQkBDe"
"mojo","PXnL5Jj"
"mojona","PXr6O7R"
"mojona","PXrbP2D"
"mojonación","PXrehv4"
"mojonar","PXrm8Ux"
"mojonera","PXtsC6t"
"mojonero","PY1dueb"
"mojón","PXo9dgU"
"mojón","PXq8hqB"
"moka","PY1ebTb"
"mol","PY2NNCc"
"mola","PY47SMH"
"mola","PY8VPJ5"
"molacho, cha","PY8wwRl"
"molada","PY9GM8v"
"molar","PY9Zg13"
"molar","PYBycna"
"molasa","PYEzehy"
"molcajete","PYH2i3D"
"molcajetear","PYHBj8i"
"moldar","PYJLq90"
"moldavo, va","PYKcqE4"
"molde","PYLm58e"
"moldeable","PYO7kgM"
"moldeado","PYOCxVa"
"moldeador, ra","PYOguIb"
"moldeamiento","PYQVSsN"
"moldear","PYR2pXj"
"moldeo","PYRo4N0"
"mola","PY47SMH"
"mola","PY8VPJ5"
"molacho, cha","PY8wwRl"
"molada","PY9GM8v"
"molar","PY9Zg13"
"molar","PYBycna"
"molasa","PYEzehy"
"molcajete","PYH2i3D"
"molcajetear","PYHBj8i"
"moldar","PYJLq90"
"moldavo, va","PYKcqE4"
"molde","PYLm58e"
"moldeable","PYO7kgM"
"moldeado","PYOCxVa"
"moldeador, ra","PYOguIb"
"moldeamiento","PYQVSsN"
"moldear","PYR2pXj"
"moldeo","PYRo4N0"
"moldero","PYSdDPo"
"moldista","PYZCfIe"
"moldura","PYdB29P"
"moldura","PYeA2nx"
"moldurar","PYeTktI"
"mole","PYf1lKv"
"mole","PYgaDRU"
"mole","PYhL3KW"
"molecular","PYlXmp5"
"moledero, ra","PYnHrLA"
"moledor, ra","PYp63nE"
"moledura","PYpSjcK"
"moleja","PYqUUpZ"
"molejón","PYtIVUJ"
"molendero, ra","PYx3kJk"
"moleño, ña","PZ11UWh"
"moler","PZ1haAy"
"molero","PZ1tDsI"
"molestador, ra","PZ2BEPI"
"molestamente","PZ2cksc"
"molestar","PZ2fjJW"
"molestia","PZ5Xhcs"
"molécula","PYhTvmH"
"molibdeno","PZBBGbh"
"molicie","PZBiX9V"
"molido","PZDSPie"
"molienda","PZHtAT6"
"moliente","PZIpw2D"
"molificable","PZJEZ8x"
"molificación","PZMMKtt"
"molificar","PZROn9B"
"molificativo, va","PZSCN0N"
"molimiento","PZSrZzs"
"molinada","PZVX9Yv"
"molinar","PZWdc1C"
"molinería","PZX6bdq"
"molinero, ra","PZZ453e"
"molinés, sa","PZckCSI"
"molinete","PZcwEGx"
"molinetear","PZdgdkM"
"molla","PZtVMOc"
"mollar","PZtrWVK"
"mollate","PZuBdHF"
"molle","PZuQddQ"
"mollear","PZv7wmS"
"molledo","PZwAOUo"
"molleja","Pa1FrEB"
"mollejo, ja","Pa2LGyV"
"mollejón","Pa5mWyf"
"mollejón","Pa792mL"
"mollendino, na","Pa9tKRQ"
"mollera","PaADsRU"
"mollero","PaB8gTe"
"molleta","PaG21Ps"
"molletas","PaNBhgt"
"mollete","PaPzIFZ"
"molletero, ra","PaQ2BN6"
"molletudo, da","PaQ2mZN"
"molla","PZtVMOc"
"mollar","PZtrWVK"
"mollate","PZuBdHF"
"molle","PZuQddQ"
"mollear","PZv7wmS"
"molledo","PZwAOUo"
"molleja","Pa1FrEB"
"mollejo, ja","Pa2LGyV"
"mollejón","Pa5mWyf"
"mollejón","Pa792mL"
"mollendino, na","Pa9tKRQ"
"mollera","PaADsRU"
"mollero","PaB8gTe"
"molleta","PaG21Ps"
"molletas","PaNBhgt"
"mollete","PaPzIFZ"
"molletero, ra","PaQ2BN6"
"molletudo, da","PaQ2mZN"
"mollez","PaQPWSA"
"molleza","PaSVXWT"
"mollicio, cia","PaUoMdT"
"mollidura","PaV1EhJ"
"mollificar","PaX7OD8"
"mollinear","PabqMjX"
"mollino, na","PadKAyu"
"mollir","PadXqhq"
"mollizna","PalxtLr"
"molliznar","PanCpwR"
"molliznear","PanmbMZ"
"molo","PapFf8n"
"molón","Pau6gh0"
"molondra","Pax5joZ"
"molondro","PazwoYc"
"molondrón","Pb1ttvh"
"molonquear","Pb46xra"
"moloso, sa","Pb5DD4i"
"molote","Pb5MMKv"
"molotera","Pb5Qd2w"
"molotov","Pb7A9bZ"
"molón","Pas89at"
"molón","Pau6gh0"
"molsa","Pb7Ojne"
"molso, sa","PbEDAoc"
"moltura","PbPhzad"
"molturación","PbQWWPz"
"molturador, ra","PbWsKhv"
"molturar","PbYd53W"
"molusco","PbZusIp"
"momeador, ra","PbcvqUd"
"momear","PbeXki1"
"momentáneamente","PbgU8rn"
"momentáneo, a","Pbm3AH9"
"momento","Pbn1zcv"
"momería","PbsYsIL"
"momero, ra","Pbsn64d"
"momificación","PbtZpEA"
"momificar","Pbtfe1K"
"momio, mia","Pbw5FL8"
"momo","PbwWyII"
"momórdiga","PbxDFZx"
"momperada","Pc0KrqH"
"mona","Pc0Zdk9"
"mona","Pc2kVqn"
"monacal","Pc3Yxyg"
"monacato","Pc3nOL2"
"monacillo","Pc3rN7I"
"monacordio","Pc60YYc"
"monada","Pc9MpIj"
"monadelfo","PcBHSHZ"
"monadología","PcCE4nL"
"monago","PcE69VQ"
"monaguense","PcJkVv2"
"monaguillo, lla","PcLICll"
"monaquismo","PcOp82k"
"monarca","PcPxbzL"
"monarquía","PcUKgda"
"monárquico, ca","PcUcxBC"
"monarquismo","PcXPwet"
"monasterial","PcXjSL4"
"monasterio","PcYovoV"
"mono","PeswonB"
"mona","Pc0Zdk9"
"mona","Pc2kVqn"
"monacal","Pc3Yxyg"
"monacato","Pc3nOL2"
"monacillo","Pc3rN7I"
"monacordio","Pc60YYc"
"monada","Pc9MpIj"
"monadelfo","PcBHSHZ"
"monadología","PcCE4nL"
"monago","PcE69VQ"
"monaguense","PcJkVv2"
"monaguillo, lla","PcLICll"
"monaquismo","PcOp82k"
"monarca","PcPxbzL"
"monarquía","PcUKgda"
"monarquismo","PcXPwet"
"monasterial","PcXjSL4"
"monasterio","PcYovoV"
"mono","PeswonB"
"monacal","Pc3Yxyg"
"monacato","Pc3nOL2"
"monacillo","Pc3rN7I"
"monacordio","Pc60YYc"
"monada","Pc9MpIj"
"monadelfo","PcBHSHZ"
"monadología","PcCE4nL"
"monago","PcE69VQ"
"monaguense","PcJkVv2"
"monaguillo, lla","PcLICll"
"monaquismo","PcOp82k"
"monarca","PcPxbzL"
"monarquía","PcUKgda"
"monarquismo","PcXPwet"
"monasterial","PcXjSL4"
"monasterio","PcYovoV"
"monárquico, ca","PcUcxBC"
"monástico, ca","PcaFosq"
"moncheta","PceESZy"
"monda","PcfyMjb"
"monda","Pch8aEr"
"mondaderas","PckiAyL"
"mondadientes","PcnsOt5"
"mondador, ra","Pcsnxyq"
"mondadura","PcuHMFQ"
"mondaoídos","Pcyg0Xu"
"mondaorejas","PcyoqnY"
"mondapozos","Pcyxc1M"
"mondar","Pcz21mF"
"mondarajas","Pd1FLUA"
"mondaria","Pd1d0fp"
"mondejo","Pd36iHR"
"mondo, da","Pd4n8rF"
"mondón","Pd9g1Ft"
"mondonga","PdALJ9P"
"mondongo","PdAeBy2"
"mondonguería","PdEKwia"
"mondonguero, ra","PdFZrG8"
"monda","PcfyMjb"
"monda","Pch8aEr"
"mondaderas","PckiAyL"
"mondadientes","PcnsOt5"
"mondador, ra","Pcsnxyq"
"mondadura","PcuHMFQ"
"mondaoídos","Pcyg0Xu"
"mondaorejas","PcyoqnY"
"mondapozos","Pcyxc1M"
"mondar","Pcz21mF"
"mondarajas","Pd1FLUA"
"mondaria","Pd1d0fp"
"mondo, da","Pd4n8rF"
"mondejo","Pd36iHR"
"mondo, da","Pd4n8rF"
"mondonga","PdALJ9P"
"mondongo","PdAeBy2"
"mondonguería","PdEKwia"
"mondonguero, ra","PdFZrG8"
"mondonguil","PdHL7VL"
"mondón","Pd9g1Ft"
"monear","PdNB4JK"
"monecillo","PdNBOzl"
"moneda","PdNuKTo"
"monedado","PdPGriZ"
"monedaje","PdVDL6J"
"monedar","PdYlkSE"
"monedear","Pda1QXg"
"monedería","PdbokIF"
"monedero, ra","PdbqkZ8"
"monegasco, ca","PdeSB2q"
"monema","PdhvCfb"
"monera","PdijNRS"
"monería","Pdjw497"
"monesco, ca","PdkRaew"
"monesterio","PdlCVd5"
"monetal","PdnaUW6"
"monetario, ria","Pdq5TI7"
"monfí","Pe1Jy3e"
"monfortino, na","Pe1lTyv"
"monga","Pe1mfQG"
"mongo","Pe2ukcc"
"mongo","Pe3PYwp"
"mongólico, ca","Pe8WQle"
"mongolismo","Pe9FnBx"
"mongol, la","Pe3PhY0"
"mongoloide","Pe9lM29"
"moni","Pe9yEUl"
"moniato","PeAGXTz"
"monicaco, ca","PeGYwAF"
"monición","PeH7PSv"
"monigote","PeKnfn2"
"monilla","PeLfzfS"
"monillo","PeNNhHo"
"monimiáceo, a","PeNy4Oe"
"monipodio","PePiKnx"
"monismo","PeWjWet"
"monista","PebTBIs"
"monito","Pec0fcq"
"monitor","PecCzoV"
"monitor","PecPfIO"
"monitorear","PecQiEQ"
"monitorear","PecQj5S"
"monitoreo","PecTwQ3"
"monitoreo","PecUrIC"
"monitorio, ria","PefKa8S"
"moniato","PeAGXTz"
"monicaco, ca","PeGYwAF"
"monición","PeH7PSv"
"monigote","PeKnfn2"
"monilla","PeLfzfS"
"monillo","PeNNhHo"
"monimiáceo, a","PeNy4Oe"
"monipodio","PePiKnx"
"moni","Pe9yEUl"
"monismo","PeWjWet"
"monista","PebTBIs"
"monito","Pec0fcq"
"monitor","PecCzoV"
"monitor","PecPfIO"
"monitorear","PecQiEQ"
"monitorear","PecQj5S"
"monitoreo","PecTwQ3"
"monitoreo","PecUrIC"
"monitorio, ria","PefKa8S"
"monitorización","Pegji6l"
"monitorizar","PehHKV2"
"monitos","PehfMoM"
"moni","Pe9yEUl"
"monís","PeSTTVO"
"monís","PeTvZzV"
"monje, ja","Pejydmn"
"monjerío","Pekhkmw"
"monjía","PeojYCZ"
"monjil","Peprf5N"
"monjío","PeqCfhT"
"monjita","PeqNBnh"
"mono-","PezjNR6"
"mono","PeswonB"
"mono","PevMcDo"
"monoansado, da","Pf2fTbV"
"monoaural","Pf4Uhsw"
"monocarril","Pf5MuO3"
"monocasco","Pf6qGqC"
"monocatenario, ria","PfBYbKv"
"monoceronte","PfCZcLw"
"monocerote","PfDVO2m"
"monociclo","PfDvetR"
"monocito","PfGkK5f"
"monoclamídeo, a","PfGmIAv"
"monoclínico, ca","PfJYyfj"
"monoclonal","PfKGToH"
"monocolor","PfL78KS"
"monocorde","PfP1Kpg"
"monóculo, la","PffPUtu"
"monódico, ca","Pfkr9rD"
"monógamo, ma","Pg5ssab"
"monólogo","PgeqK5L"
"monóptero, ra","PhP5TEl"
"monóstrofe","PhtZS3p"
"monótonamente","PiGj8AX"
"monótono, na","PiLbZAE"
"monóxido","PiPDEWV"
"monóxilo","PiR2yoR"
"monra","PiUmgDo"
"monse","PiVMzwq"
"monseñor","PiVuanE"
"monserga","PiXoLeL"
"monstro","PiY23Kg"
"monstruo","PiY3lWL"
"monstruosamente","PiYMmVx"
"monstruosidad","Pib0wie"
"monstruoso, sa","Pid7DHs"
"monta","PidIi50"
"montacarga","PifTPg3"
"montacargas","Pifjbjz"
"montadero","Pigf5Xj"
"montadgo","Pih0Cak"
"montado, da","Pih6VXj"
"montador, ra","Pihi1nj"
"montadura","PinqyF5"
"montaje","Pis37U6"
"montajista","Pisl3Vs"
"montambanco","PithD8y"
"montanear","PivZQVq"
"montanera","PiwA2II"
"montanero","Pj0kRCz"
"montanismo","Pj1B2XX"
"montanista","Pj1RfYn"
"montano, na","Pj1gxCs"
"monuelo, la","PkxLJKo"
"monumental","PkyWacx"
"monumentalidad","Pl5BqSW"
"monumentalismo","Pl7hINl"
"monumentalista","PlBcLEU"
"monumentalización","PlBh3Yg"
"monumentalizar","PlCnnmz"
"monumento","PlDhkfD"
"monzón","PlDtCqM"
"monzónico, ca","PlF4S4M"
"moña","PlIDcFN"
"moñas","PlJ0L1M"
"moñista","PlL858K"
"moñita","PlNiCd7"
"moño","PlO3owM"
"moñón, na","PlOCgHI"
"moñudo, da","PlPTI2q"
"mopa","PlQHDM9"
"mopán","PlQW4SL"
"moquear","PlQoEzv"
"moqueguano, na","PlQsKps"
"moqueo","PlSC3lC"
"moquera","PlTKm8W"
"moquero","PlY5vOo"
"moqueta","Pld6c6V"
"moquete","Ple6ix6"
"moquetear","PleZBSm"
"moquetear","Plfil58"
"moquillo","PlgQWDh"
"moquita","PlgqXX2"
"moquitear","PlhZ7OV"
"mor","PliIIhm"
"mora","Pliz3P1"
"mora","Plk7QR8"
"morabetino","Pll5Cb7"
"morabito","Plm8A4W"
"morabuto","Plndvts"
"moráceo, a","Plnomh0"
"moracho, cha","Plp50HA"
"morada","PlqCJxX"
"morado, da","Plr9pOR"
"morador, ra","PlrGH0X"
"moradura","PluS86o"
"moradux","PlyK7R1"
"moraga","PlyYnuP"
"morago","Plzrf0g"
"moral","Pm2wZfs"
"moral","Pm4ASgI"
"moraleda","Pm4dqGD"
"moraleja","Pm5dKdp"
"moro, ra","PqZDbAp"
"mora","Pliz3P1"
"mora","Plk7QR8"
"morabetino","Pll5Cb7"
"morabito","Plm8A4W"
"morabuto","Plndvts"
"moracho, cha","Plp50HA"
"morada","PlqCJxX"
"morado, da","Plr9pOR"
"morador, ra","PlrGH0X"
"moradura","PluS86o"
"moradux","PlyK7R1"
"moraga","PlyYnuP"
"morago","Plzrf0g"
"moral","Pm2wZfs"
"moral","Pm4ASgI"
"moraleda","Pm4dqGD"
"moraleja","Pm5dKdp"
"moralidad","Pm8FKLq"
"moralina","PmCWuBs"
"moro, ra","PqZDbAp"
"morabetino","Pll5Cb7"
"morabito","Plm8A4W"
"morabuto","Plndvts"
"moracho, cha","Plp50HA"
"morada","PlqCJxX"
"morado, da","Plr9pOR"
"morador, ra","PlrGH0X"
"moradura","PluS86o"
"moradux","PlyK7R1"
"moraga","PlyYnuP"
"morago","Plzrf0g"
"moral","Pm2wZfs"
"moral","Pm4ASgI"
"moraleda","Pm4dqGD"
"moraleja","Pm5dKdp"
"moralidad","Pm8FKLq"
"moralina","PmCWuBs"
"moralismo","PmCr4bV"
"moralista","PmD8GDz"
"moralización","PmH4tgQ"
"moralizador, ra","PmMpK3k"
"moralizante","PmN8aaI"
"moralizar","PmNsRnG"
"moralmente","PmQqGND"
"moranza","PmSi72F"
"morapio","PmSuxvI"
"morar","PmVP9ft"
"moratiniano, na","PmZiIcG"
"morato","PmbTDtc"
"moratón","PmiZODd"
"moratoria","PmieP4X"
"moravo, va","PmjXQgW"
"morazanense","PmjcFMp"
"moráceo, a","Plnomh0"
"morán","PmRvcZV"
"morbidez","PmkNPpm"
"morbideza","Pmknmpe"
"morbífico, ca","Pmnioro"
"morbilidad","PmpI63u"
"morbimortalidad","PmrURFw"
"morbo","PmtboZy"
"morbosidad","Pmvjz9F"
"morboso, sa","PmxBlYh"
"morca","PmxF2QM"
"morcacho","Pmy4Znr"
"morcajo","Pn00w6p"
"morcal","Pn0gJv9"
"morcar","Pn1Jcut"
"morceguila","Pn1pPSR"
"morcella","Pn92Dhi"
"morceña","PnAU3Ou"
"morciguillo","PnB1069"
"morcilla","PnBQhSF"
"morcillero, ra","PnE6jYi"
"morcillo","PnFPwDd"
"morcillo","PnGFiW0"
"morcillón, na","PnGdtcm"
"morcón","PnHZ7fm"
"morcuero","PnM1sgf"
"mordacear","PnMWuza"
"mordacidad","PnPqc2v"
"mordaga","PnQVEzK"
"mordante","PnSXe0W"
"mordaz","PnTWc0Q"
"mordaza","PnTwP3K"
"mordazmente","PnUsQ5R"
"mordedor, ra","PnVVdw0"
"mordedura","PnVbdpB"
"mordelón, na","PnZTybb"
"mordente","Pnakbdk"
"morder","PnctlSB"
"mordicación","Pne3N3J"
"mordicante","PngZnZP"
"mordicar","Pnjbx9z"
"mordicativo, va","PnoUypY"
"mordida","PnreOSK"
"mordido, da","PnuCoYm"
"mordacear","PnMWuza"
"mordacidad","PnPqc2v"
"mordaga","PnQVEzK"
"mordante","PnSXe0W"
"mordaz","PnTWc0Q"
"mordaza","PnTwP3K"
"mordazmente","PnUsQ5R"
"mordedor, ra","PnVVdw0"
"mordedura","PnVbdpB"
"mordelón, na","PnZTybb"
"mordente","Pnakbdk"
"morder","PnctlSB"
"mordicación","Pne3N3J"
"mordicante","PngZnZP"
"mordicar","Pnjbx9z"
"mordicativo, va","PnoUypY"
"mordida","PnreOSK"
"mordido, da","PnuCoYm"
"mordiente","PnvFpdx"
"mordihuí","PnxCMk1"
"mordillo","PnxjFg1"
"mordimiento","PnxlVXm"
"mordiscar","Pnxq7MM"
"mordisco","PnydnFL"
"mordisquear","Po0Ymjy"
"mordisqueo","Po2OLEE"
"moreda","Po6ft74"
"morelense","Po7nYL1"
"moreliano, na","PoGi9Fl"
"morellano, na","PoGpXgW"
"morena","PoIHtLM"
"morena","PoIkAPq"
"morena","PoKRVJR"
"morenal","PoMrgqI"
"morenero","PoPtEGQ"
"morenez","PoQhG5L"
"morenillo","PoQxERM"
"morenito","PoU7zjt"
"moreno, na","PoWa1KO"
"morenura","PoX3ueI"
"morera","PoZ9Tr9"
"moreral","PodwZDJ"
"morería","PofVo75"
"morete","PogMyde"
"moretear","PohlnBX"
"moretón","PoiwQLY"
"moreda","Po6ft74"
"morelense","Po7nYL1"
"moreliano, na","PoGi9Fl"
"morellano, na","PoGpXgW"
"morena","PoIHtLM"
"morena","PoIkAPq"
"morena","PoKRVJR"
"morenal","PoMrgqI"
"morenero","PoPtEGQ"
"morenez","PoQhG5L"
"morenillo","PoQxERM"
"morenito","PoU7zjt"
"moreno, na","PoWa1KO"
"morenura","PoX3ueI"
"morera","PoZ9Tr9"
"moreral","PodwZDJ"
"morería","PofVo75"
"morete","PogMyde"
"moretear","PohlnBX"
"moretón","PoiwQLY"
"morfa","Poj8ARV"
"morfar","PolscCE"
"morfema","Polt8j2"
"morfina","Popiw0z"
"morfinismo","PotcG0u"
"morfinomanía","PouBMUC"
"morfinómano, na","PovMek0"
"morfo","Pox4yp8"
"morfofonología","Poyrcjw"
"morfofonológico, ca","Pp1UGfD"
"morfología","Pp2aAEL"
"morfológico, ca","Pp3LxqP"
"morfólogo, ga","Pp7zGs6"
"morfometría","Pp8VS4S"
"morfo-, -morfo, fa","Pox6y6W"
"morfosintáctico, ca","Pp9tPIF"
"morga","PpEzGw3"
"morganático, ca","PpFYbcZ"
"morgaño","PpGWDzr"
"morgón","PpHE7gp"
"morgue","PpMi0sV"
"morguera","PpOQc3m"
"moriángano","PpPtZl4"
"moribundo, da","PpSLYyc"
"morichal","PpSYhfv"
"moriche","PpVYlxN"
"moridera","PpW1hnG"
"moridero","PpaQ8U4"
"moridor, ra","Ppay10W"
"moriego, ga","PpcE6s0"
"morigeración","PpcQajn"
"morigerado, da","Ppck4I3"
"morigerar","Ppd6iqh"
"moriles","PpdNciw"
"morilla","Ppehyiw"
"morillero","Ppi2Sdk"
"morillo","PpmP6db"
"moringa","PpmdmrC"
"morlaco","Pq3HeC6"
"morlaco","Pq51lT1"
"morlés","Pq91GoF"
"morlón, na","PqBTQXW"
"mormado, da","PqEaIl0"
"mormarse","PqJNLkb"
"mormónico, ca","PqK2FkN"
"mormonismo","PqNgm9i"
"mormón, na","PqJyExD"
"mormotear","PqNsFor"
"mormullar","PqOaePS"
"mormullo","PqR8Isa"
"morocada","PqaiMZg"
"morochillo","PqbEUYN"
"morocho, cha","PqbyAYy"
"morocota","PqfKnJ5"
"morojo","PqhJzMw"
"moro-moro","PqinWkL"
"morón","PqjC7NB"
"moroncho, cha","Pql7PkM"
"morondanga","PqlKHLn"
"morondo, da","Pqp4Qsh"
"moronés, sa","Pqqcm4W"
"moronga","Pquabk2"
"morongazo","PqxYVZu"
"morongueada","PqzWZqR"
"moronguear","Pr4HtP2"
"moro, ra","PqZDbAp"
"morón","PqiptIc"
"morón","PqjC7NB"
"morquera","PrB6dEL"
"morquero","PrBhuzo"
"morra","PrDlSbp"
"morra","PrEldWC"
"morra","PrFRj9T"
"morrada","PrH2hr7"
"morral","PrIJEiS"
"morralada","PrKia9d"
"morralla","PrL5J85"
"morrear","PrLMc1t"
"morrena","PrOcDl1"
"morreo","PrPGnTQ"
"morreras","PrQHJZi"
"morrilla","PrRGfrP"
"morrillo","PrRYPtM"
"morriña","PrSUwFk"
"morriñoso, sa","PrWOxgH"
"morrión","PrX5bCh"
"morro","PrXzyyK"
"morro","PrY17Xz"
"morro","PrY6QFr"
"morrocota","PrZGl3i"
"morra","PrDlSbp"
"morra","PrEldWC"
"morra","PrFRj9T"
"morrada","PrH2hr7"
"morral","PrIJEiS"
"morralada","PrKia9d"
"morralla","PrL5J85"
"morro","PrY6QFr"
"morrear","PrLMc1t"
"morrena","PrOcDl1"
"morreo","PrPGnTQ"
"morreras","PrQHJZi"
"morrilla","PrRGfrP"
"morrillo","PrRYPtM"
"morriña","PrSUwFk"
"morriñoso, sa","PrWOxgH"
"morrión","PrX5bCh"
"morro","PrXzyyK"
"morro","PrY17Xz"
"morro","PrY6QFr"
"morrocota","PrZGl3i"
"morrocotudo, da","PrZaDXn"
"morrocoyo","PrbB05C"
"morroncho, cha","PrdYZDv"
"morrongo, ga","PrfwWRJ"
"morroño, ña","PrhPs17"
"morroñoso, sa","PricIyy"
"morrón","PrdLK3A"
"morrudo, da","PrzAHcG"
"morsa","PrzeKBl"
"morsa","Prznpb1"
"morsana","Ps1A5Og"
"morse","Ps5tkJ1"
"mortadela","Ps7FuJI"
"mortaja","Ps7ZDnz"
"mortaja","PsBRQH3"
"mortajar","PsBdrua"
"mortal","PsCQNaa"
"mortaldad","PsFVqVs"
"mortalidad","PsGiidK"
"mortalmente","PsHRvem"
"mortandad","PsHwWSh"
"mortecino, na","PsIXnAs"
"mortera","PsJ9Jk0"
"morterada","PsKjbMR"
"morterazo","PsKlmhs"
"morterete","PsLICXw"
"mortero","PsO2jlU"
"morteruelo","PsOGJE4"
"mortífero, ra","PsOMdTO"
"mortificación","PsPQk4i"
"mortificador, ra","PsQ753X"
"mortadela","Ps7FuJI"
"mortaja","Ps7ZDnz"
"mortaja","PsBRQH3"
"mortajar","PsBdrua"
"mortal","PsCQNaa"
"mortaldad","PsFVqVs"
"mortalidad","PsGiidK"
"mortalmente","PsHRvem"
"mortandad","PsHwWSh"
"mortecino, na","PsIXnAs"
"mortera","PsJ9Jk0"
"morterada","PsKjbMR"
"morterazo","PsKlmhs"
"morterete","PsLICXw"
"mortero","PsO2jlU"
"morteruelo","PsOGJE4"
"mortificación","PsPQk4i"
"mortificador, ra","PsQ753X"
"mortificante","PsRSA0a"
"mortificar","PsSpNIj"
"mortiguar","PsTEPt4"
"mortiñada","Psf0VU1"
"mortinato, ta","PsaKSC6"
"mortiño","PsiaM7r"
"mortis causa","PsjWotN"
"mortífero, ra","PsOMdTO"
"mortuorio, ria","Pskj6sz"
"morucho","Psl8XvW"
"morueco","PsmNuh9"
"morugo, ga","Psmykqh"
"moruno, na","PstW22t"
"moruro","PsuWDU7"
"morusa","Psv7SBm"
"mosaicismo","Psv8PSa"
"mosaico","PsvILdN"
"mosaico","Psw9YfJ"
"mosaiquismo","PsxPe1G"
"mosaiquista","PsygqQC"
"mosaísmo","Pt09Zry"
"mosca","Pt3ozF8"
"moscabado, da","Pt6xAno"
"moscada","Pt97JLG"
"moscadero","PtAXFIT"
"moscar","PtDfYnS"
"moscarda","PtEHTzZ"
"moscardear","PtGeAw4"
"moscardón","PtGvXTy"
"moscareta","PtIgw6w"
"moscarrón","PtJQqw5"
"moscatel","PtJgbze"
"moscatel","PtQgkLq"
"moscella","PtURmNS"
"mosco, ca","PtVeobh"
"mosaicismo","Psv8PSa"
"mosaico","PsvILdN"
"mosaico","Psw9YfJ"
"mosaiquismo","PsxPe1G"
"mosaiquista","PsygqQC"
"mosaísmo","Pt09Zry"
"mosca","Pt3ozF8"
"moscabado, da","Pt6xAno"
"moscada","Pt97JLG"
"moscadero","PtAXFIT"
"moscar","PtDfYnS"
"moscarda","PtEHTzZ"
"moscardear","PtGeAw4"
"moscardón","PtGvXTy"
"moscareta","PtIgw6w"
"moscarrón","PtJQqw5"
"moscatel","PtJgbze"
"moscatel","PtQgkLq"
"moscella","PtURmNS"
"mosco, ca","PtVeobh"
"moscóforo","PtVkQhi"
"moscón","PtWq2nk"
"moscona","PteAxHS"
"mosconear","PthVCrl"
"mosconeo","Pthip7A"
"moscorra","Ptjj7se"
"mosca","Pt3ozF8"
"moscabado, da","Pt6xAno"
"moscada","Pt97JLG"
"moscadero","PtAXFIT"
"moscar","PtDfYnS"
"moscarda","PtEHTzZ"
"moscardear","PtGeAw4"
"moscardón","PtGvXTy"
"moscareta","PtIgw6w"
"moscarrón","PtJQqw5"
"moscatel","PtJgbze"
"moscatel","PtQgkLq"
"mosco, ca","PtVeobh"
"moscella","PtURmNS"
"mosco, ca","PtVeobh"
"moscona","PteAxHS"
"mosconear","PthVCrl"
"mosconeo","Pthip7A"
"moscorra","Ptjj7se"
"moscoso","Ptkjhu4"
"moscovio","Ptkqkd9"
"moscovita","PtlxoRH"
"moscovítico, ca","Pu1MOve"
"moscóforo","PtVkQhi"
"moscón","PtWq2nk"
"mosén","Pu2WV1u"
"mosolina","Pu3G6nY"
"mosqueado, da","Pu5oUlI"
"mosqueador","PuBI8Ja"
"mosquear","PuDeGbk"
"mosqueo","PuGoCMT"
"mosquerío","PuGuA8m"
"mosquero","PuHTy4M"
"mosquerola","PuHmhfp"
"mosqueruela","PuL6p9z"
"mosqueta","PuSWXdV"
"mosquetazo","PuT1Xub"
"mosquete","PuTKea3"
"mosquetería","PuUxSNW"
"mosqueteril","PuX6QaF"
"mosquetero","PuZAoFM"
"mosquetón","PuaTX5P"
"mosquil","PuaVZhJ"
"mosquillón","PubE7zP"
"mosquino, na","Puc7NL9"
"mosqueado, da","Pu5oUlI"
"mosqueador","PuBI8Ja"
"mosquear","PuDeGbk"
"mosqueo","PuGoCMT"
"mosquerío","PuGuA8m"
"mosquero","PuHTy4M"
"mosquerola","PuHmhfp"
"mosqueruela","PuL6p9z"
"mosqueta","PuSWXdV"
"mosquetazo","PuT1Xub"
"mosquete","PuTKea3"
"mosquetería","PuUxSNW"
"mosqueteril","PuX6QaF"
"mosquetero","PuZAoFM"
"mosquetón","PuaTX5P"
"mosquil","PuaVZhJ"
"mosquillón","PubE7zP"
"mosquino, na","Puc7NL9"
"mosqueado, da","Pu5oUlI"
"mosqueador","PuBI8Ja"
"mosquear","PuDeGbk"
"mosqueo","PuGoCMT"
"mosquerío","PuGuA8m"
"mosquero","PuHTy4M"
"mosquerola","PuHmhfp"
"mosqueruela","PuL6p9z"
"mosqueta","PuSWXdV"
"mosquetazo","PuT1Xub"
"mosquete","PuTKea3"
"mosquetería","PuUxSNW"
"mosqueteril","PuX6QaF"
"mosquetero","PuZAoFM"
"mosquetón","PuaTX5P"
"mosquil","PuaVZhJ"
"mosquillón","PubE7zP"
"mosquino, na","Puc7NL9"
"mosquita","Pud26cM"
"mosquitera","PueDbsm"
"mosquitero","PueKrFx"
"mosquito","PuiMZGa"
"mostacera","PujOu1K"
"mostacero","PujgO7a"
"mostacho","PulYO95"
"mostachol","PumGQG6"
"mostachón","Puo5SV8"
"mostachoso, sa","Put9oLf"
"mostachudo, da","Puwfqjd"
"mostacilla","Puy6zOl"
"mostagán","PuzWlrU"
"mostajo","PuzenUK"
"mostaza","Pv0lj2y"
"mostazal","Pv2UJiU"
"mostazo","Pv3VHa6"
"mostear","Pv4ZPxd"
"mostela","Pv57m4m"
"mostelera","Pv5NHgA"
"mostellar","Pv6bjcd"
"mostén","Pv7IYTA"
"mostacera","PujOu1K"
"mostacero","PujgO7a"
"mostacho","PulYO95"
"mostachol","PumGQG6"
"mostachón","Puo5SV8"
"mostachoso, sa","Put9oLf"
"mostachudo, da","Puwfqjd"
"mostacilla","Puy6zOl"
"mostagán","PuzWlrU"
"mostajo","PuzenUK"
"mostaza","Pv0lj2y"
"mostazal","Pv2UJiU"
"mostazo","Pv3VHa6"
"mostear","Pv4ZPxd"
"mostela","Pv57m4m"
"mostelera","Pv5NHgA"
"mostellar","Pv6bjcd"
"mostense","Pv7z4XY"
"mostén","Pv7IYTA"
"mostillo","PvAj2vX"
"mosto","PvBHTKb"
"mostrable","PvBhfFR"
"mostración","PvCpJAa"
"mostrado, da","PvE9NnG"
"mostrador, ra","PvFSYXb"
"mostranza","PvG22YS"
"mostrar","PvGuUuK"
"mostrativo, va","PvHAvah"
"mostrenco, ca","PvPsR4h"
"mostro","PvQiCRm"
"mota","PvSWmD7"
"motacila","PvWa0gt"
"motacú","Pva8Jah"
"motasatol","PvbSFD7"
"mote","Pvbc6Xe"
"mote","PvcQkdT"
"mote","PvdCHkh"
"motear","PvetWps"
"motejador, ra","PvfyATb"
"motejar","PvfzOFN"
"motejo","PvgjMKh"
"motel","Pvi8eF6"
"motero","PvoqPjt"
"motero","PvrE32G"
"motero","PvvbqTB"
"motero","PvxUYKr"
"motete","PvxZXHY"
"motete","PvxeyAd"
"motil","PvyvvKy"
"moto","PwIHLsR"
"mota","PvSWmD7"
"motacila","PvWa0gt"
"motacú","Pva8Jah"
"motasatol","PvbSFD7"
"moto","PwIHLsR"
"mote","Pvbc6Xe"
"mote","PvcQkdT"
"mote","PvdCHkh"
"motear","PvetWps"
"motejador, ra","PvfyATb"
"motejar","PvfzOFN"
"motejo","PvgjMKh"
"motel","Pvi8eF6"
"motero","PvoqPjt"
"motero","PvrE32G"
"motero","PvvbqTB"
"motero","PvxUYKr"
"motete","PvxZXHY"
"motete","PvxeyAd"
"motil","PvyvvKy"
"motilar","Pw3AlIF"
"motilidad","Pw5aGVW"
"motilón, na","Pw5abHt"
"motivación","Pw7w4I0"
"motivacional","Pw8w5Jd"
"motivador, ra","Pw9DoU2"
"motivante","PwDNChu"
"motivar","PwDQ7LY"
"motivo, va","PwDYZFz"
"motín","Pw7c8iH"
"moto-","PwIpyCx"
"moto","PwDjCEY"
"moto","PwETOvi"
"moto","PwIHLsR"
"motobomba","PwIpzHu"
"motocarro","PwJqAMq"
"motocicleta","PwKxWOu"
"motociclismo","PwL7k3w"
"motociclista","PwMATOG"
"motociclístico, ca","PwNW0tC"
"motocross","PwPc63L"
"motolita","PwQ82mh"
"motolito, ta","PwRMMtq"
"motonave","PwWUaQS"
"motonería","PwXwyJ9"
"motoneta","PwYAF2s"
"motonetista","PwYcseL"
"motonieve","PwZYlgA"
"motoniveladora","PwaNej5"
"motopesquero","Pwb9Vot"
"motobomba","PwIpzHu"
"motocarro","PwJqAMq"
"motocicleta","PwKxWOu"
"motociclismo","PwL7k3w"
"motociclista","PwMATOG"
"motociclístico, ca","PwNW0tC"
"motocross","PwPc63L"
"motolita","PwQ82mh"
"motolito, ta","PwRMMtq"
"motonave","PwWUaQS"
"motonería","PwXwyJ9"
"motoneta","PwYAF2s"
"motonetista","PwYcseL"
"motonieve","PwZYlgA"
"motoniveladora","PwaNej5"
"motopesquero","Pwb9Vot"
"motor, ra","PwbtdE5"
"motorismo","Pwh3TEd"
"motorista","PwiH2cl"
"motorización","PwkR5p7"
"motorizado, da","PwpGRwn"
"motorizar","PwtgfAD"
"motosierra","Pwu4QyW"
"motoso","PwuASWC"
"motoso","PwvdRRE"
"mototaxi","Pwvinny"
"motovelero","PwwkSJU"
"moto-","PwIpyCx"
"motón","PwSnRPJ"
"motórico, ca","PwfAD5f"
"motricidad","Pwx6uEQ"
"motril","Px1jltj"
"motriz","Px2FDBa"
"motu proprio","Px2zZrh"
"motudo, da","Px2VUMB"
"mousse","Px5rGFb"
"movedizo, za","Px8xx2a"
"movedor, ra","PxFzO4D"
"movedura","PxI9r4F"
"mover","PxKjVlC"
"movible","PxNNmcd"
"movición","PxPTDAS"
"movida","PxPwmvV"
"movida","PxV4aTT"
"movido, da","PxVN2DJ"
"movidoso, sa","PxWtk45"
"moviente","PxXUQCN"
"movilidad","PxccIuF"
"movilización","Pxe8DsC"
"movilizador, ra","PxeWWmW"
"movilizar","Pxevkfl"
"movimientista","PxewcXQ"
"movimiento","Pxf8ZI5"
"moxa","PxifSUR"
"moxitano, na","PxlSHou"
"moya","Pxpil5p"
"moyana","Pxqv1Nk"
"moyana","PxrkNJW"
"moyo","PxuLkGi"
"moyobambino, na","PxwVukE"
"moyuelo","Pxx8l6C"
"mozalbete, ta","PxzLAQC"
"mozalbillo, lla","PxzTE7L"
"mozallón, na","Py2kjkZ"
"mozambiqueño, ña","Py3FfxS"
"mozancón, na","Py42QWQ"
"mozárabe","Py4foQK"
"mozarabía","Py7YaDd"
"mozarabismo","Py9IFd0"
"mozartiano, na","PyB9fJd"
"mozcorra","PyBD0J5"
"mozo","PyCDtud"
"mozo","PyIxduT"
"mozorro, rra","PyM6zLB"
"módem","PTkqgSm"
"módicamente","PUTcZBu"
"módico, ca","PUVU921"
"módulo","PVTcmPD"
"mónada","Pc9knWe"
"móndrigo, ga","PdLY3VD"
"mónera","Pdjd3MT"
"mónita","Pebb3aN"
"mórbido, da","PmmNBPt"
"móreo, a","PoYG2X4"
"mórula","PsskWfo"
"mórula","PsslELq"
"Móstoles","PvBgPWG"
"móvil","PxcFux4"
"mu","Pyc2bap"
"mu","Pyc8Sym"
"mua","PycFYTX"
"muac","PycUGa4"
"muaré","Pycd5og"
"muble","PyctEGn"
"muca","Pyd0mZ8"
"mucamo, ma","Pyf0teo"
"muceta","PyfR9UO"
"muchachada","Pyi0qWp"
"muchachear","PyiqLYo"
"muchachería","Pyjl7lH"
"muchachero, ra","PylfrMM"
"muchachez","PymjJVa"
"muchachil","PymxyN5"
"muchacho, cha","PynatQG"
"muchedumbre","PynpnkG"
"muchedumbroso, sa","PyoAivx"
"muco, ca","Pz1duZ8"
"mua","PycFYTX"
"muac","PycUGa4"
"muaré","Pycd5og"
"muble","PyctEGn"
"muca","Pyd0mZ8"
"mucamo, ma","Pyf0teo"
"muceta","PyfR9UO"
"muchachada","Pyi0qWp"
"muchachear","PyiqLYo"
"muchachería","Pyjl7lH"
"muchachero, ra","PylfrMM"
"muchachez","PymjJVa"
"muchachil","PymxyN5"
"muchacho, cha","PynatQG"
"muchedumbre","PynpnkG"
"muchedumbroso, sa","PyoAivx"
"muchiguar","PyoeuYb"
"muchilero","PypFGnH"
"muchín","Pypa3Ol"
"muchitanga","Pyre89W"
"muco, ca","Pz1duZ8"
"muda","PzLaQfb"
"mudable","PzMgaeW"
"mudada","PzNvArf"
"mudadizo, za","PzNxg9c"
"mudamente","PzPegTc"
"mudamiento","PzRp9sd"
"mudanza","PzUjajo"
"mudar","PzX1swq"
"mudar","PzZoc6u"
"mudéjar","PzaUYdS"
"mudejarismo","PzcHX3B"
"mudez","PzhUeRb"
"mudo, da","PzhtiPx"
"mudra","PziViNY"
"mue","Pzj8iL9"
"muebda","PzlqoCd"
"mueblaje","Pzm8rQg"
"mueblar","PzmDuBk"
"mueble","PzmnqID"
"mueblería","Pzo30fv"
"mueblero, ra","PzoEXxd"
"mueblista","PzogMcD"
"mueca","PzpvDAp"
"muecín","PzqvO5B"
"muela","PzqyHqg"
"muelar","Pzr2KGi"
"muellaje","PztzLqL"
"muelle","PzupVoV"
"muelle","PzvbXVy"
"muellemente","Q01COqt"
"muelo","Q0296PQ"
"muenda","Q07GqkT"
"muequear","Q07tqUo"
"muer","Q093rgl"
"muebda","PzlqoCd"
"mueblaje","Pzm8rQg"
"mueblar","PzmDuBk"
"mueble","PzmnqID"
"mueblería","Pzo30fv"
"mueblero, ra","PzoEXxd"
"mueblista","PzogMcD"
"mueca","PzpvDAp"
"muecín","PzqvO5B"
"muela","PzqyHqg"
"muelar","Pzr2KGi"
"muellaje","PztzLqL"
"muelle","PzupVoV"
"muelle","PzvbXVy"
"muellemente","Q01COqt"
"muelo","Q0296PQ"
"muenda","Q07GqkT"
"muequear","Q07tqUo"
"muer","Q093rgl"
"muera","Q0ATgCz"
"muerdisorbe","Q0CsajX"
"muerdo","Q0EcV6y"
"muergo","Q0I6efJ"
"muermo","Q0IZhpS"
"muermoso, sa","Q0L9dHX"
"muerte","Q0MaZUb"
"muertero, ra","Q0Mhbsa"
"muerto, ta","Q0NUNXM"
"muesca","Q0VcNqJ"
"muescar","Q0W8QOt"
"muesli","Q0W9EOu"
"mueso","Q0X08Ow"
"mueso","Q0X6YHN"
"muestra","Q0cz7HH"
"muestral","Q0fqHIb"
"muestrario","Q0gRfEZ"
"muestrear","Q0hVlht"
"muestreo","Q0l3R3U"
"muérdago","Q0BGfee"
"muérgano","Q0HaGcg"
"muévedo","Q0lZqsL"
"mufa","Q0nasMp"
"mufla","Q0oR0rN"
"muflir","Q0qm5vT"
"muflón","Q0qqsL5"
"muftí","Q0rkJsH"
"muga","Q0rylYe"
"muga","Q0t5mCZ"
"mugada","Q0vEgWk"
"mugar","Q0wdgSA"
"mugido","Q0yNi2V"
"mugidor, ra","Q149zj3"
"mugir","Q1827oh"
"mugle","Q190hX6"
"mugor","Q1Dtt3L"
"mugre","Q1Du4An"
"mugrería","Q1FD586"
"mugrerío","Q1RDvaA"
"mugriento, ta","Q1RhruS"
"mugrón","Q1UJHwj"
"mugroso, sa","Q1UMr5n"
"muguet","Q1W28xI"
"muguete","Q1Wy0KF"
"muharra","Q1gKj3z"
"mui","Q1jKag4"
"muimuy","Q1jf904"
"muiñeira","Q1k9IFr"
"muir","Q1mTDUk"
"muisca","Q1onj6h"
"mujada","Q1psBlM"
"mujalata","Q1swn3G"
"mujer","Q1vMnRp"
"mujercilla","Q1xKfs1"
"mujerear","Q1yRU7i"
"mujerero","Q1zX6px"
"mujeriego, ga","Q20Id0z"
"mujeril","Q24Lnms"
"mujerilmente","Q27ULMl"
"mujerío","Q27WS76"
"mujerón","Q2CfXAF"
"mujerona","Q2DB5hz"
"mujerzuela","Q2DLdT1"
"mujik","Q2DMVUT"
"mulá","Q2KKqQr"
"mula","Q2HvKqD"
"mula","Q2I3T8n"
"mulada","Q2LY7bl"
"muladar","Q2VpNzh"
"muladí","Q2ZgpFd"
"mulante","Q2a8N9k"
"mular","Q2azbXO"
"mulatero","Q2dHUCq"
"mulatizar","Q2ipuIb"
"mulato, ta","Q2jb9eE"
"mule","Q2lUsO3"
"muléolo","Q2rua5u"
"muleque","Q2s7AKJ"
"mulero, ra","Q2u0Akb"
"muletada","Q2zMNzW"
"muletazo","Q2zgCna"
"muletear","Q31E7yF"
"muleteo","Q31aqWP"
"mulo, la","Q3dIFK6"
"mula","Q2HvKqD"
"mula","Q2I3T8n"
"mulada","Q2LY7bl"
"muladar","Q2VpNzh"
"muladí","Q2ZgpFd"
"mulante","Q2a8N9k"
"mular","Q2azbXO"
"mulatero","Q2dHUCq"
"mulatizar","Q2ipuIb"
"mulato, ta","Q2jb9eE"
"mulo, la","Q3dIFK6"
"mulá","Q2KKqQr"
"mule","Q2lUsO3"
"muleque","Q2s7AKJ"
"mulero, ra","Q2u0Akb"
"muletada","Q2zMNzW"
"muletazo","Q2zgCna"
"muletear","Q31E7yF"
"muleteo","Q31aqWP"
"muleteril","Q32bqHP"
"muletero","Q33cq8Q"
"muletero","Q34yOli"
"muletilla","Q35TpeW"
"muletillero, ra","Q3CsJ6s"
"muleto, ta","Q3DS1nQ"
"muletón","Q3Drjqj"
"muléolo","Q2rua5u"
"mulilla","Q3N0nEk"
"mulillas","Q3Nh4uW"
"mulillero, ra","Q3Ni40D"
"mulita","Q3OX4E0"
"mulito","Q3PGGD8"
"mulla","Q3R3hmh"
"mullicar","Q3ROx0C"
"mullida","Q3Sfi7c"
"mullido, da","Q3TtzzZ"
"mullidor","Q3Vjo4e"
"mullidor","Q3XaG1X"
"mullir","Q3XgN4J"
"mullir","Q3YZnBl"
"mullo","Q3be9pB"
"mullo","Q3c4yk0"
"mulo, la","Q3dIFK6"
"mulquía","Q3edrH0"
"mulquite","Q3fmZjG"
"mulso, sa","Q3gcjPN"
"multa","Q3h5qfS"
"multar","Q3n9si2"
"multi-","Q3njves"
"multicancha","Q3qqRNS"
"multicaule","Q3r2U0N"
"multicéntrico, ca","Q3rKaIY"
"multicine","Q3sembd"
"multicolor","Q3uIByv"
"multiconferencia","Q3wAorN"
"multicopiado","Q40f7bU"
"multicopiar","Q40uSFQ"
"multicopista","Q40wktL"
"multicultural","Q41O0qu"
"multiculturalidad","Q42OoJI"
"multiculturalismo","Q42Z5m7"
"multidisciplinar","Q46BtLt"
"multidisciplinario, ria","Q46DgdG"
"multiétnico, ca","Q46IcZm"
"multa","Q3h5qfS"
"multar","Q3n9si2"
"multi-","Q3njves"
"multicancha","Q3qqRNS"
"multicaule","Q3r2U0N"
"multicéntrico, ca","Q3rKaIY"
"multicine","Q3sembd"
"multicolor","Q3uIByv"
"multiconferencia","Q3wAorN"
"multicopiado","Q40f7bU"
"multicopiar","Q40uSFQ"
"multicopista","Q40wktL"
"multicultural","Q41O0qu"
"multiculturalidad","Q42OoJI"
"multiculturalismo","Q42Z5m7"
"multidisciplinar","Q46BtLt"
"multidisciplinario, ria","Q46DgdG"
"multiétnico, ca","Q46IcZm"
"multifactorial","Q46ZlO5"
"multígrafo","Q4CJXDe"
"multímetro","Q4O3NbC"
"multípara","Q4RZlF3"
"multíplice","Q4jiubc"
"multívoco, ca","Q528SRM"
"muna","Q543kU2"
"muncho, cha","Q54xDyi"
"mundanal","Q580UxS"
"mundanalidad","Q59FeXu"
"mundanamente","Q5A7rdS"
"mundanear","Q5BbS8c"
"mundanería","Q5DMd86"
"mundanidad","Q5HUASb"
"mundano, na","Q5JIIxT"
"mundaria","Q5K4Vd5"
"mundial","Q5KLp3n"
"mundialismo","Q5Kao4m"
"mundialista","Q5Lwm6l"
"mundialización","Q5QdSEm"
"mundializar","Q5QxCGr"
"mundialmente","Q5Wijh1"
"mundicia","Q5WziNY"
"mundificación","Q5Y07FE"
"muna","Q543kU2"
"muncho, cha","Q54xDyi"
"mundanal","Q580UxS"
"mundanalidad","Q59FeXu"
"mundanamente","Q5A7rdS"
"mundanear","Q5BbS8c"
"mundanería","Q5DMd86"
"mundanidad","Q5HUASb"
"mundano, na","Q5JIIxT"
"mundaria","Q5K4Vd5"
"mundial","Q5KLp3n"
"mundialismo","Q5Kao4m"
"mundialista","Q5Lwm6l"
"mundialización","Q5QdSEm"
"mundializar","Q5QxCGr"
"mundialmente","Q5Wijh1"
"mundicia","Q5WziNY"
"mundificación","Q5Y07FE"
"mundificar","Q5Y5Bon"
"mundificativo, va","Q5YZ6kA"
"mundanal","Q580UxS"
"mundanalidad","Q59FeXu"
"mundanamente","Q5A7rdS"
"mundanear","Q5BbS8c"
"mundanería","Q5DMd86"
"mundanidad","Q5HUASb"
"mundano, na","Q5JIIxT"
"mundaria","Q5K4Vd5"
"mundial","Q5KLp3n"
"mundialismo","Q5Kao4m"
"mundialista","Q5Lwm6l"
"mundialización","Q5QdSEm"
"mundializar","Q5QxCGr"
"mundialmente","Q5Wijh1"
"mundicia","Q5WziNY"
"mundificación","Q5Y07FE"
"mundificar","Q5Y5Bon"
"mundificativo, va","Q5YZ6kA"
"mundillo","Q5a3CpU"
"mundinovi","Q5dQARK"
"mundo","Q5etWXp"
"mundología","Q5fc0my"
"mundonuevo","Q5fm2Yf"
"muni","Q5fwblz"
"munición","Q5iSDHm"
"municionamiento","Q5kWRwX"
"municionar","Q5lETn2"
"municionero, ra","Q5nQu9r"
"municipal","Q5nh1Gg"
"municipalidad","Q5ol6Zf"
"municipalismo","Q5opSuj"
"municipalista","Q5sYrb8"
"municipalización","Q5saZBC"
"municipalizar","Q5tVeyb"
"municipio","Q5uxtDT"
"munificencia","Q61AVma"
"munificente","Q61BbOM"
"muniqués, sa","Q61ibnD"
"munitoria","Q68sOJN"
"munícipe","Q5upAY1"
"munífico, ca","Q61SQ37"
"munúsculo","Q695Rxq"
"muñeco, ca","Q6AmRPw"
"muñeira","Q6BJ5II"
"muñequear","Q6ChSAf"
"muñequeo","Q6Dy3IF"
"muñequería","Q6Epc4G"
"muñequero, ra","Q6Epp8e"
"muñequilla","Q6FBt9T"
"muñequito","Q6Get81"
"muñidor, ra","Q6Kvqnd"
"muñir","Q6L4g4M"
"muñón","Q6Lf4J2"
"muñonera","Q6Ltotr"
"muon","Q6LuGbU"
"mupi","Q6MqWgV"
"muquición","Q6NlhlW"
"muquir","Q6OluWP"
"mur","Q6PSxn6"
"mura","Q6RPPyg"
"muradal","Q6Rj12c"
"murador, ra","Q6TW46Z"
"murajes","Q6XOkYB"
"mural","Q6XyG7v"
"muralismo","Q6Y4zxt"
"muralista","Q6YQxrK"
"muralla","Q6YwW6Q"
"murallón","Q6aGJg9"
"murano","Q6bl5OC"
"murar","Q6cm6PD"
"murar","Q6crniE"
"murceguillo","Q6ctIDe"
"murceo","Q6dJgmc"
"murcianismo","Q6eWBzz"
"murciano, na","Q6eidcc"
"murciar","Q6jxlv7"
"murciégalo","Q6me6bm"
"mura","Q6RPPyg"
"muradal","Q6Rj12c"
"murador, ra","Q6TW46Z"
"murajes","Q6XOkYB"
"mural","Q6XyG7v"
"muralismo","Q6Y4zxt"
"muralista","Q6YQxrK"
"muralla","Q6YwW6Q"
"murallón","Q6aGJg9"
"murano","Q6bl5OC"
"murar","Q6cm6PD"
"murar","Q6crniE"
"murceguillo","Q6ctIDe"
"murceo","Q6dJgmc"
"murcianismo","Q6eWBzz"
"murciano, na","Q6eidcc"
"murciar","Q6jxlv7"
"murciégalo","Q6me6bm"
"murciélago, ga","Q6o8WZ8"
"murcielaguina","Q6qhJRM"
"murcigallero","Q6quFjT"
"murciglero","Q6rzb2R"
"murcio","Q6sYCZO"
"murecillo","Q6w2mtf"
"murena","Q6w8nc6"
"mureño","Q71bRKt"
"murga","Q71hQiT"
"murga","Q71lIyX"
"murgaño","Q71qejl"
"murgón","Q73SKnN"
"murguista","Q75ntdO"
"murgular","Q7Allkh"
"muria","Q7DRznT"
"muriacita","Q7DVjrR"
"muriato","Q7Fmuvf"
"muriente","Q7Lub3n"
"murmujear","Q7MrSDw"
"murmullar","Q7NOpWC"
"murmullo","Q7Ncgts"
"murmuración","Q7Pcj3M"
"murmuradera","Q7Ss5Qv"
"murmurador, ra","Q7ULcSp"
"murmurante","Q7W5UPd"
"murmurar","Q7Z0GMW"
"murmurear","Q7auJrk"
"murmureo","Q7d1Hol"
"murmurio","Q7fpM5t"
"muro","Q7h4NJN"
"murria","Q7iENOB"
"murria","Q7oK8rX"
"murriada","Q7rqQ4M"
"murriar","Q7uWwSl"
"murrio, rria","Q7vpiQe"
"murruco, ca","Q7xcrDx"
"murta","Q7xzO5D"
"murtal","Q7yX4ar"
"murtilla","Q7zBOy5"
"murtina","Q81bjpw"
"murto","Q81kgpX"
"murtón","Q86VcEf"
"murucullo","Q88Cw6g"
"murucuyá","Q89cOR7"
"murueco","Q8ABkZk"
"murviedrés, sa","Q8Ak93m"
"mus","Q8CJ6W9"
"musa","Q8CVxNy"
"musáceo, a","Q8D6aCu"
"musageta","Q8EfzYQ"
"musaico, ca","Q8EqKkL"
"musaka","Q8FiXPd"
"musar","Q8Hae4m"
"musaraña","Q8J1Hkj"
"muscardino","Q8NQM0n"
"muscaria","Q8NvTNH"
"muscarina","Q8OcfdF"
"muscícapa","Q8PCN0Q"
"musco","Q8PMfzt"
"musco","Q8R8MTb"
"musculación","Q8Rllnm"
"muscular","Q8VHMUl"
"muscular","Q8Y1WyI"
"musculatura","Q8YS3KQ"
"muso, sa","Q9atXlX"
"musa","Q8CVxNy"
"musageta","Q8EfzYQ"
"musaico, ca","Q8EqKkL"
"musaka","Q8FiXPd"
"musar","Q8Hae4m"
"musaraña","Q8J1Hkj"
"muso, sa","Q9atXlX"
"musáceo, a","Q8D6aCu"
"muscardino","Q8NQM0n"
"muscaria","Q8NvTNH"
"muscarina","Q8OcfdF"
"muscícapa","Q8PCN0Q"
"musco","Q8PMfzt"
"musco","Q8R8MTb"
"musculación","Q8Rllnm"
"muscular","Q8VHMUl"
"muscular","Q8Y1WyI"
"musculatura","Q8YS3KQ"
"musculoso, sa","Q8imvrt"
"museal","Q8jCWgb"
"musealización","Q8jZ1UY"
"musealizar","Q8jeMLU"
"museístico, ca","Q8kqiCP"
"muselina","Q8nG5kG"
"museo","Q8nYftd"
"museografía","Q8nqRs0"
"museográfico, ca","Q8o4iR7"
"museógrafo, fa","Q8qlIPI"
"museología","Q8rABl4"
"museológico, ca","Q8tdf1C"
"museólogo, ga","Q8u8Pcf"
"musepo","Q8uc2qx"
"musequí","Q90MjWt"
"muserola","Q90fJrB"
"musgaño","Q93ZBlj"
"musgo","Q94xfsV"
"musgo","Q977EVU"
"musgoso, sa","Q97GR5o"
"musicable","Q99jv1N"
"musical","Q9E5jP9"
"musicalidad","Q9FNN7Y"
"musicalización","Q9FX95T"
"musicalizar","Q9GbnLo"
"musicalmente","Q9H164A"
"musicante","Q9HkhGE"
"musicar","Q9K0JB2"
"musicastro, tra","Q9L4T6a"
"music-hall","Q9Lyx6O"
"musicógrafo, fa","Q9MlnAL"
"musicología","Q9Mu58n"
"musicológico, ca","Q9NEe1o"
"musicólogo, ga","Q9NJshg"
"musicomanía","Q9QbITr"
"musicómano, na","Q9Rh0qp"
"muslamen","Q9Y4iZK"
"muslero, ra","Q9YJNX3"
"musli","Q9YUAWT"
"muslim","Q9Ya3Uv"
"muslime","Q9Z0OZi"
"muslímico, ca","Q9ZhxlF"
"muslo","Q9ZypKu"
"musmón","Q9aYDye"
"muso, sa","Q9atXlX"
"musola","Q9bW8a3"
"musquerola","Q9eGQN8"
"mustaco","Q9giQQB"
"mustela","Q9i83of"
"mustélido, da","Q9jgSFv"
"musteriense","Q9kHu5t"
"mustiamente","Q9lNNmh"
"mustiar","Q9o2t4u"
"mustio, tia","Q9oHwZN"
"musuco, ca","Q9ox7C5"
"musulmán, na","Q9uCCDI"
"muta","Q9uGgxz"
"mutabilidad","Q9yoySa"
"mutable","Q9zjwRg"
"mutación","QA1FFhV"
"mutacionismo","QA2hM3y"
"mutagénesis","QA4ZKsN"
"mutagénico, ca","QA6xE5Y"
"mutágeno","QA7Rq58"
"mutante","QAA1uJ8"
"mutar","QABM8yP"
"mutatis mutandis","QAEa2ij"
"mutilación","QAFTmdn"
"mutilado, da","QAIEK7I"
"mutilador, ra","QAIFEsr"
"mutilar","QAK0nIr"
"mutilón, na","QAQk01i"
"muimuy","Q1jf904"
"muy","QAgVTQ3"
"muyahidín","QAhFQOG"
"muzárabe","QAhdXBB"
"múcara","PyfK0Yz"
"múcura","PzLOkVj"
"múgil","Q14uJEF"
"mújol","Q2E7GWx"
"múleo","Q2qDqgP"
"múltiple","Q4VC1Ip"
"múltiplo, pla","Q4kjZjE"
"múrice","Q7KHzc6"
"múrido","Q7Kwpre"
"múrrino, na","Q7umpK4"
"músculo","Q8coRTb"
"músico, ca","Q9MHl5m"
"mútilo, la","QAPpJNp"
"cneoráceo, a","9VVKEw0"
"gneis","JGqMLNa"
"gnéisico, ca","JGrzAf9"
"gnetáceo, a","JGthDEM"
"gnómico, ca","JGuONNQ"
"gnomo","JGxUaxm"
"gnomon","JGzvUEh"
"gnomónico, ca","JH1pJRW"
"gnosticismo","JH6dhqp"
"gnóstico, ca","JH9elVV"
"mnemónico, ca","PRbUjYS"
"mnemotecnia","PRfWIUG"
"mnemotécnico, ca","PRhBcg8"
"ñ","QjyHWT6"
"ña","QjyjUqy"
"ñácara","QjzCJlE"
"ñacundá","Qk0n24E"
"ñacurutú","Qk1dQ87"
"ñagaza","Qk2YX9P"
"ñajo, ja","Qk34zy8"
"ñame","Qk37ELK"
"ñamería","Qk3AHXX"
"ñampeado, da","Qk5RG0v"
"ñampearse","Qk5XBUh"
"ñampí","Qk62pNu"
"ñampiar","Qk93nJw"
"ñandú","QkAJlFy"
"ñandubay","QkB75Ic"
"ñandutí","QkCQl1u"
"ñanga","QkFBfr7"
"ñangal","QkFBgc4"
"ñango, ga","QkIHzc1"
"ña","QjyjUqy"
"ñacundá","Qk0n24E"
"ñacurutú","Qk1dQ87"
"ñagaza","Qk2YX9P"
"ñajo, ja","Qk34zy8"
"ñame","Qk37ELK"
"ñamería","Qk3AHXX"
"ñampeado, da","Qk5RG0v"
"ñampearse","Qk5XBUh"
"ñampí","Qk62pNu"
"ñampiar","Qk93nJw"
"ñandú","QkAJlFy"
"ñandubay","QkB75Ic"
"ñandutí","QkCQl1u"
"ñanga","QkFBfr7"
"ñangal","QkFBgc4"
"ñangazo","QkIFl4U"
"ñango, ga","QkIHzc1"
"ñacundá","Qk0n24E"
"ñacurutú","Qk1dQ87"
"ñagaza","Qk2YX9P"
"ñajo, ja","Qk34zy8"
"ñame","Qk37ELK"
"ñamería","Qk3AHXX"
"ñampeado, da","Qk5RG0v"
"ñampearse","Qk5XBUh"
"ñampí","Qk62pNu"
"ñampiar","Qk93nJw"
"ñandú","QkAJlFy"
"ñandubay","QkB75Ic"
"ñandutí","QkCQl1u"
"ñanga","QkFBfr7"
"ñangal","QkFBgc4"
"ñangazo","QkIFl4U"
"ñango, ga","QkIHzc1"
"ñangotado, da","QkJQvhB"
"ñangotarse","QkJao39"
"ñanguear","QkKKmK5"
"ñanguero","QkKLlW3"
"ñanguñao","QkKMks2"
"ñaña","QkL4jc1"
"ñañiguismo","QkO61E7"
"ñaño, ña","QkRLdta"
"ñapa","QkSRK0i"
"ñapango, ga","QkTf2Q9"
"ñapindá","QkVuHYk"
"ñaque","QkW0tiV"
"ñaruso, sa","QkZE4Su"
"ñatear","Qkc6fK0"
"ñato, ta","QkeBXx2"
"ñatuso, sa","QkfiujZ"
"ñácara","QjzCJlE"
"ñángara","QkGB8S0"
"ñáñara","QkLkNDv"
"ñáñigo, ga","QkLltbH"
"ñecla","QkhSUjF"
"ñeco","Qki2HlV"
"ñeco","QklTJNQ"
"ñecudo, da","QkpvM0K"
"ñeembuqueño, ña","QktDbp8"
"ñengo, ga","QktpgOf"
"ñengue","QktryPG"
"ñeque","QkuSSh0"
"ñinga","QkvTwkP"
"ñipe","QkwZ3u0"
"ñique","QkzOo04"
"ñiquiñaque","QkzQxG2"
"ñire","Ql3DjNN"
"ñisca","Ql70I7m"
"ñisñil","Ql8Kzqy"
"ñizca","QlAwvcC"
"ño","QlBeESx"
"ñocha","QlCGB0V"
"ñoclo","QlDVaj8"
"ñoco, ca","QlFk7xj"
"ñola","QlFkLCu"
"ñomblo, bla","QlKLkci"
"ñomblón, na","QlLPQL8"
"ñongo, ga","QlLbbac"
"ñoñería","QlLriJj"
"ñoñez","QlLvvV7"
"ñoño, ña","QlM33UJ"
"ñoqui","QlNiZ6U"
"ñor","QlO0Odn"
"ñora","QlPQXJq"
"ñorbo","QlPzz4T"
"ñu","QlQo8wQ"
"ñublado","QlS8MNP"
"ñublar","QlT3NYu"
"ñublense","QlU9tMI"
"ñublino, na","QlUnRZK"
"ñublo","QlVbOgd"
"ñubloso, sa","QlWbflv"
"ñuco, ca","QlXRXoA"
"ñudillo","QlciKxh"
"ñudo","QlcqG6F"
"ñudoso, sa","QlhldRQ"
"ñurdo, da","Qll0rWi"
"ñusta","QllBZSQ"
"ñuto, ta","QlmJAO8"
"hogaño","KYGRhQf"
"o","QlqTEX0"
"o","Qlr66uc"
"o","Qltkqeu"
"oa","QluSBjC"
"oasis","QluceOP"
"oaxaqueño, ña","Qlut4mi"
"obcecación","Qlv3NZG"
"obcecadamente","QlvFJHA"
"obcecar","QlwO4v7"
"obduración","QlwTTPD"
"obedecedor, ra","Qlxm8WR"
"obedecer","QlyI4Pz"
"obedecible","QlypmA9"
"obedecimiento","Qlzttyp"
"obediencia","Qm2wQqY"
"obediencial","Qm4mpIF"
"obediente","Qm6io0P"
"obedientemente","QmDABhv"
"obelisco","QmG9qSZ"
"oa","QluSBjC"
"oasis","QluceOP"
"oaxaqueño, ña","Qlut4mi"
"obcecación","Qlv3NZG"
"obcecadamente","QlvFJHA"
"obcecar","QlwO4v7"
"obduración","QlwTTPD"
"obedecedor, ra","Qlxm8WR"
"obedecer","QlyI4Pz"
"obedecible","QlypmA9"
"obedecimiento","Qlzttyp"
"obediencia","Qm2wQqY"
"obediencial","Qm4mpIF"
"obediente","Qm6io0P"
"obedientemente","QmDABhv"
"obelisco","QmG9qSZ"
"obencadura","QmHliGL"
"obenque","QmHx7ni"
"obertura","QmJax6D"
"obesidad","QmJciim"
"obeso, sa","QmKjiD7"
"obcecación","Qlv3NZG"
"obcecadamente","QlvFJHA"
"obcecar","QlwO4v7"
"obduración","QlwTTPD"
"obedecedor, ra","Qlxm8WR"
"obedecer","QlyI4Pz"
"obedecible","QlypmA9"
"obedecimiento","Qlzttyp"
"obediencia","Qm2wQqY"
"obediencial","Qm4mpIF"
"obediente","Qm6io0P"
"obedientemente","QmDABhv"
"obelisco","QmG9qSZ"
"obencadura","QmHliGL"
"obenque","QmHx7ni"
"obertura","QmJax6D"
"obesidad","QmJciim"
"obeso, sa","QmKjiD7"
