rae_id,csv_entry,returned_ids,returned_headers
00gSU3j,abadesa,00TuMgr,"abad, desa"
037e7SP,abarrisco,590yHEH | 590yHEH#DOnRwn8,barrisco | barrisco
03oHciI,abatí,4X6XN6d | 03pLvZ5,avatí | abatir
03tCzV4,abc,045miOw,abecé
04N7aoS,abejera,04NPHBm,"abejero, ra"
05MCrQK,abierta,05NHYpw | 0BIq0lQ,"abierto, ta | abrir"
06VsTFX,-able,5gagNwr,-ble
07m5NpX,abollar,07kY3Ob,abollar
08IftT5,abonadora,08IZq5z,"abonador, ra"
0B3d5sT,abrigada,0B5Nz9K | 0B7O2Zd,"abrigado, da | abrigar"
0CQg6do,absoluta,0CY07hD,"absoluto, ta"
0KDGVKG,accesoria,0KIzcoq,"accesorio, ria"
0LG0QAi,acedia,0LK0RuN,acedía<sup>1</sup>
0LU9i6U,acefalía,0LS4sqI,acefalia
0Luaqmv,aceitera,0LvlrFG,"aceitero, ra"
0M0ZnQA,aceitunera,0M2c1cN,"aceitunero, ra"
0PIrrVu,-acha,0RmNxEl,"-acho, cha"
0RPCYK9,achiotera,0RRGBU5,"achiotero, ra"
0SBXoGb,-achón,R3Ff5cR,"-ón<sup>1</sup>, na"
0UA3ZBx,-ación,9I27Gyi,-ción
0V5qh1z,"‒́aco, ca",0Rw7hSd | 0VOxdWV | 0VY7bwi | 0WZLeho | 0WaXC7n | 0Xva2Lc | 0XxG6Qi | 0Z8fRSs | 4fbCvyj | 4fdtSln,"achocar | acocarse | acocharse | acolchar<sup>1</sup> | acolchar<sup>2</sup> | aconchar | aconcharse | acorcharse | azoico<sup>1</sup>, ca | azoico<sup>2</sup>, ca"
0Z993Qe,acordada,0ZFi1ZV | 0ZKiQZ3,"acordado, da | acordar"
0cGWrDR,acrótera,0cGDTuq,acrotera
0ccrWQf,activa,0clfXYb | 0cgpL3L,"activo, va | activar"
0ctDr83,actriz,0coHE08,"actor<sup>1</sup>, triz"
0gI2pQr,acuseta,0gNBdIu,acusetas
0gTAXCX,acústica,0gTxC5k,"acústico, ca"
0iFhffk,adefesios,0iHaWn2 | 0iCaBVU,ad efesios | adefesio
0io2ep7,ademprío,0imsuMY,ademprio
0ioeUDY,aden-,0ivsszt,adeno-
0lVnVLV,adjetiva,0ldVsDG | 0lcgW1F,"adjetivo, va | adjetivar"
0n4XdpP,adnata,0n4ZPAN,"adnato, ta"
0ryHaU5,-adura,EHGi0dJ,-dura
0tBG92s,aerobic,0tD61et,aeróbic
0tYmFQG,aerodinámica,0tZAhTX,"aerodinámico, ca"
0uCosyn,aeromancía,0u8fGpx,aeromancia
0ubbq5X,aeronáutica,0ubm1K5,"aeronáutico, ca"
0uqgbVo,aerostática,0uucvc7,"aerostático, ca"
0uxL76E,aeróstato,0uvYnTX,aerostato
0wdi1ef,afeitadora,0wbT4vO,"afeitador, ra"
0xoMXgS,afiladora,0xnuGsd,"afilador, ra"
0ycFGaM,afirmativa,0yddLan,"afirmativo, va"
0zv8IHo,aforística,0zw64az,"aforístico, ca"
10vYB65,africana,11CPySQ,"africano, na"
12KiSIg,aga,12LDRlJ,agá
12e3GSx,agachona,12csHtR,"agachón, na"
13Nyz9t,agaragar,13OjsEi,agar-agar
14TiIVf,agavilladora,14SNrAu,"agavillador, ra"
16BkUFm,agógica,16JQ2l7,"agógico, ca"
16UTRox,agonística,16VyPbK,"agonístico, ca"
17NNAA1,agracera,17OAw4D,"agracero, ra"
17qbmUj,agrafía,17pEPY5,agrafia
1B3LjjP,agroquímica,1B3iGw3,"agroquímico, ca"
1C0nIxI,aguadera,1C377Yv,"aguadero, ra"
1DpFwjW,aguatarse,1JVQpDI,ahuatarse
1Dpj09O,aguate,1JWfg3D | 1DIlT7t | 1JVQpDI,ahuate | aguar | ahuatarse
1ECAZbG,aguay,1CVBpc1,aguaí
1FL4mvJ,agüizote,1K8Sj81,ahuizote
1G471f3,aguzadera,1G4Zk3D,"aguzadero, ra"
1GEXyaI,aguzadora,1GDEAIT,"aguzador, ra"
1Hu59n9,ahogadora,1HsWtmX,"ahogador, ra"
1J10OIj,ahorrativa,1J7e80z,"ahorrativo, va"
1JWo8jM,ahuautle,1DwSkNX,aguautle
1KOWh2K,ahuyama,4VdUw91,auyama
1Lk1KqF,aizcolari,1LnDGpL,aizkolari
1Lt96si,-aja,1Nu2z6d,"-ajo, ja"
1M4SbWm,ajamonada,1M4cARv | 1M4im8c,"ajamonado, da | ajamonarse"
1NUNCcl,ajigolón,154rOxg,agigolón
1Ntkz8o,ajó,1NtOBr1 | 1MAq8B5,ajo<sup>3</sup> | ajar<sup>2</sup>
1ODlufO,-ajón,R3Ff5cR,"-ón<sup>1</sup>, na"
1Om3Ezw,ajorro,MXT39Ri | 1Oi0QI8 | MXT39Ri#2GTnCfF,jorro | ajorrar | jorro
1Pe7pgO,alá,JyPVwLw,hala
1Q242i4,alabastrina,1Q3kfMN,"alabastrino, na"
1QuKVzu,alada,1R6QGZi,"alado, da"
1T0nbAc,alárgama,1opsyJp,alhárgama
1U9YRrd,alavesa,1U8B9J9,"alavés, sa"
1UNXFTI,alba,1XoeWk0,"albo, ba"
1W25980,albariza,1W25Wie,"albarizo, za"
1Xicsjh,albina,1Xm4BDi,"albino, na"
1aRbHxK,alcachofera,1aUqBjM,"alcachofero, ra"
1aiycot,alcahueta,1anBlmj,"alcahuete, ta"
1bRNuN0,alcaldesa,1bOD9ux,"alcalde, desa"
1c4vIcv,alcanforada,1c56VIR | 1c9F5cV,"alcanforado, da | alcanforar"
1e2myMH,alcoholera,1e69ruP,"alcoholero, ra"
1fivPao,alderredor,CIY0TGI | CIY0TGI#1QzuHsq,derredor | derredor
1foO63z,ale,Jz2xG0R,hale
1gTIdTP,alectomancía,1gRivXz,alectomancia
1hfBEGl,alelí,1otQrfV,alhelí
1hnfNB6,alemana,1hn1XWS,"alemán, na"
1j3fgvF,alevosa,1jDDBFH,"alevoso, sa"
1lwOn0d,alfonsina,1lxAFhQ,"alfonsino, na"
1nciN5y,algodonosa,1ndmyFm,"algodonoso, sa"
1o252mY,alguacila,1ny83D5,"alguacil, la"
1oNT36b,algún,1oOa9Jk,"alguno, na"
1oQY99V,alhacena,1QWx7Tw,alacena
1oam3Bk,alhajú,1RT8Ivq,alajú
1yGWkSK,almendrada,1yHLlh7 | 1yKQ8Ib,"almendrado, da | almendrar"
1zFkx9t,almizcleña,1zG6FIp,"almizcleño, ña"
1zGWnRF,almizclera,1zITxFP,"almizclero, ra"
238vvwR,aloe,239JQ9H,áloe
23B1puK,aloes,239JQ9H,áloe
25stLlQ,altamar,OLDn0QL | OLDn0QL#7ofMhOX,mar | mar
26slKPK,alternativa,26t9lcH,"alternativo, va"
28mj8GR,aluda,28yjcR6 | 28tZwmc,"aludo, da | aludir"
2AEiHdB,alveolo,2AHS0rE,alvéolo
2AZVc4A,alzacuellos,2AZUQ0I,alzacuello
2AmISK8,alzadora,2AlcXmW,"alzador, ra"
2B8kfMX,ama,2ND9BMI | 2E4Cede,"amo, ma | amar"
2DcPO2c,amansadora,2DbrCWz,"amansador, ra"
2EoJZhb,amarilla,2F6Yopy | 2EvseZY,"amarillo, lla | amarillar"
2GLrQbY,amasadora,2GKqFLp,"amasador, ra"
2HOl4vv,ambarina,2HPTepg,"ambarino, na"
2K4DV1i,-amento,OxGaTig,-mento
2K9YL6a,americana,2KRSL3V,"americano, na"
2KF3Dlk,americanística,2KGtK1O,"americanístico, ca"
2KzrTrj,ametralladora,2KwfEXh,"ametrallador, ra"
2LawU8M,-amiento,PDgi3bc,-miento
2Lc1QB9,amiga,2LsqDPa | 2LrAFjV,"amigo, ga | amigar"
2Ooa8J2,amoníaco,2OlqumF,amoniaco
2RfuxeS,ampliadora,2Rdm0dt,"ampliador, ra"
2TRlsTw,an-,006hGa6,a-<sup>2</sup>
2U8l9cP,anacardina,2U8zTpo,"anacardino, na"
2VoKg5m,analítica,2VoZJgn,"analítico, ca"
2VzRvYk,anámnesis,2VzQvPs,anamnesis
2W5o13H,ananá,2W7yB0E,ananás
2XMJWuw,-anca,2Y5X5Eg,"-anco, ca"
2XRMrCg,ancha,2XUmTEA | 2XSD5sK,"ancho, cha | anchar"
2Xiwer9,-ancia,QJb1Ewu,-ncia
2YXnRRM,andadera,2YbJYNe,"andadero, ra"
2Zv5c6T,andobas,2ZtofqH,andoba
2bbUVYj,anemona,2bfwujO,anémona
2eKnwDU,anglística,2eMCzHm,"anglístico, ca"
2gIELlE,anhidrido,2gIFJDx,anhídrido
2iq6Gbx,annamita,2Vz8Ndr,anamita
2jBQGLN,anófeles,2j9BANo,anofeles
2pNzl4T,anticaídas,2pNycD4,anticaída
2wYmOyv,antístrofa,2wXzVwL,antistrofa
2wqz046,antitraspirante,2wqm24u,antitranspirante
30StUmq,-aña,31bMxWH,"-año, ña"
3587fNl,aparcera,35BjOKs,"aparcero, ra"
36BVZHD,aparthotel,36FNo5r,apartotel
387ROkb,apena,38BNs6H | 38A2Ydc,apenas | apenar
3Bnk9aC,aplanadora,3BmF2qv,"aplanador, ra"
3EZzYZ4,apologética,3EcrVBn,"apologético, ca"
3Esaliv,apolonida,3EtEzRl,apolónida
3J9k4Dc,apretadera,3J9rXg0,"apretadero, ra"
3MBgAno,aquella,3M6wlMC,"aquel, lla"
3MH8U50,aquelo,3M9i4a1,"aquele, la"
3MZX30e,aqueso,3MYlU6E,"aquese, sa"
3Md6DX9,aquesto,3MckQqi,"aqueste, ta"
3OFFcWZ,-arada,0gYeQoM,-ada
3OcnTet,-arajo,1Nu2z6d,"-ajo, ja"
3SU3cyR,archiduquesa,3STr7Ti,"archiduque, quesa"
3SomXeN,archivística,3SpBkXD,"archivístico, ca"
3TGhZfI,arcoíris,3TE56ZB | 3TE56ZB#4Kix0xA,arco | arco
3TTn0OY,-arda,3U7qnfa,"-ardo, da"
3UT4ta2,-areda,ENv5qJU,"-edo, da"
3UdKnnj,areíto,3UdGuUV,areito
3UxKkhT,arenisca,3UxN1QC,"arenisco, ca"
3V9YwMg,aréola,3V79R5n,areola
3WoUD5H,argentada,3Wp8xnz | 3Wv1EXe,"argentado, da | argentar"
3X7nqyn,argentina,3XARJD9 | 3XC9wdg,"argentino<sup>1</sup>, na | argentino<sup>2</sup>, na"
3Xu4kOT,argüendera,3XuLYgn,"argüendero, ra"
3YOm1pz,-aria,3YvWLaw,"-ario, ria"
3Z5mYIH,arismética,3Z7XsIG,"arismético, ca"
3Zrrqep,aritmética,3Zs8Q6J,"aritmético, ca"
3ZwMhhL,arlequinada,3ZxMhXY,"arlequinado, da"
3a7CFRY,armada,3aI7Hp5 | 3aoPllh,"armado<sup>1</sup>, da | armar"
3aPm9R1,armadora,3aKWEfi,"armador, ra"
3bdHChy,armoníaco,3bct1NA,armoniaco
3bfmifA,armónica,3bjLhrJ,"armónico, ca"
3eFSnB4,arracacha,3eI9m2J,"arracacho, cha"
3eWZduP,-arrada,0gYeQoM,-ada
3ee1Ofg,arraigada,3efvnhy | 3eqEdmG,"arraigado, da | arraigar"
3evVv2y,-arrajo,1Nu2z6d,"-ajo, ja"
3fEFSmb,arrancadora,3fBWED5,"arrancador, ra"
3jPItMa,arrepentida,3jTr3en | 3jV9izh,"arrepentido, da | arrepentirse"
3li1D1e,"-arro, rra",3m5KHbm | 3mK5eTP | 3neRAUD | 3nshKZj,"arrobero, ra | arrocero, ra | arropera | arrostrar"
3m7CzBr,arrocera,3mK5eTP,"arrocero, ra"
3nOEaqM,-arrón,R3Ff5cR,"-ón<sup>1</sup>, na"
3sJMItT,artos,3s9L6pn,arto
3sjnVrP,artroscopía,3senZyT,artroscopia
3uPK9SU,asafétida,3tdnEqh | 3tdnEqh#0IaRCFI,asa<sup>2</sup> | asa<sup>2</sup>
3vysEfT,ascética,3w0Of9Y,"ascético, ca"
3wGcnoF,"-asco, ca",3wMJWgR | 3wOMn3j,"ascoroso, sa | ascoso, sa"
3yCWYes,aserradora,3yBCtQO,"aserrador, ra"
3zHGebA,asfaltadora,3zH6tUp,"asfaltador, ra"
406ILth,asimétrica,406k0fU,"asimétrico, ca"
411V9qv,-asis,Y1ULCxP,-sis
416Tos5,asistenta,416WFrl,"asistente, ta"
41AeRM9,askenazi,41GB6JM,askenazí
41RlV0z,asna,41mQdfw,"asno, na"
44ExbGp,aspiradora,44D2dGO,"aspirador, ra"
44Ss2hm,asquenazi,41GB6JM,askenazí
44WBVCI,asquenazí,41GB6JM,askenazí
45Zlbwf,-astra,469POuD,"-astro, tra"
45mqEge,astrakán,45gGl6Z,astracán
45s6f5P,-astre,469POuD,"-astro, tra"
46EQ9Ky,astrofísica,46Efz67,"astrofísico, ca"
46SgWle,"-astrón, na",46kfNvM,"astrónomo, ma"
46bhajo,astronáutica,46dyNea,"astronáutico, ca"
481XZob,-ata,4GZKKGk,"-ato<sup>1</sup>, ta"
4GU1ZFH,atmosfera,4GWCizq,atmósfera
4Kc0BjZ,atríaca,4KYsNxz,atriaca
4Lz9hWl,atunera,4LzMp0r,"atunero, ra"
4QfoIPr,auténtica,4QjqWMu,"auténtico, ca"
4Rqb3gM,autocrítica,4Rs9NlN,"autocrítico, ca"
4TEQIWB,autólisis,4TDcmeT,autolisis
4TMrILg,automática,4TO3M08,"automático, ca"
4WbdXIG,avanzada,4WjlsYm | 4Wkx0yy,"avanzado, da | avanzar"
4XVhF4b,avellanera,4XWyzNa,"avellanero, ra"
4ZAqHWN,aviada,4ZB97MJ | 4ZNca8Z,"aviado, da | aviar<sup>1</sup>"
4bLPubz,axiomática,4bO6PH0,"axiomático, ca"
4bwzYRg,ayatola,4c2TduR,ayatolá
4crOWjF,-aza,4exBytk,"-azo, za"
4dEmlvR,azafata,4dH40TO,"azafato, ta"
4dc28MI,azálea,4dbijIl,azalea
4eiKaWU,ázigos,0Tq2v8U,ácigos
4ejZSJ5,azimut,0Tzdf1q,acimut
4ejje40,azimutal,0U1VOjx,acimutal
4fDZ8uA,azoe,4fEKpjf | 4f9dQY4,ázoe | azoar
4ghk9Wr,azucarera,4gnKBJi,"azucarero, ra"
4hEvZey,azufrera,4hFAI2Z,"azufrero, ra"
4hrK8hF,azulona,4hpbyp8,"azulón, na"
4iygsO0,babosa,4j5JZ8F,"baboso, sa"
4kU7Nfn,baciloscopía,4kU7Nfh,baciloscopia
4lXYG8E,baden,4lXrTfV,badén
4mUXVQO,baguala,4mQpaeC,"bagual, la"
4mto7ZL,bahreiní,54zr4H9,bareiní
4nQU5TK,bailarina,4nOn6Bt,"bailarín, na"
4oioopc,bajera,4olALCN,"bajero, ra"
4ov1qQc,bajinis,4ouIMjF,bajini
4qfaCEU,balano,4qnE3R4,bálano
4rF0Frq,balaustrada,4rIcR6z,"balaustrado, da"
4rPvE9s,balaústre,4rOCglH,balaustre
4tffRcZ,balística,4thgA3O,"balístico, ca"
4tygqH8,ballenera,4tzqkGu,"ballenero, ra"
4vafaRL,bámbara,4vaeRMK,bambara
4z27tUl,bañera,4z2q42m,"bañero, ra"
50A4Bjr,baraca,50gvRqb,baraka
51RHZZX,baraúnda,50I0glY,barahúnda
52OzZPv,barbera,52V5VRU,"barbero<sup>1</sup>, ra"
55Pw6gD,barísfera,55Pw4YD,barisfera
569MwGQ,baronesa,565gHuB,"barón, nesa"
56K61VQ,barquillera,56LiKTm,"barquillero, ra"
56dr0WM,barrabrava,56YKfWG | 56YKfWG#DAVsyQX,barra | barra
56tl39c,barragana,56pFwoS,"barragán<sup>1</sup>, na"
57IluUS,barraquera,57JP4Kk | bOSipQT,"barraquero, ra | varraquera"
57VWHSp,barredera,57VeGNd,"barredero, ra"
5AVJ81y,básica,5AZjEzX,"básico, ca"
5AnsPqz,basquetbol,5ArAgtq,básquetbol
5BDnJ8H,bastarda,5BTZ46N | 5BGChnG,"bastardo, da | bastardar"
5CEIv77,bastonera,5CEvEKm,"bastonero, ra"
5CtrUkl,bataola,5CcVjR5,batahola
5DdxR4I,batidora,5Ddwy3l,"batidor, ra"
5Embvzn,bávara,5Emn4yV,"bávaro, ra"
5FFjfmn,bayonesa,5FEjZrl,"bayonés, sa"
5Fv1PVY,bearnesa,5FsaCdB,"bearnés, sa"
5FyXtUH,beata,5GSbDF5,"beato, ta"
5GXPgZO,bebedera,5GY3AtL,"bebedero, ra"
5H3fw93,be bop,5H3Zt32,<i>bebop</i>
5H3vsS2,be-bop,5H3Zt32,<i>bebop</i>
5HOYcjh,becerra,5HcnR2I,"becerro, rra"
5HgPAQm,becqueriana,5Hniq3M,"becqueriano, na"
5IH0QvJ,beguina,5IIXXiC,"beguino, na"
5IRbmEw,beisbol,5ITUgvf,béisbol
5KKBfU7,bellotera,5KKnkwj,"bellotero, ra"
5KfFKaZ,bemba,5KufU4R,"bembo, ba"
5LFAj0t,bencinera,5LJtHsR,"bencinero, ra"
5MSZKHS,benzina,5LEfEYZ,bencina
5MybvVp,bérberos,5MxBOIQ,bérbero
5N5cx1g,beréber,5N5D7sT,bereber
5NbuFeg,berlinesa,5NZqhCs,"berlinés, sa"
5PJk372,besapié,5PJrA6q,besapiés
5Pvk1Ay,besuguera,5PvmTq3,"besuguero, ra"
5R7VT7A,bezar,5R37SBE,bezaar
5SBnMM3,bibliomancía,5S9rQpT,bibliomancia
5SCwAWf,bibliópola,5SCspsD,bibliopola
5UWCc5S,bienvenida,5UZdHa0,"bienvenido, da"
5Vqc7J7,-bilidad,BotFPGe,-dad
5WNgHLD,billetera,5WQMZG5,"billetero, ra"
5WTDlKt,billonésima,5WTSTEO,"billonésimo, ma"
5YBnKmy,biodinámica,5YC0mSN,"biodinámico, ca"
5YIiPR7,bioenergética,5YIqZRQ,"bioenergético, ca"
5YQWij3,bioética,5YQconJ,"bioético, ca"
5YQovsb,biofísica,5YQylig,"biofísico, ca"
5YjLfmg,bioinformática,5YkjPtZ,"bioinformático, ca"
5Z8l3QF,biomecánica,5Z9WfhE,"biomecánico, ca"
5ZIXdt2,biónica,5ZKamQc,"biónico, ca"
5ZNaOIk,bioquímica,5ZQzBUP,"bioquímico, ca"
5ZbyVP8,biósfera,5ZVzlJQ,biosfera
5aUB4mw,biquini,5VfV0he,bikini
5aUWMlC,biraró,bsSLsjZ,viraró
5bfwTdR,bisectriz,5bftRVt,"bisector, triz"
5cYdcYT,bitcoin,5cYk4kB,bitcóin
5dMxUVH,bizcochera,5dQey4E,"bizcochero, ra"
5e4d7vQ,bla-bla-bla,5e5BMrw,blablablá
5eBHtYV,black jack,5e67zQz,<i>blackjack</i>
5eEK0R7,black-jack,5e67zQz,<i>blackjack</i>
5eEovKb,blanca,5eNsBBo,"blanco, ca"
5eXRoA0,blanda,5eoDlsI | 5ekzIsc,"blando, da | blandir<sup>1</sup>"
5fTi0cj,blanquilla,5fTuxBK,"blanquillo, lla"
5hoCEHV,boardilla,5lLWzCz,bohardilla
5inKdWc,bocarriba,5i6aRwS | 5i6aRwS#BXnPDGh,boca | boca
5iw3TVM,bocaza,5iwtz2O,bocazas
5oIVPjx,bollera,5oJdmcb,"bollero, ra"
5oMzmRS,bollo,5oMdG20 | 5oH3B3v | 5oHAs6a,bollo | bollar<sup>1</sup> | bollar<sup>2</sup>
5odZZam,boloñesa,5ocp8pw,"boloñés, sa"
5pi8spl,bombetas,5pfuxu2,bombeta
5rR8lVs,bonitera,5rRmlsM,"bonitero, ra"
5szYMzh,boratera,5t1JwOm,"boratero, ra"
5tZOZ1S,borcelana,5tZsySt,"borcelano, na"
5typqqf,bordelesa,5txfkSH,"bordelés, sa"
5vHgpyd,borracha,5vUhcNU,"borracho, cha"
5yDfPJa,botánica,5yEBpyu,"botánico, ca"
5yN4Cux,botaratas,5yHuTgQ,botarata
5yVMJin,botasillas,5yShPv0,botasilla
5z9FmzH,boticaria,5z9VGRk,"boticario, ria"
60sKeqS,boyera,60uUq3L,"boyero, ra"
60sVdoj,boyeriza,60uTUWh,"boyerizo, za"
65fV8MZ,briaga,65ik8iL,"briago, ga"
65yTZ0r,bribrí,65wRpG6,bribri
699Ft0l,bronca,69LnJZx,"bronco, ca"
69WNMlj,broncoscopía,69WHkmU,broncoscopia
69qsIls,bronquíolo,69od6fR,bronquiolo
6AlL5K9,bruja,6B6n5sS | 6B5aZOy,"brujo, ja | brujir"
6C3ZmTE,bruta,6CGZEfd,"bruto, ta"
6CoH6Gb,búcare,6Cn3RXS,bucare
6EBVPYJ,búe,6EAJ5UA,bue
6ENQo8x,buenaboya,60dVT1I | 60dVT1I#DUxgOmn,boya<sup>2</sup> | boya<sup>2</sup>
6EOCOdZ,buenamoza,PyIxduT,"mozo<sup>2</sup>, za"
6EZ15Wp,buenmozo,PyIxduT | PyIxduT#51vdLgh,"mozo<sup>2</sup>, za | mozo<sup>2</sup>, za"
6G5gSYo,buitrera,6G6g5Ay,"buitrero, ra"
6I1JM3Z,búmeran,6I1lgBT,bumerán
6ICIiCZ,buñuelera,6IDKIsn,"buñuelero, ra"
6JqkZJr,burra,6K7oz2e,"burro, rra"
6KqUz9P,buscabullas,6KlSkPr,buscabulla
6LI5faN,buscavida,6LKCbIR,buscavidas
6LSTZlw,buscona,6LMRV3G,"buscón, na"
6Llq14i,bustrofedon,6LnTpii,bustrófedon
6LoJHM9,bustrofedón,6LnTpii,bustrófedon
6NyKCwi,caballera,6OGpVP7,"caballero, ra"
6OE6Ftk,caballeriza,6OF33GD,"caballerizo, za"
6OdrTuQ,cabañera,6Oq2pTU,"cabañero, ra"
6Ox2dNI,cabaretera,6Oy0Rfc,"cabaretero, ra"
6SXUD6M,cabreriza,6SXto86,"cabrerizo, za"
6T0lbAk,cabrita,6T606b7,"cabrito, ta"
6TJDItk,cabruna,6TJdlWt,"cabruno, na"
6XQT0SH,cachiporrera,6XRwzKP,"cachiporrero, ra"
6YCTngC,cachonda,6YMKxqN,"cachondo, da"
6ZFxujS,cacica,6ZP63uo,"cacique, ca"
6ZfpqVS,cacoquimia,6ZlYeNN,"cacoquimio, mia"
6bDx50y,caduca,6bLxpQM | 6bFWOCG,"caduco, ca | caducar"
6bc0gYY,cafetera,6bdGFJA,"cafetero, ra"
6bxy7pl,cagaceite,6bxccWi,cagaaceite
6cSC5PW,caganido,6cULixs,caganidos
6chWtak,cagatinta,6cjANWQ,cagatintas
6d4BZnD,cahuama,6cyP0bz,caguama
6dG5xw6,caí,82F7jd1 | 6bQOL4n,cay | caer
6e4QhnE,cajera,6eFNou5,"cajero, ra"
6ecuDJF,cajonera,6eeKhO1,"cajonero, ra"
6exEP1E,calabacera,6exnNgG,"calabacero, ra"
6g6zK0F,caladora,6g6gB8L,"calador, ra"
6gmS6bf,calahuala,6ganN0i,calaguala
6j7pMOl,calcedonia,6jARdiv,"calcedonio, nia"
6jkCh8Q,calchona,6jjpPAp,"calchón, na"
6kjkEVg,calculadora,6kimUaQ,"calculador, ra"
6lQVPFD,calduda,6lQXbDK,"caldudo, da"
6o5pbzq,california,6oCO7Gs,"californio<sup>1</sup>, nia"
6p9TI6i,caliza,6pArVhO,"calizo, za"
6sJ19bp,calva,6sZxbij | 6sKPVyZ,"calvo, va | calvar"
6tk5ZuP,camándulas,6thxXNe,camándula
6u3QplN,camarera,6uEvTHn,"camarero, ra"
6ukAnk3,camaronera,6ukc385,"camaronero, ra"
6xvn5QH,caminí,6N1ceJ0,caaminí
6zyeRsF,campechana,707UlUd,"campechano, na"
70OdnwF,campera,70XA0mY,"campero, ra"
71vKMUT,"canáceo, a",79uddV9,"cannáceo, a"
72ztZtL,canastera,730Tmto,"canastero, ra"
73luDzY,canceladora,73l2Wsw,"cancelador, ra"
74klTGW,cancina,74kEN6h,"cancín, na"
75OcN9t,candangas,75LK5Zv,candanga
7673yC1,cándida,76UgiU7,"cándido, da"
77RkDnj,canela,77edlIZ,"canelo, la"
77SZsTD,canelada,77WcDhh,"canelado, da"
78155oN,cangagua,785OcAo,cangahua
78IvfcH,cangrejera,78KQ8E4,"cangrejero, ra"
79DXJoP,canillera,79HoBoa,"canillero, ra"
79PY1l3,canina,79UjoUa,"canino, na"
79tHxYO,cannabis,79u6KGh,cánnabis
7A8wRJg,canónica,7ADZ8tX,"canónico, ca"
7BfEuXq,cantarera,7BjGgWF,"cantarero, ra"
7CXfjMI,cántiga,7CWEXBW,cantiga
7CpS8oL,cantinera,7Cpn3pd,"cantinero, ra"
7DS08Dv,cantonera,7DUi0xw,"cantonero, ra"
7DXKGly,cantora,7DVvxzc,"cantor, ra"
7G0V3qB,cañera,7G8q4Ch,"cañero<sup>2</sup>, ra"
7GgArbP,cañiza,7GhGij5,"cañizo, za"
7GoG5KL,cañonera,7GpjDSf,"cañonero, ra"
7I7F8Yi,capataza,7I6zWYS,"capataz, za"
7Jqm3CJ,capirotada,7JwRKul,"capirotado, da"
7KQuZsP,capitana,7KQWsGX,"capitán, na"
7L6ybzy,capnomancía,7L6ovBf,capnomancia
7LZoORt,capotera,7LaBzbg,"capotero, ra"
7LeavSL,cappa,Mfzhpxy,kappa
7MZcabM,capuchina,7MZxrWC,"capuchino, na"
7OhMinJ,característica,7OiMmZE,"característico, ca"
7RKKaG2,caraú,7RHIZD1,caráu
7SFAST5,carbonera,7SL3EV6,"carbonero, ra"
7Ty6UQu,carcelera,7TzZt3X,"carcelero, ra"
7UxH81g,cardíaca,7V3pfqt,"cardíaco, ca"
7WjA322,careta,7WkzoUN,"careto, ta"
7WqMnWP,cargada,7WvT83H | 7XB9iU3,"cargado, da | cargar"
7ejaEyd,carpintera,7erTCHV,"carpintero, ra"
7g61wVr,carrasposa,7gAKR8h,"carrasposo, sa"
7hWN9LG,carrik,7hQkIE0,carric
7ih6yza,carroña,7ioZmg3 | 7ihgqK1,"carroño, ña | carroñar"
7jM21MO,carst,Mg91Hf8,karst
7jpp0Nz,cártel,7jpYEK7,cartel<sup>2</sup>
7jxRQ1g,cartelera,7k14q2o,"cartelero, ra"
7kujLMg,cartomancía,7kts0gv,cartomancia
7l6cAWn,cartonera,7l9Vdh2,"cartonero, ra"
7lPplNw,cartuja,7lQq9MT,"cartujo, ja"
7loF3Ir,carvalleda,7RYefka,carballeda
7lobLV2,carvallo,7RcNGDd,carballo
7oByWZN,casera,7oNbEls,"casero, ra"
7qCjI5N,castaña,7qVigfP,"castaño, ña"
7qbj9Ay,castellana,7qluXx1,"castellano, na"
7rS8mv2,castora,7rS44Ow,"castor, ra"
7slWgU7,casuística,7slesSB,"casuístico, ca"
7ubzTzr,cataplún,7uaObpx,cataplum
7ugp4WT,catapún,7uexZcl,catapum
7vW3tWJ,catatonía,7vW0oDm,catatonia
7w8aCPN,catedrática,7w9r7kG,"catedrático, ca"
7wYTvWj,catenaria,7wZ57Sr,"catenario, ria"
7wvGJKY,caterética,7wwlOgm,"caterético, ca"
7yOBG6W,catóptrica,7yQMj31,"catóptrico, ca"
7yUfCyi,catoptromancía,7yToBcp,catoptromancia
7ybCPaD,catorcena,7ycSVpl,"catorceno, na"
7yuz8aP,cauchera,7yvlPq6,"cauchero, ra"
7zjjuwo,caudímano,7ziHAFr,caudimano
80WEkKH,causídica,80Z6tH3,"causídico, ca"
80ZZr6Q,cáustica,80dUZXa,"cáustico, ca"
82MCMny,cayagual,82MzjBF,cayahual
83B1RhU,cazadora,83AxHRQ,"cazador, ra"
86XYrnu,-céfala,86ikLIW,"cefalo-, -céfalo, la"
86gEGY0,cefálica,86gff0J,"cefálico, ca"
89YrELw,celíaca,89cZxZx,"celíaco, ca"
89u8P93,cellenca,89wQ4Qd,"cellenco, ca"
8DX74ce,cénit,8DWpJ3a,cenit
8F80lTX,centésima,8FA6bLN,"centésimo, ma"
8G7y2lP,centrífuga,8GHAMPL,"centrífugo, ga"
8GF4bWA,centrifugadora,8GEzyUK,"centrifugador, ra"
8GRBnvM,centríolo,8GPEikz,centriolo
8HdicVy,cepacaballo,8HccZ0a | 8HccZ0a#4TylaJA,cepa | cepa
8I7zs8i,-cer,EJWrQkt,-ecer
8IHnN72,cerámica,8IIZkeY,"cerámico, ca"
8Ial6cH,cerastas,8IVx69R,cerasta
8IeD0Z6,cerastes,8Idc0BP,ceraste
8IsTNCt,ceraunomancía,8IrXZw5,ceraunomancia
8LSHLxk,cerillera,8LTl2iB,"cerillero, ra"
8MVpGyn,ceromancía,8MUyhkm,ceromancia
8MwgIXu,cerradera,8MyMkFc,"cerradero, ra"
8OZmHzx,certificatoria,8OanFNj,"certificatorio, ria"
8PSr2Rd,cesárea,8PVCFEt,"cesáreo, a"
8QNNVMi,"-cete, ta",XjmcBhM,setenta
8Qju8kM,ceviche,84lFXkv,cebiche
8QlbyBY,cevichería,84lHnPx,cebichería
8RBGenh,chacarera,8RCOYmZ,"chacarero, ra"
8RXKnhP,chachaguata,8Ra7zG7,"chachaguato, ta"
8TP1BIU,cháguar,8Tf7ReC,chahuar
8VTaYAi,chamberga,8VTh5Vr,"chambergo, ga"
8W8okFf,chamicera,8WA2lGq,"chamicero, ra"
8WD7DFX,chamiza,8WDq8qy,"chamizo, za"
8WGaQNq,chamorra,8WQLTZ5,"chamorro, rra"
8ZizJOm,chaparra,8ZwO9LE,"chaparro, rra"
8a3JM8B,chapeadora,8a3ANEp,"chapeador, ra"
8dLcCAt,charra,8dufCkw | 8dbCt5s,"charro, rra | charrar"
8eRwE4w,chasís,8eQZEGb,chasis
8euKhC4,chata,8fDs7GF,"chato, ta"
8fzuaIp,chavola,8QvSzmJ,chabola
8gf9gnG,chela,8gvyo1n,"chelo<sup>2</sup>, la"
8gxg35A,chen chen,8gxiA0R,chenchén
8hql4qk,chevrón,8gLizfc,chebrón
8i7edNn,chibola,8i8bFZd,"chibolo, la"
8iGntws,chica,8jlYcrL,"chico, ca"
8iVx51p,chicharrera,8iXC9Qh | 8iXx15a,"chicharrero<sup>1</sup>, ra | chicharrero<sup>2</sup>, ra"
8itWGKe,chichera,8ivCVfn,"chichero, ra"
8lFwLap,chilena,8lIsp6j,"chileno, na"
8pCf5Ya,chinga,8pQdKN3 | 8pLhBqB,"chingo, ga | chingar"
8pDAovw,chingada,8pIiAXM | 8pLhBqB,"chingado, da | chingar"
8qX4wwF,chiquigüite,8qXx0Ht,chiquihuite
8rfnk8j,chiringa,8rgFU4D,"chiringo, ga"
8tm4qRu,chismosa,8tn7bze,"chismoso, sa"
8v3lf0W,chivata,8vCCfrp,"chivato, ta"
8x1itAO,chocolatera,8x69Qy3,"chocolatero, ra"
8xKsmql,chófer,8xKnYMc,chofer
8zCQC1d,choricera,8zJmuOl | 8zPcjNG,"choricero<sup>1</sup>, ra | choricero<sup>2</sup>, ra"
8zvTY5P,chorras,8zu2YZ1 | 90EsPY5,"chorra | chorro<sup>2</sup>, rra"
93m2c2d,chunga,93nYccp,"chungo, ga"
942C4Mo,chupachup,94925Lg,chupachups
942ytj8,chupa-chup,94925Lg,chupachups
9493Ue0,chupa-chups,94925Lg,chupachups
94CG8GG,chupachús,94925Lg,chupachups
94ZiKhe,chupamedia,94dDCZo,chupamedias
95Y6rzN,chupona,95Xorxi,"chupón, na"
98BHsvy,ciática,98Cq7xB,"ciático, ca"
98XWFnQ,cibernética,98YYoXW,"cibernético, ca"
9AFD0eR,"-cico, ca",8jlpqwV,"chicoco, ca"
9Aj1Gnb,cielorraso,9AhzvUU | 9AhzvUU#83dDSaY,cielo | cielo
9B4hsun,cienmilésima,9B5Rs57,"cienmilésimo, ma"
9BALXEl,cienmillonésima,9BBMZP5,"cienmillonésimo, ma"
9BBgloQ,cienmilmillonésima,9BBwg3E,"cienmilmillonésimo, ma"
9C21y33,cigarrera,9C4q3iL,"cigarrero, ra"
9Ery70I,cinc,cRNNLet,zinc
9Fe9QPk,cincograbado,cRNT41z,zincograbado
9FhSEOw,cincografía,cRNY9A4,zincografía
9FqsWtt,cincuentena,9Fri3gk,"cincuenteno, na"
9G2HId2,cinegética,9G2TkF7,"cinegético, ca"
9GADU2b,cinemática,9GCh2qU,"cinemático, ca"
9GTAC27,cineraria,9GTIkBR,"cinerario, ria"
9GXviJr,cinética,9GYNxuf,"cinético, ca"
9H4OqJa,cinquena,9H5UcTI,"cinqueno, na"
9Jln6k2,circum-,9JsgvCi,circun-
9M8wCXn,cistoscopía,9M7x0Xs,cistoscopia
9P3x2Wm,clara,9PhBhLd,"claro, ra"
9POWAGn,clarificadora,9PNiJ3f,"clarificador, ra"
9TFKY6E,clínica,9TNmHzU,"clínico, ca"
9YxmVij,cocedera,9Yyzqi3,"cocedero, ra"
9ZaZVpC,cochera,9Zj9q2r | 9ZlmVjB,"cochero<sup>1</sup>, ra | cochero<sup>3</sup>, ra"
9aCqkRX,cochinera,9aEYTJJ,"cochinero, ra"
9bpUDd4,cocoroca,9bqtGp7,"cocoroco, ca"
9cJslxm,coctel,9cKSoLa,cóctel
9cN6630,cocui,9cQWeDt,cocuy
9exU2ai,cogecha,9f2Dfid,"cogecho, cha"
9f4e9kF,cogedera,9f6nKJH,"cogedero, ra"
9hRE222,coihue,9hSwmP7,coihué
9hq61n5,coiné,Mi9J3sc,koiné
9i5QS85,coja,9iWOwZN | 9fC4QbW,"cojo, ja | coger"
9iLjYYH,cojinoba,9iOPKkM,cojinova
9mBgtp8,cólica,9mExhgB,"cólico, ca"
9mlmLYk,coligual,9mmr0xR,colihual
9mmAOe4,coligüe,9moBxac,colihue
9qMcwSp,colonoscopía,9qJinYJ,colonoscopia
9rNqR8N,colposcopía,9rMZWvZ,colposcopia
9sETzSY,com-,A5htdjr,con-
9tsBi1K,combinatoria,9tt2EzH,"combinatorio, ria"
9unsJ6o,comelona,9undwVM,"comelón, na"
9vs3efn,cómica,9w2MTyl,"cómico, ca"
9wAkTLH,comilitón,ALiMXX2,conmilitón
9wGaKvc,comilona,9wDCWz0,"comilón, na"
9wecBvN,comisaria,9wkfiEz,"comisario, ria"
9yfOh6b,compaña,9ynQ62T,"compaño, ña"
9z86jgB,comparativa,9z9Zh2q,"comparativo, va"
A1MLIj1,completa,A1WR90r | A1S3usX,"completo, ta | completar"
A1UWAS4,completiva,A1VzEH5,"completivo, va"
A4iJzDS,computadora,A4hIGQC,"computador, ra"
A6HPZHh,cóncava,A6LrZQV,"cóncavo, va"
A6ajSDc,concejala,A6ZJrU7,"concejal, la"
ADNk6XP,coneja,ADak4g1,"conejo, ja"
ADRsbKZ,conejera,ADT1wFE,"conejero, ra"
ADd6jnU,conejuna,ADf7k9o,"conejuno, na"
AERx2Xv,confesa,AEmbN5l,"confeso, sa"
AG6mJoy,confitera,AG9YQm3,"confitero, ra"
AJsF2l2,congrua,AK476c6,"congruo, grua"
AKBBqVF,cónica,AKCz3Eq,"cónico, ca"
AKrslZX,conjuntiva,AKzn2yC,"conjuntivo, va"
AOmj0Po,consejera,AOnzJK2,"consejero, ra"
AS91DPA,consubstanciación,AT9beil,consustanciación
ASB41if,consubstancial,ATBfCiC,consustancial
ASB7OkO,consubstancialidad,ATCDYsh,consustancialidad
ASBxzXC,consubstanciarse,ATDdwuU,consustanciarse
ASX1cg2,consulesa,ASRqmKc,"cónsul, lesa"
AUi33om,contenta,AUokAR9 | AUkqQQA,"contento, ta | contentar<sup>1</sup>"
AYA1uFl,contradictoria,AYCec8T,"contradictorio, ria"
AZsE5dx,contralla,AZx0Yqz,"contrallo, lla"
AZx3efC,contralmirantazgo,AWILhsV,contraalmirantazgo
AZy9jUd,contralmirante,AWJSYHQ,contraalmirante
Ac9LDFj,contrargumentación,AWMliou,contraargumentación
AcB6Jho,contrargumentar,AWP2jAR,contraargumentar
AcCmhh2,contrargumento,AWPTLPw | AWP2jAR,contraargumento | contraargumentar
AcJAz9e,contrarmadura,AWSWheq,contraarmadura
AdHIc0f,contratacar,AWVad4j,contraatacar
AdQnRrx,contrataque,AWY5fP3 | AWVad4j,contraataque | contraatacar
Ae8T7qw,contrayerba,AZJT1s6,contrahierba
AhaYHjp,convocatoria,AhcOXeC,"convocatorio, ria"
AieqjIo,cooperativa,AigzAPz,"cooperativo, va"
AimuwiA,coordenada,AinMQRZ,"coordenado, da"
AjIaiHP,copada,AjMgS0I | AjgdLCO,"copado, da | copar"
Ak1C85A,copec,MiA2gMl,kopek
AkAzZx3,copera,AkNTIqY,"copero, ra"
Akis7FI,copetona,AkdBnGS | AkfBhdB,"copetón<sup>1</sup>, na | copetón<sup>2</sup>, na"
AkjOcDz,copetuda,AkmUlz0,"copetudo, da"
AkonRlu,copiadora,Aknve2u,"copiador, ra"
Ao5TZz1,coralina,Ao7AuTK,"coralino, na"
ApLy77s,corchera,ApNscKg,"corchero, ra"
AqEpwIQ,cordada,AqMrQQ4,"cordado, da"
AqoGEWi,corderina,Aqp6QZ1,"corderino, na"
AtdOGdo,córnea,Atr6nxE | AtuL0E4,"córneo<sup>1</sup>, a | córneo<sup>2</sup>, a"
AukVbbY,cornuda,AunBZXx,"cornudo, da"
AvUd0GW,coronaria,AvXq6BX,"coronario, ria"
Awi7iOc,corralera,Awj4HDH,"corralero, ra"
AxRYNDK,corredera,AxTNxlr,"corredero, ra"
Axmt7vJ,corregidora,AxmblMr,"corregidor, ra"
AxsDdFb,corregüela,AxxFP9h,correhuela
B0BLYCy,corroncha,B0D49Sg,"corroncho, cha"
B1U1gJk,cortafuego,B1UQ2AJ,cortafuegos
B1hYxB4,cortapapel,B1hspnw,cortapapeles
B1t9kXz,cortapluma,B1tuqmV,cortaplumas
B1zmWYA,cortaviento,B20ThW6,cortavientos
B2M7oOy,cortesana,B2QulrS,"cortesano, na"
B3Rtr9o,corva,B3qNmyP | B3VcXdX,"corvo<sup>1</sup>, va | corvar"
B3hnZ6F,corvina,B3plfIL,"corvino, na"
B4OZOuV,coscolina,B4TABcF,"coscolino, na"
B5D3FTh,cosmética,B5F3CxO,"cosmético, ca"
B5WTKPc,cosmonáutica,B5ZATVe,"cosmonáutico, ca"
B6aQ7Qj,costanera,B6eElY5,"costanero, ra"
B6tzyam,costelación,ARGXWtp,constelación
B70aGwG,costera,B74JZ6r | B75R13U,"costero<sup>1</sup>, ra | costero<sup>2</sup>, ra"
B73pcOY,costera,B74JZ6r | B75R13U,"costero<sup>1</sup>, ra | costero<sup>2</sup>, ra"
BAw4iCU,coxcojita,B4LtEQl,coscojita
BBDA7f5,coyota,BBJnIpZ,"coyote, ta"
BBM3w63,coyotera,BBPoEZG,"coyotero, ra"
BBnXQgC,cracoviana,BBpjEYs,"cracoviano, na"
BCCK7a7,craneoscopía,BCAnwBk,craneoscopia
BCkFIU7,cratera,BCkeY3y,crátera
BE7O9C6,crematística,BE7QPt4,"crematístico, ca"
BEGTqdP,cremor,BEKdjCn,crémor
BF2FhdV,crespa,BF84eAT,"crespo, pa"
BFonViQ,criada,BFq6HFr | BFyuWxK,"criado, da | criar"
BFsaMEq,criadora,BFrLYWg,"criador, ra"
BHNm9of,criolla,BHW6idE,"criollo, lla"
BHYCe20,crioscopía,BHXFbhP,crioscopia
BHYfCbr,crióstato,BHYPzYA,criostato
BHpNZ2j,criptón,MiHbMGf,kriptón
BIp6hBd,cristalera,BIuS42t,"cristalero, ra"
BKCt97P,crítica,BKJHGzW,"crítico, ca"
BLGRj8C,cromósfera,BLFj0yb,cromosfera
BLOvz8l,crónica,BLThYfx,"crónico, ca"
BLfcu4k,crónlech,BL0Yre3,crómlech
BMGXlTL,croquet,BMHOhdQ,cróquet
BNOyrbC,cruda,BNYN33A,"crudo, da"
BPDQ7CH,cuadrada,BPG9fIn | BPRtMNE,"cuadrado, da | cuadrar"
BPGpyT0,cuadragésima,BPHHqR6,"cuadragésimo, ma"
BQo4RLC,cuajada,BQuzO10 | BR8U8nb,"cuajado, da | cuajar<sup>2</sup>"
BREmsGq,cuakerismo,BSTPJLJ,cuaquerismo
BRMztn0,cualesquier,BRgGL9X,cualquiera
BRN0Op6,cualesquiera,BRgGL9X,cualquiera
BRfxGm8,cualquier,BRgGL9X,cualquiera
BRnREbE,cuan,BSKWl78,"cuanto<sup>2</sup>, ta"
BRpCzFC,cuán,BSMOJmo,"cuánto, ta"
BSb8dsI,cuarentena,BSfJqN5 | BSdmK5a,"cuarenteno, na | cuarentenar"
BSqfET2,cuarta,BTctS7T | BSySegy,"cuarto, ta | cuartar"
BUAYd5V,cuaterna,BUFKOWN,"cuaterno, na"
BUqjEUC,cuatrillonésima,BUuFtJM,"cuatrillonésimo, ma"
BVyiHCm,cúbica,BW3fPiX,"cúbico, ca"
BWdnJoE,cubreboca,BWdoJn4,cubrebocas
BWgncK5,cubrecabezas,BWfL1Dg,cubrecabeza
BWnmiPN,cubrecamas,BWmgAqQ,cubrecama
BWt0rcz,cubreobjeto,BWv05VW,cubreobjetos
BXF2Y4Q,cucarachera,BXFOubp,"cucarachero, ra"
BYujfdA,cuculmeca,BYvNeUn,"cuculmeque, ca"
BZEDtXl,cudría,BZH3W9f,"cudrío, a"
BaOvTCa,cuentística,BaPzXUO,"cuentístico, ca"
BbaPSRf,cui,BnXwuU7,cuy
BcyZpTW,culera,Bcyaqa1,"culero, ra"
BdTUpob,culinaria,BdUqRdI,"culinario, ria"
BfLqLmJ,cumba,BfQWMpk,"cumbo, ba"
BgpjUkw,cunera,BgsWmQY,"cunero, ra"
BifTKWc,curativa,BijP3Q0,"curativo, va"
BkRqJJC,currutaca,BkSqHj3,"currutaco, ca"
BlnavR5,curva,Blx6XNT | BloNJ38,"curvo, va | curvar"
Bo2hHnb,cyclo-cross,99nrhmC,<i>ciclocross</i>
BojwcK0,dactiloscopía,BohoN9V,dactiloscopia
BpYqdu9,daiquirí,BpXB5Kx,daiquiri
Bpzc0yY,dalmática,BpzsQnF,"dalmático, ca"
BqXMJUu,damascena,Bqckaff,"damasceno, na"
BqkD3jk,damasquina,Bqqo6Yn | Bqq7xVf,"damasquino, na | damasquinar"
BvZ2tOH,decena,BvkvZuZ,"deceno, na"
BwZDoiJ,décima,BwrfRZm,"décimo, ma"
BxmsNkD,declaratoria,Bxohjmz,"declaratorio, ria"
C0aQovt,dedicatoria,C0bF7OX,"dedicatorio, ria"
C26UnXs,defensiva,C2D7a53,"defensivo, va"
C2ammI0,defesa,C2bTcA3,"defeso, sa"
C2xcofX,definitiva,C31C5s1,"definitivo, va"
C3GzJnv,deflectora,C3GYF2m,"deflector, ra"
C5EzGdz,deíxis,C5EQPe1,deixis
C61jM5B,delantera,C63FneK,"delantero, ra"
CAUKrXK,demonomancía,CAR6mKZ,demonomancia
CAdTEhm,demoscopía,CAd1KFY,demoscopia
CExFfiw,depiladora,CEuarpV,"depilador, ra"
CFGKROV,deportiva,CFPW3Sm,"deportivo, va"
CGWKCGI,depuradora,CGSjhvs,"depurador, ra"
CGfhSUV,-dera,CHlF9KT,"-dero, ra"
CGhIzGf,derecha,CGv2o6x,"derecho, cha"
CGkt4Sm,derechera,CGlVxyU,"derechero, ra"
CHFMUQD,derivada,CHGoR0x | CHIraKK,"derivado, da | derivar"
CJvmecR,desa,Cndk8US,"dese, sa"
CPYAuGR,desalinizadora,CPVykLz,"desalinizador, ra"
CZ0hS1l,desborradora,CZ08IRV,"desborrador, ra"
CckSRCt,descarnada,Ccl4fcy | CcnD4kM,"descarnado, da | descarnar"
CmCVJWd,descubierta,CmEnIWL | CmK2McH,"descubierto, ta | descubrir"
CympOxM,desfibradora,CykO1pk,"desfibrador, ra"
D21voML,desgranadora,D1zo13g,"desgranador, ra"
D3AlGYn,deshecha,D3G1M5a | D2yPed3,"deshecho, cha | deshacer"
D5Hzk4S,deshuesadora,D5GV0bk,"deshuesador, ra"
DCp4xqx,desmotadora,DCo2pcH,"desmotador, ra"
DEKdXai,deso,Cndk8US,"dese, sa"
DRp7Dvm,desta,DSn3h29,"deste, ta"
DUJUz91,desto,DSn3h29,"deste, ta"
DVPlRgn,destrozona,DVPBbGr,"destrozón, na"
DVh0BOv,destructora,DVgycgZ,"destructor, ra"
DWHfKac,desubstanciar,DWreoHN,desustanciar
DZ33A5P,desyerba,D3zJ0Pc | D42gTlf,deshierba | deshierbar
DZ4g5NQ,desyerbar,D42gTlf,deshierbar
DZ7wHa7,desyerbe,D43suNz | D42gTlf,deshierbe | deshierbar
DeVmnYG,dialéctica,DeWShVH,"dialéctico, ca"
DhMugFo,didáctica,DhRTzsG,"didáctico, ca"
DiMRh9x,diesi,DiMhzOO,diesis
DiPTLu8,diestra,DiPpTTa,"diestro, tra"
Dij9xaZ,dietética,DilIMgo,"dietético, ca"
DisVruc,diezma,DjBKim5 | DitQLZk,"diezmo, ma | diezmar"
DiwvRQN,diezmilésima,DixzFqD,"diezmilésimo, ma"
Dj3Y32H,diezmillonésima,Dj8hCUI,"diezmillonésimo, ma"
DjAk5RD,diezmilmillonésima,DjAlTeV,"diezmilmillonésimo, ma"
DkcvR5r,difusora,DkbYtOz,"difusor, ra"
Dl9L8zX,digitalizadora,Dl6zJna,"digitalizador, ra"
DmDKAjI,dilatoria,DmIu598,"dilatorio, ria"
DnlCMO7,dinámica,DnmOkpJ,"dinámico, ca"
Do6iuhc,dínamo,Do2XfCe,dinamo
DouxdDp,diócesi,DovGazS,diócesis
DpAOrYZ,dióptrica,DpBB5yE,"dióptrico, ca"
DpbEPU4,diplomática,DpfZARt,"diplomático, ca"
DquSydV,directa,Dr1OIBH,"directo, ta"
Dr0EbgN,directiva,Dr0oRwT,"directivo, va"
DuwmzS7,disgrafía,DuwalkQ,disgrafia
Dxn0Qv9,dispositiva,Dxo9GVr,"dispositivo, va"
DxwDzr3,disquera,DxxYb5C,"disquero, ra"
DzLMym9,distribuidora,DzJIPaW,"distribuidor, ra"
DzlZLh3,disyuntiva,Dzti15f,"disyuntivo, va"
E2tkDsg,docena,E308E30,"doceno, na"
E3KsmnZ,docimástica,E3QGc9C,"docimástico, ca"
E3TPUD3,doctora,E3TMkYQ | E3dD26f,"doctor, ra | doctorar"
E4gY9xN,dogmática,E4kFi41,"dogmático, ca"
E5vpiMw,dolorosa,E5y4irc,"doloroso, sa"
E7DgGFi,dominica,E7EotcJ | E7IQPdx,"domínica | dominico, ca"
E7Oba30,dómino,E7RQwmu,dominó
E7VW39A,domótica,E7W0v9b,"domótico, ca"
E8X9bSs,donnadie,E7fKGDe | E7fKGDe#6scMH3K,"don<sup>2</sup>, doña | don<sup>2</sup>, doña"
E8fYaTj,doñanadie,E7fKGDe | E7fKGDe#H4oPFsr,"don<sup>2</sup>, doña | don<sup>2</sup>, doña"
E955ua4,dorada,E98Vnc1 | E9BCKRz,"dorado, da | dorar"
E958hEg,doradilla,E95rRmG,"doradillo, lla"
E9T85ly,dormidera,E9UMqoF,"dormidero, ra"
E9bMVOX,dormilona,E9bKzEk,"dormilón, na"
EBR9ret,dragona,EBQTIka,"dragón, na"
EBiAjUr,dramática,EBl3HO2,"dramático, ca"
EEq4f2o,dueña,EEsL9LT,"dueño, ña"
EFMhTc0,dulcera,EFTj6He,"dulcero, ra"
EGLQ5r2,dumdum,EGLZFd0,dum-dum
EGhRAQD,dupla,EH90FG5,"duplo, pla"
EHEah9L,duquesa,EHCGDUn,"duque, quesa"
EIqugPN,eboraria,EIsA7QC,"eborario, ria"
EJNddKf,ecdótica,EJPC3Hr,"ecdótico, ca"
EMopa0C,ecumene,EMqfWDW,ecúmene
EN2bZvI,eczema,EJE3d7t,eccema
EN8Mgni,-eda,ENv5qJU,"-edo, da"
ENATORl,-edad,BotFPGe,-dad
ENFwLx8,-edal,ENv5qJU,"-edo, da"
EORpzyf,-edura,EHGi0dJ,-dura
EP6Sekl,efemérides,EP3PimJ,efeméride
EPcucHk,efímera,EPdqWY9,"efímero, ra"
EQHuWTz,egílope,EQHH6PD,egilope
ERh5MsS,-eja,ESjipMo,"-ejo, ja"
ES0hl0W,ejecutiva,ES3gbuJ,"ejecutivo, va"
ES79aZL,ejecutoria,ES8Gb5i | ES7yhF0,"ejecutorio, ria | ejecutoriar"
ESkmCZU,-ejón,R3Ff5cR,"-ón<sup>1</sup>, na"
ESsj0Wl,-ela,EYJ7cNu,"-elo, la"
ETAd5oj,elástica,ETAy5nW,"elástico, ca"
EU4Ep3q,electroacústica,EU8O7cC,"electroacústico, ca"
EUDrzgO,electrodinámica,EUEBM1S,"electrodinámico, ca"
EUjPJxC,electrolisis,EUlJdt1,electrólisis
EUq9tfn,electrólito,EUovakV,electrolito
EV6BErh,electromecánica,EV6N7sl,"electromecánico, ca"
EVKuXjS,electrónica,EVPbkNF,"electrónico, ca"
EVWuU8n,electroquímica,EVYmxAV,"electroquímico, ca"
EVaiNRy,electrostática,EVbNchG,"electrostático, ca"
EW3TWMN,elefancia,EW3myWv,elefancía
EXAOBiK,elevadora,EX9uBda,"elevador, ra"
EXbKRhT,eliminatoria,EXd8R8H,"eliminatorio, ria"
EXsGiMb,elite,EXtXytb,élite
EY4DaPY,elíxir,EY3ZnQi,elixir
EY50QVp,ella,ESsilCu,"él, ella"
EZ1srLN,em-,EuQ6vJs,en-
EZ2Ofo7,-ema,NkHD0gv,-ma
EahqRkp,embarbascar,FrIOC5v,envarbascar
Efp7Xv7,embotelladora,EfmbVw4,"embotellador, ra"
EiQn9D3,embutidora,EiLrpmC,"embutidor, ra"
EjRSfFw,emisora,EjRBXpM,"emisor, ra"
EjzpZQc,empacadora,Ejylf2L,"empacador, ra"
ElIu300,empanada,ElL4pFW | ElM70Z6,"empanado, da | empanar"
Ep4kbHs,emperatriz,Ep32lWS,"emperador, triz"
EuQNprD,-ena,FXIPVAS,"-eno, na"
Ev3HXIU,enamorada,Ev9TuQ5 | EvFlfaw,"enamorado, da | enamorar"
Eyh0uku,encandiladora,EygqsM1,"encandilador, ra"
F4AFXtq,enceradora,F49NOxg,"encerador, ra"
F64wazA,-encia,QJb1Ewu,-ncia
F6ZaVc5,encimera,F6aSOGF,"encimero, ra"
F80fzeC,encoladora,F7z5J3S,"encolador, ra"
F9LeXIa,encorchadora,F9L2Tnz,"encorchador, ra"
FAhWjic,encubierta,FAkdPpG | FAsrpFQ,"encubierto, ta | encubrir"
FCvucpO,endíadis,K9caZCr,hendíadis
FDEtd03,endivia,FCwHSKA,endibia
FEMziPL,endoscopía,FEMDKCT,endoscopia
FEXq8PK,endosmosis,FEZDBkK,endósmosis
FEwrXnz,endrina,FEz3iFA,"endrino, na"
FG8G7W4,energética,FGBLXOC,"energético, ca"
FK4Muew,-enga,FNYQBJa,"-engo, ga"
FL6pPgK,engañamundos,FL2VAml,engañamundo
FRAEIsT,enhierbar,Ftl8q9x,enyerbar
FREwb3a,enhoramala,KdzJ1hu | KdzJ1hu#GF5XEku,hora | hora
FTM44f5,enjuta,FTR3tL4 | FTMVPNN,"enjuto, ta | enjutar"
FcaXJkl,ensayística,FcaezSw,"ensayístico, ca"
Fcw7Wcw,ensenada,Fcxuv3S | Fcznxtv,"ensenado, da | ensenar"
FdkFhWd,ensillada,FdmnOHE | Fdny0xs,"ensillado, da | ensillar"
Fo7OKmp,entresemana,XV9JZTZ | XV9JZTZ#7bY5KP2,semana | semana
FuLB8zN,-eña,FuRDRsP,"-eño, ña"
FvMq2AL,épica,Fvuabt0,"épico, ca"
G1KG64V,érebo,G1G8cZZ,erebo
G3JgoUS,erótica,G3MbmEq,"erótico, ca"
G4XJW3w,esa,GOeWVLy | G4YKiYz | G4WwHOS,"ese<sup>2</sup>, sa | -esa | -és, sa"
G6WoxwP,escaldada,G6X966t | G6ZBjh0,"escaldado, da | escaldar"
G76dZ3H,escalibada,G7AMr6q,escalivada
G9DKfMi,escandalosa,G9EBm6V,"escandaloso, sa"
GBGShkW,escarchada,GBH3mtw | GBKDDN3,"escarchado, da | escarchar"
GEbbJUg,esclava,GElf0MV,"esclavo, va"
GF1GFSV,esclerótica,GF1ItJ0,"esclerótico, ca"
GF6D1qs,"-esco, ca",GJVPkpE,escoscar
GFNxeNN,escobera,GFQMGek,"escobero, ra"
GGuBVI0,escolástica,GGyhb5S,"escolástico, ca"
GHQ3Uyz,escombrera,GHR92xD,"escombrero, ra"
GIm1IAO,escoriación,HDC8stI,excoriación
GIu33nD,escoriar,HDDDagK,excoriar
GJthefL,escribana,GK4gJtI,"escribano, na"
GKPqSCm,escrita,GKRIYhs | GKCiBz2,"escrito, ta | escribir"
GOyKMFj,esfácelo,GOwShbx,esfacelo
GQmPBto,-esis,Y1ULCxP,-sis
GSrCcx9,espaciotiempo,GSrCczQ,espacio-tiempo
GTHf5W2,espagírica,GTI3rCb,"espagírico, ca"
GUSpPin,españolada,GUUlpG2 | GUbUQzJ,"españolado, da | españolar"
GVa41Xx,esparraguera,GVaDErL,"esparraguero, ra"
GWDzhDR,espatulomancía,GWDjA0V,espatulomancia
GXOFRMZ,espectroscopia,GXPZP1v,espectroscopía
GXbAoWK,especulativa,GXchOHn,"especulativo, va"
Ga1CZ3G,espetaperros,GZzvtmb | 9nOp7s0 | GZzvtmb#DZdE5kU,"espetaperro | colinérgico, ca | espetaperro"
GamTLM6,espigadora,GakYiHY,"espigador, ra"
GcsHK4N,espiroqueta,Gcxe0Jr,"espiroqueto, ta"
GdeHfy2,espoliación,HKJVhvZ,expoliación
Gdh1GY0,espoliar,HKQQsZ9,expoliar
Gf0YcE3,esporófito,GewhWaU,esporofito
GfTY4qx,esposa,GfZ6baC | GfWlvxs,"esposo, sa | esposar"
Gh8F35E,esquiladora,Gh85u9J,"esquilador, ra"
GhsCu7L,esquinera,GhxHuFP,"esquinero, ra"
GibSTZ8,esta,GoDU5PI,"este<sup>2</sup>, ta"
GjiNl2l,estadística,GjpDTiC,"estadístico, ca"
GndlU9M,estática,GneBGdF,"estático, ca"
Gnz8xVd,estatuaria,GnzBYE7 | GnzPOBH,"estatuario<sup>1</sup>, ria | estatuario<sup>2</sup>, ria"
Gq6x7zA,estereoscopía,Gq616CM,estereoscopia
GrFobgI,estética,GrPCrf2,"estético, ca"
Gs9VUqT,estilística,GsAHFrO,"estilístico, ca"
GsITot2,estilográfica,GsJgap5,"estilográfico, ca"
GscIQEU,estimativa,Gsi4O42,"estimativo, va"
GtpMjIM,estitiquez,GtG1dJI,estiptiquez
Gu7GjPJ,estocástica,Gu89KMq,"estocástico, ca"
GxcVECZ,estratósfera,GxbnIa4,estratosfera
GyELyc3,estrellada,GyH3NsJ | GyMhE65,"estrellado, da | estrellar<sup>1</sup>"
GyUJ8b7,estrellera,GyW0ikv,"estrellero, ra"
H04e9X5,estriptís,H0445GL,estriptis
H1BISRP,estrujadora,H1AlVE5,"estrujador, ra"
H1pcZ3H,estudiantina,H1rjy5E,"estudiantino, na"
H32Edkm,esvarar,G4d5Co8,esbarar
H36eTuM,esvarón,G4hvNpG,esbarón
H3BkHkv,-eta,H3Sohu5,"-ete, ta"
H3xORA5,ética,H3y8Ijj | H3yay0R | KHWcvVR,"ético<sup>1</sup>, ca | ético<sup>2</sup>, ca | hético, ca"
H4Zn06C,etiquez,KHXdMz9,hetiquez
H5GTUpN,-etón,R3Ff5cR,"-ón<sup>1</sup>, na"
H7SDGB7,euskaldún,H7Hib1U,euscaldún
H7TI2LI,euskalduna,H7K7i9B,euscalduna
H7TqfGd,euskaldunización,H7L9WG8,euscaldunización
H7WDbsj,euskaldunizar,H7Og4ay,euscaldunizar
H7XYEzN,éuskara,H7WuiLc | H7ZVcyM,"euskara | éuskaro, ra"
H7Yx5FZ,euskaro,H7ZVcyM,"éuskaro, ra"
H7hDrIZ,eusquera,H7duhpt,euskera
H9HGFmu,evasiva,H9HiQhb,"evasivo, va"
HBSb24s,excavadora,HBRwBBW,"excavador, ra"
HBhRpNj,excéntrica,HBlEoqs,"excéntrico, ca"
HC5bj3t,excerta,HC5XLRY,excerpta
HCoAJbz,exclusiva,HCx7DIX,"exclusivo, va"
HDb0MQv,excusabaraja,GOAhFrQ,escusabaraja
HDzogR5,exegesis,HDzpEFL,exégesis
HE8hGZp,exegeta,HEBCXHj,exégeta
HGdhqL7,exoftalmía,HGctITn,exoftalmia
HHLMVsi,exósfera,HHKY3SE,exosfera
HHLZoOg,exosmosis,HHNBiS5,exósmosis
HHPpk2K,exótica,HHTrLvY,"exótico, ca"
HHtR1dd,expectable,GX60U3A,espectable
HLMG9oa,exprofeso,HLMtHNH,ex profeso
HLorC1H,éxtasi,HLuOex9,éxtasis
HO2Q9WF,extractora,HO11e87,"extractor, ra"
HOhTo3Z,extraña,HOz2OKr | HOuhHvr,"extraño, ña | extrañar"
HP23ktx,extraordinaria,HP5RXLV,"extraordinario, ria"
HPnlTcS,extremada,HPqsXRv | HPwpAkg,"extremado, da | extremar"
HQHgHVV,extrusora,HQH9b6O,"extrusor, ra"
HRiEtym,fabulística,HRlotpE,"fabulístico, ca"
HSGu37o,facera,HSJQnA6,"facero, ra"
HUkk6Wa,faina,HUkkG3f | HUph8Z6,"fainá | faino, na"
HVXYZPX,falafel,HVXYZc2,faláfel
HWjfSqg,faldera,HWocG8p,"faldero, ra"
HYg6Fcf,falsa,HZC1ih6 | HYpXyKp,"falso, sa | falsar"
HcHlSnn,farándola,HcGkfYW,farandola<sup>2</sup>
HdKazPZ,farmacocinética,HdNIUFz,"farmacocinético, ca"
HeG5OTt,farrago,HeG7OmS,fárrago
HeWuVT3,farruca,HeX2eVR,"farruco, ca"
HfoDOVM,fata morgana,Hfk8VbC,fatamorgana
HpwNOnv,fiadora,HpuWx7x,"fiador, ra"
HqH04sG,fibrinólisis,HqEOaNB,fibrinolisis
HsdlauG,figulina,HseqFBr,"figulino, na"
HswSZG1,fija,Ht796DZ | Ht7Ay3a | Ht3eBuJ,"fijo<sup>1</sup>, ja | fijo<sup>2</sup>, ja | fijar"
HtwIXtn,filarmónica,Htwwe0A,"filarmónico, ca"
Hv5iJQ1,filipina,HvARDn6,"filipino, na"
HvOCAVR,filmadora,HvO43iI,"filmador, ra"
HvnDC69,filológica,HvopW5D,"filológico, ca"
Hw5Vco3,filosa,Hw6yCF7,"filoso, sa"
HyMYdcj,finoli,HyO6fPK,finolis
HzHZtg9,fiscala,HzHItzp,"fiscal, la"
Hzqx0lW,física,Hzx5KSB,"físico, ca"
HzyGzPQ,fisicoquímica,HzzsXel,"fisicoquímico, ca"
I0Fm53e,fisiognómica,I0IQ6ev,"fisiognómico, ca"
I21J2am,flaccidez,I236STf,flacidez
I4QPrWV,flechera,I4SuYZD,"flechero, ra"
I5Amfmy,fletera,I5Be1Zj,"fletero, ra"
I9UrICb,foie gras,I9VFXg8,<i>foie-gras</i>
IAIIWt5,foliolo,IAJbSSy,folíolo
IAKzxc8,folklor,I9gFQj9,folclor
IAQExs5,folklore,I9k9xD7,folclore
IATouMj,folklorismo,I9o0ggb,folclorismo
IAUfx5M,folklorista,I9p3Y0a,folclorista
IBq7XMS,fondonga,PdALJ9P,mondonga
IC3tDas,fonemática,IC6Drpe,"fonemático, ca"
ICAho85,fonética,ICCsBTn,"fonético, ca"
ICkGrHA,fonomímica,ICnWeII,"fonomímico, ca"
ICxUUKu,fontana,ID9PEoL,"fontano, na"
IFTZ9SC,fórmica,IFSmhg3,formica
IGixdnJ,forrajera,IGjgVEd,"forrajero, ra"
IHr7eq1,forzosa,IHrkqxl,"forzoso, sa"
IIFrsNE,fosca,IIH5NP5,"fosco, ca"
IIW9AjJ,fosforera,IIWvmqI,"fosforero, ra"
IJYb2Hy,fotocopiadora,IJW7apo,"fotocopiador, ra"
IJyZPD1,fotograbadora,IJwPuG1,"fotograbador, ra"
IK9dhNA,fotólisis,IK99KpM,fotolisis
IKe1sTm,fotomecánica,IKgdKB2,"fotomecánico, ca"
IKyZ4RC,fotoperiodo,IL1kMe9,fotoperíodo
IL34O5E,fotoquímica,IL3iUKF,"fotoquímico, ca"
ILHUGbj,fotósfera,ILF2o4I,fotosfera
IME775g,fraccionadora,IM7BCP5,"fraccionador, ra"
IOSESWo,francocuartel,BT1Y4My | BT1Y4My#5wKWUVG,cuartel | cuartel
IQ6JiNS,fraterna,IQHTu6u,"fraterno, na"
IROmJCe,fregona,IRNGf4j,"fregón, na"
IRZqqxM,freidora,IRVZGeo,"freidor, ra"
IRrDvwz,fréjol,IRq3nm7,frejol
ISqnPfk,fresadora,ISpenwh,"fresador, ra"
ISwrLqV,fresca,IT35u3d,"fresco, ca"
IT91OMY,fresera,ITBXoox,"fresero, ra"
ITPZbwH,fresquera,ITT1xjE,"fresquero, ra"
ITtwWlp,fría,IUteOxn | IRkiFdF,"frío, a | freír"
IUWekoW,fríjol,IUUIp9A,frijol
IUuVY2f,friolera,IUuhxcN,"friolero, ra"
IUx9tuk,friqui,IUmogtr,friki
IW9rkW4,frontalera,IWA8xsb,"frontalero, ra"
IWEkfHP,frontera,IWF4mid,"frontero, ra"
IXCWzKM,fruslera,IXIzlp7,"fruslero<sup>2</sup>, ra"
IZkzJ0A,fulana,IZm0LQU,"fulano, na"
IbE7iIB,fumista,IbDlgbQ,fumista
Ic9hRHy,fundidora,Ic7SV8D,"fundidor, ra"
IcMeO8E,funeraria,IcN7XyE,"funerario, ria"
IdwLPdA,fusca,IdyosrI,"fusco, ca"
Ieof45J,futbol,IeptqGe,fútbol
IfLrXY5,futura,IfX2GjP,"futuro, ra"
IfbhVmR,gabacha,IfhCbgS,"gabacho, cha"
IhLxG1S,gagate,IhNtxC9,gagates
IiRvZTR,galana,IiYBrGW,"galano, na"
IjSUjTC,galénica,IjTIdS2,"galénico, ca"
Iku9eon,gallarda,Il0FYcS,"gallardo, da"
IlX7mtf,gallera,IlYonrM,"gallero, ra"
ImOd8kT,gallofa,ImUIECa | ImPXok2,"gallofo, fa | gallofar"
Imah6GE,gallopinto,ImORZs4 | ImORZs4#DD2niCX,"gallo, llina | gallo, llina"
IoRaIl1,gamberra,IoVqfP2,"gamberro, rra"
IpBtftR,gametófito,IpB4aUv,gametofito
Ir75QnZ,gansa,IrBoPoH,"ganso, sa"
It0xOq8,garbín,IyIbAGy,garvín
ItPlInP,garduña,ItQcM0e,"garduño, ña"
IuB1bqf,gargantilla,IuBAvW0,"gargantillo, lla"
IwS9Qhj,garrapiñada,IwSilI5 | IwVNjGO | IwXPY0T,"garrapiñado, da | garrapiñar<sup>1</sup> | garrapiñar<sup>2</sup>"
IxOO0Wg,garrotera,IxX2OZf,"garrotero, ra"
IykckMp,gaseosa,IylLSfa,"gaseoso, sa"
Iz1fKiO,gasolinera,Iz3iF0I,"gasolinero, ra"
IzTgprF,gastr-,IzcQLiC,gastro-
J02guRr,gastroscopía,J010tRD,gastroscopia
J0Aj7Id,gata,J0VULIX,"gato<sup>1</sup>, ta"
J0ZTC1D,gatuna,J0ZzY9D,"gatuno, na"
J3NLa9W,gena,MPQ6YCX | J56cPrf,"jena | ‒́geno, na"
J4ZiuCy,genética,J4a2bti,"genético, ca"
J4c3ZlB,genetlíaca,J4iWMqr,"genetlíaco, ca"
J5PY1pn,genolí,J5KeUTl,génoli
J5XGxxh,genómica,J5XP0TJ,"genómico, ca"
J6YLxq4,genulí,J6Xw99I,génuli
J6amArP,geobotánica,J6cpJZ9,"geobotánico, ca"
J70M4LD,geofísica,J74R1qo,"geofísico, ca"
J7YDIOF,geomancía,J7WUA4L,geomancia
J7s2W8l,geopolítica,J7tBkLN,"geopolítico, ca"
J7tjSVg,geopónica,J7wEXae,"geopónico, ca"
J7zEVn7,geoquímica,J81sBCW,"geoquímico, ca"
J8FJ3Rv,geórgica,J8I5fHz,"geórgico, ca"
J8QlByc,geósfera,J8Qht9X,geosfera
J8YSYG4,geotécnica,J8Yia91,"geotécnico, ca"
J8lmwDB,gerbo,MPshwA9,jerbo
JBC0OCn,giennense,MSSPSfW,jiennense
JBEu1tO,giganta,JBGDlt0,"gigante, ta"
JBGtbvW,gigantea,JBHCQaY,"giganteo, a"
JC1fUxM,gimnástica,JC3Fso3,"gimnástico, ca"
JCHYXek,gindama,MTFGlKp,jindama
JDJp3TG,giratoria,JDP3DwA,"giratorio, ria"
JDiP1og,girostato,JDivulu,giróstato
JEMG02p,gladíolo,JELOcqW,gladiolo
JF29RlY,glicolisis,JF3kreA,glicólisis
JFdj0GI,gloriosa,JFfAmMG,"glorioso, sa"
JGN7JQL,glucolisis,JGRK0Hg,glucólisis
JH0pwFG,gnomónica,JH1pJRW,"gnomónico, ca"
JHIc3J0,gobernadora,JHHUQzx,"gobernador, ra"
JIRygjj,golfa,JIm89FN,"golfo<sup>2</sup>, fa"
JKNJHLf,gomera,JKQLClN | JKQZF6l,"gomero<sup>1</sup>, ra | gomero<sup>2</sup>, ra"
JLF8w5V,gorda,JLSh4xE,"gordo, da"
JNRKY02,goya,JNSTv7a,"goyo, ya"
JO17wmR,grabadora,JNzZQMH,"grabador, ra"
JPW97Xk,gráfica,JPeHrNL,"gráfico, ca"
JPeplx3,gráfila,JPed0zv,grafila
JQkghdC,gramática,JQukZIX,"gramático, ca"
JRg6T1y,granadina,JRjE0Et | JRl50kC,"granadino<sup>1</sup>, na | granadino<sup>2</sup>, na"
JRi6igU,granadina,JRjE0Et | JRl50kC,"granadino<sup>1</sup>, na | granadino<sup>2</sup>, na"
JSzIVPO,granillera,JSzrXuq,"granillero, ra"
JTRSDl7,granujada,JTSLyQm,"granujado, da"
JUyVNkK,gratil,JUyd9n4,grátil
JW1S9fj,greca,JW7s3z5,"greco, ca"
JZuWlpa,gruesa,Ja0Q4FQ,"grueso, sa"
Jbgd8Hp,guachalomo,KjECP18,huachalomo
Jbjhhbk,guachar,KjGn4uZ,huachar
JcUTULZ,guadañadora,JcTwBG1,"guadañador, ra"
Jd5Edfp,guadúa,Jd4oiFl,guadua
JdVDzpW,guaiño,KjMtzti,huaiño
Jdhuol2,guairuro,KjNCdG3,huairuro
Je4VbQD,guajira,Je4ekL6,"guajiro, ra"
JfUMT3O,guanera,JfVPeW5,"guanero, ra"
JftzcKX,guantanamera,JfwAQJu,"guantanamero, ra"
Jg2cEDO,guantera,Jg5TcME,"guantero, ra"
JgbmMgz,guaquear,Kk8JvnD,huaquear
JhraddZ,guardabosques,JhoLiDZ,guardabosque
JiSrsWf,guardafango,JiTHSow,guardafangos
JiqTRSy,guardamanos,JiqR8OL,guardamano
Jj3jb6W,guardamontes,JixXuwi | JiwNTRK,guardamonte<sup>2</sup> | guardamonte<sup>1</sup>
JjALQHl,guardaparque,JjBxdGh,guardaparques
JjFp3Gd,guardapolvos,JjFSJAl,guardapolvo
JjpCNHu,guardesa,Jjmr0Vv,"guardés, sa"
JjqwLPx,guardiacivil,JjpuE9J | JjpuE9J#9JzaAbi,guardia | guardia
Jmwu0UE,guayabera,JmxXl0W,"guayabero, ra"
Jo8Wzfr,güegüenche,KkyLcvb,huehuenche
JoFqLkC,güemul,KlDb7X4,huemul
JoZcdLg,guerrera,JogJAs9,"guerrero, ra"
JpbNW8f,güillín,KmPDIrV,huillín
JphcEc3,güilota,KmRRDcW,huilota
JrAQuUM,güipil,KmYoaMd,huipil
JryiQru,güisquil,KmqptKF,huisquil
JrzeviZ,güisquilar,Kms51Lt,huisquilar
JtRW1PP,gurbia,JtRcHqB,"gurbio, bia"
JtavIYG,gurisa,JtY5gZH,"gurí, risa"
JtvIXws,gurrumina,Jtxio7m,"gurrumino, na"
Juv8R4o,habanera,Juy01L1,"habanero, ra"
Jvx6DF5,hablantina,Jvu1Dfv,"hablantín, na"
JwZWurc,hacendera,JwcK77M,"hacendero, ra"
JxnUzyc,hadada,JxnufjJ,"hadado, da"
JyJROFZ,hai-kai,JyHIVff,haikai
JyKBjdw,haikú,JyK0w1N,haiku
Jyt7ggE,halconera,JyvCTBH,"halconero, ra"
Jz3t1pp,haleche,1gLoBQD,aleche
Jzxg61J,hamadriada,JzyZ7Fs,hamadríada
JzzP3WS,hámago,2C1D7NA,ámago
K0GDhmq,hamburguesa,K0FZq4Z,"hamburgués, sa"
K18K46j,haraquiri,K0zqmDo,harakiri
K1Bt2gB,haravico,3Pkv800,aravico
K1XZ7et,harem,K1YEkbn,harén
K1pCx6o,harmonía,3bXmVta,armonía
K1pe1Bh,harmónicamente,3bgK0uA,armónicamente
K207HoH,harmonio,3bnCjZZ,armonio
K21DVDr,harmoniosamente,3bnZ0VK,armoniosamente
K24CEXJ,harmonizable,3btHsFP,armonizable
K255KF1,harmonización,3buGv0C,armonización
K26cutw,harmonizar,3bxxEAs,armonizar
K2DiW6A,harpa,3cb7u96,arpa
K2GCzUq,harpía,3cnkcTt,arpía
K54ulus,héctica,K55kaMf,"héctico, ca"
K5IzkDF,hedentina,K5IzuR1,"hedentino, na"
K5bHJxJ,héjira,K5aQApU,hégira
K5eo17t,heladera,K5gdtSU,"heladero, ra"
K5kahZi,heladora,K5kaceO,"helador, ra"
K6eVe3R,heliofísica,K6gI9Eb,"heliofísico, ca"
K6tEDpz,heliostato,K6tOpgU,helióstato
K74VN55,helitrasportar,K74Aw4l,helitransportar
K7R5yxo,hemat-,K7Yq789,hemato-
K8Mc4z7,hemiplejía,K8JL7Uk,hemiplejia
K8oOxaz,hemodinámica,K8pGXSt,"hemodinámico, ca"
K8zyfOQ,hemólisis,K8zmkFQ,hemolisis
K9BGrnn,hemorroisa,K9EU9YV,hemorroísa
KAHNse2,hepática,KAIl21X,"hepático, ca"
KAorQG6,heráldica,KApsuCF,"heráldico, ca"
KBfKeLh,herbolaria,KBgKAtR,"herbolario, ria"
KDV1FRl,hermenéutica,KDXnico,"hermenéutico, ca"
KEVaqyK,herpe,KEWLXVi,herpes
KEozyIo,herraj,G3hA7C9,erraj
KFCkk9y,herrera,KFRHpa0,"herrero, ra"
KH4WnNN,heteromancía,KH2Trem,heteromancia
KHIZJC1,heterósfera,KHFTJsM,heterosfera
KHVxhOJ,hética,KHWcvVR,"hético, ca"
KHcDhSp,heurística,KHdGTfC,"heurístico, ca"
KIlTG9h,hicaco,KrtKPuT,icaco
KJZat0e,hidráulica,KJbsezd,"hidráulico, ca"
KK9RUur,hidrodinámica,KKDSirV,"hidrodinámico, ca"
KKbWvE8,hidrolisis,KKcL61V,hidrólisis
KKoQlEg,hidromancía,KKnk8Oo,hidromancia
KLckhg6,hidroscopía,KLcSyXe,hidroscopia
KLdgITZ,hidrósfera,KLdFtzT,hidrosfera
KLgnb6Z,hidrostática,KLm8yIL,"hidrostático, ca"
KMeImFx,hierbal,cAsyPR9,yerbal
KMjxpop,hierbazal,cAwab5H,yerbazal
KMmCS9Y,hierbería,cB1kLyk,yerbería
KMpJtUk,hiero,cB8yfa1 | KCqQLb3,yero | herir
KNf0O2o,higroscopía,KNd1oSf,higroscopia
KOnbSfC,hiladora,KOlbJ1N,"hilador, ra"
KQw2ySu,hipercrítica,KQwkomA,"hipercrítico, ca"
KRw6jMC,hípica,KRzL1Zu,"hípico, ca"
KUqaJge,hipótesi,KUtnGU1,hipótesis
KWaUK3m,histeroscopía,KWaTDOn,histeroscopia
KWpydX6,histoquímica,KWqFvk6,"histoquímico, ca"
KXXcp2U,histrionisa,KXQC3ND,"histrión, nisa"
KXYVjp2,hita,KXfBEVb | KXZwCfZ,"hito, ta | hitar"
KYhw9zI,hojasanta,KYSU0CJ | KYSU0CJ#Dc0q2u1,hoja | hoja
KYx60jS,holandesa,KYwyn6b,"holandés, sa"
Kc9FsFM,homósfera,Kc6W6Kb,homosfera
KfaU6qg,hornaguera,Kfan1dm,"hornaguero, ra"
KfpMQiD,hornera,KfwoZ6v,"hornero, ra"
KgdJFGP,hortelana,Kge6R8P,"hortelano, na"
KiQ3lpc,house,0EUOgTV | 0gAq1Lh | 0gGUoji | 3F5pMEg | 4MSFSQ1 | 80SsCGG | KdtkuRQ | KicNXHr | R6sHpEA | SCtP2h8,abusar | acusar | acuse | aponer | atusar | causar | hoparse | hoyar | oponer | pausar
Kiy1E0B,huaca,JbFx8qE,guaca
Kj02ULc,huacal,JbHX4ci,guacal
KjHC0tJ,huachinango,Jbyum8R,"guachinango, ga"
KjNN3IS,huaje,JdyojHi,guaje
KjbMtcL,huamúchil,JesZ1Bi,guamúchil
KkBEHLF,huarache,Jgl10gL,guarache
KkIo7x5,huarapeta,JhMQZfK,guarapeta
KkPvANN,huasca,JlgvCKR,guasca
KkcIWmx,huateque,JmV3DvA,guateque
KlZDVwi,huesera,KlauOod,"huesero, ra"
KlkDwpd,huesuda,KllsynA,"huesudo, da"
Klvtmq3,huevera,KlwkMoP,"huevero, ra"
Kmz0Q8M,hulahúla,KmyzNMS,hula-hula
Kn7Cjbp,hulera,Kn7K39s,"hulero, ra"
Ko9CuTj,húmeda,KoINmJk,"húmedo, da"
KojYAk1,húmil,Koh4oIY,humil
KpCxwJS,húmilmente,KpCjyXR,humilmente
KpObarq,humorada,KpTAlyE,"humorado, da"
KqaaiGr,huronera,KqbIgUs,"huronero, ra"
KrHckrH,huy,bDc9Ahi,uy
KrQe8X3,i-,L9vLorj | L9vXSzQ,in-<sup>1</sup> | in-<sup>2</sup>
KrTWYNC,i-,L9vLorj | L9vXSzQ,in-<sup>1</sup> | in-<sup>2</sup>
KrXErWW,iatrogenia,c9xJNxL,yatrogenia
KrqSttz,-ible,5gagNwr,-ble
KsCJZny,-ición,9I27Gyi,-ción
KsOKaaZ,"‒́ico, ca",KsR7xfb | Ksvb2kU | MBZrdaZ,"icónico, ca | icoroso, sa | isoca"
KsXBcnJ,ícono,KsRzX3u,icono
KtLQ9qb,-idad,BotFPGe,-dad
KvGioHm,-idura,EHGi0dJ,-dura
KvNh82L,-iense,FcdC0S8,-ense
KytulPG,-illa,KywyhW2,"-illo, lla"
KziuOQ7,ilustrísima,KznLAjI,"ilustrísimo, ma"
Kzo84Wg,im-,L9vLorj | L9vXSzQ,in-<sup>1</sup> | in-<sup>2</sup>
Kzpk9SX,im-,L9vLorj | L9vXSzQ,in-<sup>1</sup> | in-<sup>2</sup>
L0GOIEW,imaginativa,L0GWhuR,"imaginativo, va"
L0LWg7J,imam,L0MvbBn,imán<sup>2</sup>
L11ttMb,-imento,OxGaTig,-mento
L120iDS,-imiento,PDgi3bc,-miento
L31BYXL,imperatoria,L38TCyY,"imperatorio, ria"
L4BHP4I,impía,L4GbXWy,"impío, a"
L543hqY,impolítica,L55XvuK,"impolítico, ca"
L70kens,impresora,L6zeI9R,"impresor, ra"
LFoFmPR,incógnita,LFouOlI,"incógnito, ta"
LLk5Eu9,indagatoria,LLmUSSI,"indagatorio, ria"
LNc6oh5,indiana,LNmA7Pk,"indiano, na"
LP6YeBh,indirecta,LPBzYJt,"indirecto, ta"
LPn3SGl,individua,LQCSlDx,"individuo, dua"
LRoaO79,indumentaria,LRprsMH,"indumentario, ria"
LY8J1Xi,informática,LY8zQy3,"informático, ca"
LYk8D5E,infraganti,LYnESFR,in fraganti
LYrgD1R,infraoctava,LYs4hIx,"infraoctavo, va"
La1teFQ,-inga,LaYEmoC,"-ingo, ga"
LaM1MsI,ingenua,LaPYF6u,"ingenuo, nua"
Lbg9vca,inhibitoria,LbgjF4q,"inhibitorio, ria"
LcM4y9N,iniciativa,LcMBTa2,"iniciativo, va"
LdU4P87,inmaculada,LdYbHVh,"inmaculado, da"
LesgIpS,inmobiliaria,LestGHS,"inmobiliario, ria"
LgopXjl,innocuidad,LhbXYdA,inocuidad
Lix5P4f,inquisitoria,Lj0gRs0,"inquisitorio, ria"
LmbLovc,instantánea,Lmh7uYm,"instantáneo, a"
LoTyyd6,insubstancial,Lpf0eyr,insustancial
LoWYsKZ,insubstancialidad,LpicJCT,insustancialidad
LoXuF7k,insubstancialmente,LployMM,insustancialmente
LoZKC0k,insubstituible,Lpmc14s,insustituible
LqSt9sX,intelectiva,LqUPL5u,"intelectivo, va"
LrnBryY,intendenta,LrnPdHT,"intendente, ta"
LuSO7Ek,interina,LubM3zY | LuTtf0e,"interino, na | interinar"
LvDa2YL,intermedia,LvMjX4C | LvIP6xv,"intermedio, dia | intermediar"
Ly1TRna,íntima,LyMT3PN,"íntimo, ma"
Lz1c6U1,intranscendencia,LzPT1ST,intrascendencia
Lz36vrt,intranscendental,LzRKQa3,intrascendental
LzABXVV,intranscendente,LzRNfTc,intrascendente
LzSv4cn,intrasferible,LzAPF0E,intransferible
LzSx99T,intrasmisible,LzJouy8,intransmisible
M2wuxim,inventiva,M2y5nFT,"inventivo, va"
M50wKpf,inyectadora,M4zxrr5,"inyectador, ra"
M58g7NQ,iodo,cCOFtRd,yodo
M5AuXo2,ioduro,cCVmKq5,yoduro
M5P8bAs,ionósfera,M5LlCnT,ionosfera
M8FZeaQ,irremplazable,M7YMVbr,irreemplazable
MAIdOZT,isalóbara,MAEZhmj,isalobara
MBXp1OE,isóbata,MBV4BAI,isobata
MC2FYcK,isógona,MC36jMa,"isógono, na"
MCNq0Xn,isoquimena,MCPH5S5,isoquímena
MCcOBVi,isoterma,MCefujQ,"isotermo, ma"
MDcuY4X,itálica,MDmtQwf,"itálico, ca"
MEsPnbu,-iva,MExlfOK,"-ivo, va"
MF2CsuF,-iza,MFNRiP9,"-izo, za"
MFQEcT5,izquierda,MFY7k4v,"izquierdo, da"
MGmnPYN,jabonera,MGoJoIB,"jabonero, ra"
MHSbNKh,jacarandina,MHTACAx,"jacarandino, na"
MHcaIPv,jacerina,MHeubNM,"jacerino, na"
MI3bO8N,jaculatoria,MI4Ivoj,"jaculatorio, ria"
MMeYHam,jardinera,MMgyK7y,"jardinero, ra"
MOMe2jh,javera,MGNn5aA,jabera
MP8bOEu,jefa,MPAoQ4z,"jefe, fa"
MQZMA6j,jeroglífica,MQdMeZw,"jeroglífico, ca"
MSOxz2l,jienense,MSSPSfW,jiennense
MSaeFTI,jiga,JBCisnU,giga<sup>1</sup>
MSpG6ua,jijona,MSjXFTH,jijona
MUQujaP,jirofle,JDXLS6Z,girofle
MUkkaoo,jitomatera,MUlphX2,"jitomatero, ra"
MWj8Oey,jope,MWkSFZo | MWiVaBe,jopé | joparse
MYI7XfK,joyera,MYLKUuj,"joyero, ra"
MZV0di3,judaica,MZVELlA,"judaico, ca"
MaDYT0x,judiciaria,MaDwasA,"judiciario, ria"
MaanWax,jueza,MaZWBEH,"juez, za"
Mb0D0Kf,juglaresa,Mapkqap,"juglar, resa"
MbyyGHE,juma,McUOIgK | Mc1hycx,"jumo, ma | jumarse"
MdI5wAM,juntera,MdJ0odk,"juntero, ra"
MflpsB0,kaki,7NDXPkq | 7NE6duG,caqui<sup>1</sup> | caqui<sup>2</sup>
MfnovZm,kaki,7NDXPkq | 7NE6duG,caqui<sup>1</sup> | caqui<sup>2</sup>
Mg4WPc0,karate,Mg51itT,kárate
Mgd5Wom,kepí,UnRXHTl,quepí
Mgd5Z2e,kepis,UnTHZaJ,quepis
Mgf7cky,kermes,Uo5B7tr,quermes
Mgg3L5y,kerosén,UoBTaU4,querosén
Mgj9ZpQ,kerosene,UoDi91W,querosene
Mgk90u3,keroseno,UoELYz4,queroseno
MgmpoOE,kerosín,UoGhVVR,querosín
Mh18Dd9,kilim,Mh19FWg,kílim
MhfQNlk,kiosco,Uvf4PlP,quiosco
MiNBSEr,kungfú,MiMhUzc,kung-fu
MjcnW9w,labrada,MjdbSDd | Mk0fHqB,"labrado, da | labrar"
MmF8Qiv,ladera,MmGMLz3,"ladero, ra"
Mn65SRG,ladrillera,Mn764g1,"ladrillero, ra"
MnRLFvc,ladronesca,MnRk3n1,"ladronesco, ca"
MnhNGki,lagarta,MnrWCnQ,"lagarto, ta"
MniLgxz,lagartera,Mnm37Ot,"lagartero, ra"
MntQPbd,lagartona,Mnt1gVP,"lagartón, na"
Mp5O0E4,lambeculos,Mp50oSK,lambeculo
MqcGqcu,laminadora,MqcFOd0,"laminador, ra"
Mqhy1Za,laminera,Mqi306U | Mqi4W9x,"laminero<sup>1</sup>, ra | laminero<sup>2</sup>, ra"
MvBiwKZ,laparoscopía,Mv8z9E7,laparoscopia
Mw8ozBI,larga,MwNMwao | MwDog5u,"largo, ga | largar"
MwqOyHj,laringoscopía,MwoOwKF,laringoscopia
Myh0o7x,latiguera,Myh3hQK,"latiguero, ra"
MzdFByQ,laudatoria,Mze1sE2,"laudatorio, ria"
MzrxOsO,laureada,Mzrywdl | Mzt0PqL,"laureado, da | laurear"
MzxaO5R,laurencio,N1Xa1ZA,lawrencio
N01Vgpu,lauréola,MzzQ571,laureola
N0cF63T,lavadora,N0bkjAx,"lavador, ra"
N0ojNXC,lavalozas,N0mW3PS,lavaloza
N11vUML,lavandera,N15I9zG,"lavandero, ra"
N19BTHP,lavarropa,N19uIUj,lavarropas
N1AYf6u,lavativa,N1BN9Lt,"lavativo, va"
N2b2q3L,lecanomancía,N2ZtnoJ,lecanomancia
N35rkkm,lechigada,N37c0uG,"lechigado, da"
N3Bwc8u,lechosa,N3J36Zu,"lechoso, sa"
N3oNIfv,lega,N5D53vo | N4N8KVq | N4NTDsX,"lego, ga | legar<sup>1</sup> | legar<sup>2</sup>"
N4oFVdl,legítima,N58VtPK,"legítimo, ma"
N6pQtQM,lencera,N6q3udJ,"lencero, ra"
N8bIyb9,leñera,N8eN4gF,"leñero, ra"
N8nEYH6,leonera,N8pj349,"leonero, ra"
N8s0F6P,leonina,N8sIsao | N8yR3xP | N8ymLF9,"leonino<sup>1</sup>, na | leonino<sup>2</sup>, na | leonino<sup>3</sup>, na"
N9kCDdq,lerda,N9p8m7C,"lerdo, da"
NFhIO3t,librera,NFnxUWB,"librero, ra"
NGbaX1n,licorera,NGcPbpy,"licorero, ra"
NH7RHtt,lideresa,NGziyCV,"líder, resa"
NJLpWv6,lija,NJVBCCN | NJSmnxC,"lijo, ja | lijar<sup>1</sup>"
NKf94RS,limonada,NKfhflu,"limonado, da"
NKn8VBl,limonera,NKn8ZNi | NKoavMH,"limonero<sup>1</sup>, ra | limonero<sup>2</sup>, ra"
NKyPXWP,limosnera,NKyYQEI,"limosnero, ra"
NMVmjOg,lindera,NMcox2f,"lindero, ra"
NMznEtk,linf-,NN5kYL3,linfo-
NNOi3Xb,lingüística,NNPFPOl,"lingüístico, ca"
NOAW8dA,lionesa,NOAVDQK,"lionés, sa"
NPOPt0U,lírica,NPQgwbU,"lírico, ca"
NPwyb64,-lisis,NPxuR3s,‒́lisis
NSCwnZv,litósfera,NSBT8hz,litosfera
NSEBljm,litote,NSFo7em,lítote
NSFyNsd,litotes,NSFo7em,lítote
NSHw0WZ,lítotes,NSFo7em,lítote
NSgIhY1,liviana,NSjs7Yb,"liviano, na"
NVIxYEs,llenera,NVNGUpu,"llenero, ra"
NWHcsrt,llorona,NWDt21C,"llorón, na"
NWheYMi,lluviosa,NWiYuUf,"lluvioso, sa"
NXKrD37,lobera,NXMzfUu,"lobero, ra"
NXcLqtD,loca,NYFsSZ5,"loco<sup>2</sup>, ca"
NYJJANL,locomotora,NYIm0IY,"locomotor, ra"
NZ9TIww,lógica,NZEWqRA,"lógico, ca"
NZI3h9r,logística,NZJWMiV,"logístico, ca"
NaGCMg0,lombarda,NaPJ6Bc,"lombardo, da"
Nb4CBvB,longa,NbOlegH | NbP0GwL,"longo<sup>1</sup>, ga | longo<sup>2</sup>, ga"
NbbwDum,longui,NbdvlBR,longuis
Nc40ohX,loquera,Nc8q6oQ,"loquero, ra"
NcnX1R9,"los, las",NctvCRJ,losilla
NeDnU4z,lucera,NeJUIRh,"lucero, ra"
Nfa6wuD,luctuosa,NfdgK4o,"luctuoso, sa"
NfhHi8z,ludia,NfwqFS0,"ludio, dia"
Ng5Qr7x,lúe,NgFMYXF,lúes
NgCM5Bm,luenga,NgDk8qm,"luengo, ga"
NjQGzzV,lustramueble,NjQJm1z,lustramuebles
NkgYDnm,macadam,Nkjum4U,macadán
Nlod8pJ,macedonia,Nls7Ll5,"macedonio, nia"
NlvIG3q,macehual,NlvBYpV,macegual
Nnk6NoF,machorra,Nnkk6Pz,"machorro, rra"
NnnfGOn,machota,NnlROKX | Nnn9hE5,machota<sup>1</sup> | machota<sup>2</sup>
NoevsrX,macrobiótica,NofTF9R,"macrobiótico, ca"
NokFeBq,macrocosmo,Nolpeml,macrocosmos
NrNE9yl,maesa,NrYPdUj,"maeso, sa"
NrZDRGq,maestra,Ns5vHZY,"maestro, tra"
Nry6s7Y,maestreescuela,Ns2ZQxt,maestrescuela
NsQ1KTO,magazín,NsC6UpN,magacín
NsspY6B,mágica,NstmVML,"mágico, ca"
NtzDHe0,magnetósfera,Nty89JS,magnetosfera
NuoavD9,magra,Nuz61Tu,"magro, gra"
NvrJUns,mahonesa,NvpVU14,"mahonés, sa"
Nw1t2pb,maicera,Nw5sW5w,"maicero, ra"
NyfGwck,malagueña,NyfWjJV,"malagueño, ña"
O0dsbdy,maldita,O0ix6WQ | O0XKKDz,"maldito, ta | maldecir"
O2RUOae,malhumor,KpO2OpY | KpO2OpY#68VDgEt,humor | humor
O70XC1E,mampuesta,O70ZsUv,"mampuesto, ta"
O87iyLv,manceba,O8D4nM1,"mancebo, ba"
O8XPV8j,manchamantel,O8Y3YhC,manchamanteles
O8mI4q1,mancía,O8mI23g | O8mZrDI,mancia | -mancia
O8mbguA,-mancía,O8mZrDI,-mancia
O9PqJtA,mándala,O9Pcbki | O9XNjAe,mandala | mandar
O9cdsjD,mandarina,O9XyWUJ | O9ZP56X,"mandarín<sup>1</sup>, na | mandarín<sup>2</sup>, na"
OAPe45P,mandriladora,OAPTNho,"mandrilador, ra"
OAlt9tq,manducatoria,OAoFdFq,"manducatorio, ria"
OCb5wrX,manguera,OChvCSB,"manguero, ra"
ODLv67q,manicura,ODMXcYh,"manicuro, ra"
ODrXoYg,manigero,OE1ET7E,manijero<sup>1</sup>
OFIKurP,manola,OFKDI0J,"manolo, la"
OGeft0R,mantecada,OGf94Nk,"mantecado, da"
OH2drLg,mantenedora,OGyqIzL,"mantenedor, ra"
OHJABTm,mantequera,OHQAipz,"mantequero, ra"
OHTv0l2,mantequillera,OHUp9wG,"mantequillero, ra"
OHVFGDV,mantera,OHVv1w8,"mantero, ra"
OIwAQJX,manzanera,OIzFiXo,"manzanero, ra"
OJSiSBB,mañera,OJYvkrC | OJaZkeL,"mañero<sup>1</sup>, ra | mañero<sup>2</sup>, ra"
OMdHgtT,marcapaso,OMhGMWg,marcapasos
OPJ6WCl,mariana,OPLnGpp,"mariano, na"
OPpPqqj,mariguana,OPtFZ2y,marihuana
OQ8ViYd,marina,OQWUxHw | OQDqH0h,"marino, na | marinar"
OQHIvvX,marinera,OQRNwzt,"marinero, ra"
OSB0rB1,marmitaco,OSBz4qH,marmitako
OTg5qQf,marrana,OTsV0OJ,"marrano, na"
OTslzYG,marrano,OTsV0OJ,"marrano, na"
OZ5f4mF,mastique,OZ5xepX | OYcG3M2,mástique | masticar
OZoQGIq,mataburro,OZpYYXN,mataburros
ObQEccx,matemática,ObS8ajk,"matemático, ca"
Odc09Bv,matrona,Odao13n | OdhslrX,"matrón, na | matrono, na"
OdsfLPP,maturranga,Odtx3ZT,"maturrango, ga"
OfT0BLr,mayéutica,OfTiG5n,"mayéutico, ca"
OfoHdPr,mayorala,OfkvK6v,"mayoral, la"
OfuDgGJ,mayorazga,Ofvk0tD,"mayorazgo, ga"
Ofz9FZm,mayordoma,OgCmShx,"mayordomo, ma"
OgPggI1,mayúscula,OgQQ387,"mayúsculo, la"
OhOpPlR,mazorquera,OhSkyda,"mazorquero, ra"
Oi2tvSV,mecánica,OiC9vhp,"mecánico, ca"
OireDEb,mecedora,OiqfSZh,"mecedor, ra"
Oj9uW7j,mechera,OjEQW6n,"mechero<sup>2</sup>, ra"
OjMz6f0,mechuda,OjTEUkh,"mechudo, da"
OjxxJgv,mediana,OkGk1fq,"mediano, na"
OkfZnAe,médica,Ol43qKz | Ol6Jp7U,"médico<sup>1</sup>, ca | médico<sup>2</sup>, ca"
OlWJe2D,medioambiente,OlQ6yC8 | OlQ6yC8#BgNGPon,"medio, dia | medio, dia"
Om2gVXr,mediofondo,IBiSV3w | IBiSV3w#GwngQoW,fondo<sup>2</sup> | fondo<sup>2</sup>
Omay6NF,medula,OmbVzu3,médula
OnSnLUH,mejicanidad,P8sVAa2,mexicanidad
OnTGesE,mejicanismo,P8uQneH,mexicanismo
OnUxkJo,mejicanista,P8wfHLe,mexicanista
Oncsq8g,mejillonera,OnhPrHz,"mejillonero, ra"
OnynM8K,melada,OnyxsOd | OoNetPJ,"melado, da | melar<sup>1</sup>"
OosDxO3,melera,OouyCMU,"melero, ra"
OyHeOwE,mercadera,OyFtIvU,"mercader, ra"
P0UV1BC,meridiana,P0aPuQK,"meridiano, na"
P3SuEBp,mesósfera,P3RwUlk,mesosfera
P4e2QHu,metafísica,P4filyH,"metafísico, ca"
P5EGlXR,metálica,P5EvCf8,"metálico, ca"
P652kfD,metamorfosi,P65e6pL,metamorfosis
P6Az0dK,metapsíquica,P6BrUHG,"metapsíquico, ca"
P6lvu74,metempsicosis,P6nyC83,metempsícosis
P70XrM7,metéoro,P702rpI,meteoro
P7tPFQX,métopa,P7tIgNr,metopa
P7uWIif,metoposcopía,P7u1Wxn,metoposcopia
P8B83km,métrica,P8GiaTg,"métrico, ca"
P8gRUTv,metrópolis,P8gBifn,metrópoli
P9Mr5j2,mezcladora,P9Mmff6,"mezclador, ra"
PAcgw4r,micado,PENVFC0,mikado
PBqBORI,microcosmo,PBsa4YG,microcosmos
PC8IedB,microfilmadora,PC7Trlz,"microfilmador, ra"
PCCDCjC,micrófito,PCBhNYc,microfito
PCaFfmo,microscopia,PCfQ3Aw,microscopía
PCuPtlp,micrótomo,PCtUnau,microtomo
PEi7q9O,milanesa,PEhsRMd,"milanés, sa"
PEjePgP,milbillonésima,PEk9WYB,"milbillonésimo, ma"
PEm1aLV,mildiú,PElmkfJ,mildiu
PEzdvlN,milésima,PF2DO0F,"milésimo, ma"
PFZMcb3,milígramo,PFZ0sx1,miligramo
PGFWzSU,millonésima,PGIMuUA,"millonésimo, ma"
PGLV2hI,milmillonésima,PGM4y9L,"milmillonésimo, ma"
PGiD3RP,miltrillonésima,PGjtb8Q,"miltrillonésimo, ma"
PGzCwLL,mimbrera,PH24czG,"mimbrero, ra"
PHG4FjN,mimesis,PHHa8xx,mímesis
PHOKVye,mímica,PHOa6d2,"mímico, ca"
PHaVIXp,mimosa,PHf92mJ,"mimoso, sa"
PI2n0rN,minera,PIQMETY,"minero, ra"
PJVmwL1,mínima,PJgUkzI,"mínimo, ma"
PJqlgnL,ministra,PK3Dvlo | PJz3tLx,"ministro, tra | ministrar"
PKqmsCJ,minúscula,PKs4ucE,"minúsculo, la"
PLToDln,mioclonia,PLToDp3,mioclonía
PM0hEVd,mirabolanos,PLzPaNU,mirabolano
PMMZWL1,miramelindo,PMMuyaX,miramelindos
PNA8zVC,mirobálanos,PN9vIZO,mirobálano
PNnk622,miscelánea,PNnyl9C,"misceláneo, a"
PPYnsUV,mística,PPd3X8Q,"místico<sup>2</sup>, ca"
PPh0Z1c,mistifori,PREByGu,mixtifori
PQJhpBa,mitín,PQI3N5V,mitin
PR7nFJV,mixta,PRHgusG,"mixto, ta"
PRA4g8K,mixtificación,PPezw4M,mistificación
PRAlf4o,mixtificar,PPgqAVp,mistificar
PRb5MVf,mnemónica,PRbUjYS,"mnemónico, ca"
PRgwLZf,mnemotécnica,PRhBcg8,"mnemotécnico, ca"
PSFyVYA,moca,PY1ebTb | PSKd5Qg,moka | mocar
PSfaNif,mocha,PSxNHH2 | PSiupCg,"mocho, cha | mochar"
PV4TFBw,modorra,PV9CZFy | PV4i5JG,"modorro, rra | modorrar"
PWf9lry,mohína,PWjCncZ,"mohíno, na"
PYms7Ow,moledera,PYnHrLA,"moledero, ra"
PYyv4ja,moleña,PZ11UWh,"moleño, ña"
PZX5GVB,molinera,PZZ453e,"molinero, ra"
PaYMz63,mollina,PadKAyu,"mollino, na"
Pbt1sOm,momia,Pbw5FL8,"momio, mia"
PdAmFm8,mondonguera,PdFZrG8,"mondonguero, ra"
PeRn2yi,monis,Pe9yEUl,moni
Ped0mAS,monitoria,PefKa8S,"monitorio, ria"
PeiCeUN,monja,Pejydmn,"monje, ja"
PgF5VVW,monográfica,PgJe39R,"monográfico, ca"
Pigchiu,montada,Pih6VXj | PjOk949,"montado, da | montar"
PiiUUVn,montadora,Pihi1nj,"montador, ra"
PjsCPEq,montera,Pk39aWH,"montero, ra"
PooW9sK,Morfeo,PolscCE | PrLMc1t | PrPGnTQ,morfar | morrear | morreo
PvlEZAI,motera,PvoqPjt | PvrE32G | PvvbqTB | PvxUYKr,"motero<sup>1</sup>, ra | motero<sup>2</sup>, ra | motero<sup>3</sup>, ra | motero<sup>4</sup>, ra"
PwdN5yg,motora,PwbtdE5,"motor, ra"
PwmvDkP,motorizada,PwpGRwn | PwtgfAD,"motorizado, da | motorizar"
PxxgPqK,moza,PyIxduT,"mozo<sup>2</sup>, za"
PyWX5iE,mozuela,PyaUEQN,"mozuelo, la"
PyzrGuF,mucilago,Pz10ufb,mucílago
Pz9zXMS,mucosa,PzGKYKG,"mucoso, sa"
Q2catSK,mulata,Q2jb9eE,"mulato, ta"
Q2ymnwW,muleta,Q3DS1nQ,"muleto, ta"
Q4xlCkf,multiusos,Q4w3qVU,multiuso
Q69sMQo,muñeca,Q6AmRPw,"muñeco, ca"
Q6Eo6cD,muñequera,Q6Epp8e,"muñequero, ra"
Q8CWmIw,musaca,Q8FiXPd,musaka
Q98e1OK,música,Q9MHl5m,"músico, ca"
QAhXB8h,muy muy,Q1jf904,muimuy
QBhPit3,nacida,QBiEnxJ | QBdrkiM,"nacido, da | nacer"
QDE4GRO,nahual,QD2kheo,nagual
QDG1p1J,nahualismo,QD58WN5,nagualismo
QDL8fkH,naif,QDMAhNK,naíf
QEew49n,napea,QEn8OXC,"napeo, a"
QEqXW5O,napolitana,QEr9Vf8,"napolitano, na"
QEu04HW,naranjada,QEuRel2,"naranjado, da"
QEv3LIh,naranjera,QEx4jMB,"naranjero, ra"
QG1aPpA,narguilé,QFylIis,narguile
QGcSJgP,narizona,QGcFsmE,"narizón, na"
QGlgocw,narrativa,QGmJhdD,"narrativo, va"
QIH5j5Z,náutica,QIIXlot,"náutico, ca"
QJN2D8X,naviera,QJQ5FGm,"naviero, ra"
QJTdPmZ,nazarena,QJUFCAL,"nazareno, na"
QJcoTJg,ndowe,QJdBBya,<i>ndowé</i>
QKGyKd6,nebulosa,QKJi5Z1,"nebuloso, sa"
QKKMWIP,necesaria,QKLjAgy,"necesario, ria"
QKsXjj0,necromancía,QKqlq90,necromancia
QL09HiT,necroscopía,QKxD7fT,necroscopia
QM4l0UB,negativa,QM8mhzM,"negativo, va"
QMUl16K,negra,QN0nGts,"negro, gra"
QMtjxSr,negrita,QMvvjhy,"negrito, ta"
QNDVz90,neis,JGqMLNa,gneis
QNMIP8n,neja,QNPCWpl,"nejo, ja"
QNrmNoH,nemotecnia,PRfWIUG,mnemotecnia
QPGBnE9,"neoráceo, a",9VVKEw0,"cneoráceo, a"
QQEdF9M,nerolí,QQ9luBT,neroli
QR4QRyB,"netáceo, a",JGthDEM,"gnetáceo, a"
QR7V4Le,neumática,QR9X3Tr,"neumático, ca"
QSWU5rF,neurótomo,QSUYZdm,neurotomo
QTDvNsH,nevera,QTHQX6V,"nevero, ra"
QTsYCum,nícol,QTr2su8,nicol
QV3Yug4,nigromancía,QV3OvUG,nigromancia
QVkXtgV,ningún,QVnWLXL,"ninguno, na"
QVx8H1J,niña,QW5mMvv,"niño, ña"
QWqeNa0,nisquear,QXYuEZH,nixquear
QZOWcLO,noli,QZTq3nM,nolí
Qafqb4W,nomo,JGxUaxm,gnomo
QahSGpN,nomon,JGzvUEh,gnomon
QapkW9E,nona,QbFDEDV,"nono, na"
QbSqmME,noósfera,QbKMJ7J,noosfera
QccES2v,normativa,QcpSlwx,"normativo, va"
QdhBIWp,nosticismo,JH6dhqp,gnosticismo
QfUFOsZ,novelística,QfWo8uP,"novelístico, ca"
Qfc5gCL,novena,Qfhasvb,"noveno, na"
QgY70aB,-nta,QgZMpot,-nte
QgZPZJp,nubada,QgeK9Ye,"nubado, da"
QgiPquH,nubarrada,QgiwDCK,"nubarrado, da"
QhMRyEQ,nucléolo,QhKwMcx,nucleolo
QhrRxHy,nueva,QhsYsNr,"nuevo, va"
QiUDiqW,numeradora,QiU7jDn,"numerador, ra"
QiwWGFm,numismática,QiwjWwY,"numismático, ca"
Qka4ZCP,ñata,QkeBXx2,"ñato, ta"
QlkboaD,ñurda,Qll0rWi,"ñurdo, da"
Qn00MMn,oblata,Qn4IdTK,"oblato, ta"
QoUGQUz,obscuramente,RHYe7TY,oscuramente
QoWJM1v,obscurantismo,RHZ4Orw,oscurantismo
QoWcRWV,obscurantista,RHbgalh,oscurantista
QoYG355,obscurecer,RHc0bLb | RHfM00r,oscurecer<sup>1</sup> | oscurecer<sup>2</sup>
QoYxFY2,obscurecer,RHc0bLb | RHfM00r,oscurecer<sup>1</sup> | oscurecer<sup>2</sup>
QoaBww3,obscurecimiento,RHiqMbl,oscurecimiento
QoaQvpl,obscuridad,RHjaopq,oscuridad
QqXW8jC,ocapi,QyPtIhA,okapi
QrRrs3c,ochava,QrVdww5 | QrT2eqh,"ochavo, va | ochavar"
QrejKPs,ochentena,QrfFxGH,"ochenteno, na"
QsOIU6W,ocotera,QsQtcIc,"ocotero, ra"
QsrTsTM,octava,Qsyp7LZ | Qsryglg,"octavo, va | octavar"
Qv9w9xc,ofensiva,QvAzF5q,"ofensivo, va"
QwIJULV,oftalmía,QwGMou4,oftalmia
QwPHAXT,oftalmoscopía,QwO91IY,oftalmoscopia
QwkePHl,ogaño,KYGRhQf,hogaño
QwlOmrY,ogresa,QwmxmQQ,"ogro, gresa"
Qx5xQD0,-oideo,Qx2UAfv,-oide
Qx62D6n,-oides,Qx2UAfv,-oide
QxMPA0J,ojaladora,QxLdarH,"ojalador, ra"
R0VJif1,olimpíada,R0ScPEa,olimpiada
R0inzur,olisca,R0ngAYp | R0mVngA,"olisco, ca | oliscar"
R3E990Y,omoplato,R3F00Ze,omóplato
R3fcNO9,oncena,R3gmI4v,"onceno, na"
R4azrjE,onicomancía,R4YbuEW,onicomancia
R4gohhW,oniromancía,R4g50fJ,oniromancia
R4p5SqJ,onomancía,R4lVoFa,onomancia
R4rQeY8,onomástica,R4rsFMG,"onomástico, ca"
R5P5ZTh,oósfera,R5OqL2A,oosfera
R6XBDV2,opiata,R6YGVwP,"opiato, ta"
R7QTGyR,óptica,R7QWqPq,"óptico, ca"
R8kjnqS,oratoria,R8qgr7H,"oratorio<sup>2</sup>, ria"
R8u3lDS,orballar,RGfmWXp,orvallar
R8uWLNp,orballo,RGo2Thb,orvallo
R9u5JXJ,ordeñadora,R9tbPi7,"ordeñador, ra"
RBGjQ5R,orfrés,RBGc748,orfre
RC4X8Ch,orgia,RC5Nn2k,orgía
RCK0QGp,oribe,RE5bBPT,orive
REq7wmC,ornitomancía,REp36Lp,ornitomancia
RFaUVm4,orquídea,RFfcE0J,"orquídeo, a"
RFonLLp,órtesis,RFolDOm,ortesis
RI6iTY9,-osis,Y1ULCxP,-sis
RII6smf,osmosis,RIM6XqY,ósmosis
RIYdZCC,oste,RNb8jNS,oxte
RJkQeuf,ostrera,RJnFQcL,"ostrero, ra"
RKibGBr,otomana,RKjexoz,"otomano, na"
RL8e8pA,otoscopía,RL7DnOS,otoscopia
RNcMUoE,ozena,QrR0oxm,ocena
RNkn2GB,ozonósfera,RNkH5FH,ozonosfera
RNxKqGf,pábilo,RNnUPX7,pabilo
RPYiaeG,pachuli,RPZC68x,pachulí
RRF1sF7,paellera,RRHnd9W,"paellero, ra"
RSTI9pU,pahua,RSS8U5T,pagua
RSwfyHt,paipái,RSxDv55,paipay
RTHnY6m,pajada,RTHvOQf,"pajado, da"
RTKPoDJ,pájara,RTabDql,"pájaro, ra"
RTLwRzM,pajarera,RTOteNb,"pajarero, ra"
RTlsn9W,pajel,RRv9I35,pagel
RTq9fde,pajera,RTvMLIX,"pajero, ra"
RW0ZYVs,palanquera,RW2FNqh,"palanquero, ra"
RWKkwN5,palatina,RWOAT5K | RWPV68h,"palatino<sup>1</sup>, na | palatino<sup>2</sup>, na"
RYMztn4,pálida,RYRyAVl,"pálido, da"
RZ6WB6F,palizas,RZ5d5F4,paliza
RZgHWbd,palmada,RZhvIXw | RZmjMb4 | RZmjYFt,"palmado<sup>1</sup>, da | palmado<sup>2</sup>, da | palmar<sup>1</sup>"
RaTbG7t,paloma,RasB4EU,"palomo, ma"
RaZ93uA,palomera,RaaiXDp,"palomero, ra"
RcOCITe,pamperdido,RcmAvfa | RcmAvfa#7PBuWnK,pan | pan
RhWdTfM,panificadora,RhT7CHo,"panificador, ra"
RhoRUhl,panocha,RhpadY5,"panocho, cha"
Ri0ZQfl,panorámica,Ri18rtO,"panorámico, ca"
RiEeToR,pansiquismo,Rcj57qY,pampsiquismo
RkfAITa,pañolera,RkfLdm7,"pañolero<sup>1</sup>, ra"
RkpLJeh,pañusa,RkqIvXq,"pañuso, sa"
RmfmK8k,papelera,RmmJaEk,"papelero, ra"
RoIGXXI,paprika,RoIq6xr,páprika
Roqdkh6,paquistaní,RUgQk0X,pakistaní
RpDIIDo,parabrisa,RpELsUm,parabrisas
RpgdOLm,paradoja,Rplrgi1,"paradojo, ja"
RqM820X,paragolpe,RqNDMSO,paragolpes
RqcKC4Y,paraguaya,Rqd7NAW,"paraguayo, ya"
RqwY4RU,paralela,Rr2hl8R | Rqz9zze,"paralelo, la | paralelar"
Rr4HfQY,paralelógramo,Rr4Gzmz,paralelogramo
Rr8Vlxo,paralimpíada,Rr5JQ48,paralimpiada
RrdACMd,paramera,RreDoBs,"paramero, ra"
RsKr8wS,paraplejía,RsKqA4O,paraplejia
RsYSfqd,pararrayo,RsZAR4a,pararrayos
RscG0kQ,parasicología,RsOQjM5,parapsicología
RuKgM1n,pardilla,RuLLPt4,"pardillo, lla"
Rux1SlV,pareja,Rv4XY3o,"parejo, ja"
Rz6hI8B,parrillera,RzB01ZB,"parrillero, ra"
RzTZ8aG,parsec,RzVoUMA,pársec
RzutbBc,partera,RzztAMk,"partero, ra"
S1ZpIhG,parva,S1olnAx,"parvo, va"
S27pkpn,pasadera,S2EV23Y,"pasadero, ra"
S2i3RMb,pasamanos,S2hWc5G | S2gRJU3,pasamano<sup>2</sup> | pasamano<sup>1</sup>
S31bDyn,pasapuré,S323tNM,pasapurés
S43FeU0,pasiega,S46dBzA,"pasiego, ga"
S4SPDmB,pasiva,S4XELSy | S4VrtGH,"pasivo, va | pasivar"
S67kBEm,pasteurizadora,S652Oyt,"pasteurizador, ra"
S6KbySF,pastora,S6JsAbv,"pastor, ra"
S6hFjIn,pastrana,S6kEAvp,"pastrano, na"
SBdPANH,patrística,SBdd7rx,"patrístico, ca"
SBoydLp,patrona,SBler1T | SBvSFvs,"patrón, na | patrono, na"
SDSN1gJ,pavimentadora,SDPPDw5,"pavimentador, ra"
SEIdmX6,pavorreal,SDoSGQ5 | SDoSGQ5#8GwP7kL,"pavo, va | pavo, va"
SFWuAjY,pecadora,SFVkbwP,"pecador, ra"
SHEGJVT,peciolo,SHIOqTA,pecíolo
SIo5vOs,pedicura,SIr0DpZ,"pedicuro, ra"
SJMoGWH,pedorra,SJUmeIy,"pedorro, rra"
SJP3FFd,pedorrera,SJPzfS3,"pedorrero, ra"
SK2xdvs,pedriza,SK35TJU,"pedrizo, za"
SL8nqGJ,peguera,SL8pDJN,"peguero, ra"
SLhWScF,peinadora,SLdcq58,"peinador, ra"
SMB1LlV,pelada,SMPEGoX | SMzsNUr,"pelado<sup>1</sup>, da | pelar"
SNh04cu,peleona,SNdusuS,"peleón, na"
SPTstMJ,pelona,SPSpzqC,"pelón, na"
SQMLy01,peluquera,SQNRQLs,"peluquero, ra"
SSEm3A7,péndula,SSFxy2r,"péndulo, la"
STghhOK,pénsil,STga1vg,pensil
SUGMxHi,pentágrama,SUGBLcR,pentagrama
SX2mtUI,percápita,SX4Sdtk,per cápita
SZ9SNqf,peregrina,SZLEfIi | SZIrUsk,"peregrino, na | peregrinar"
SaBlQBs,perezosa,SaFeya6,"perezoso, sa"
ScfLfr7,perífrasi,SchjIE1,perífrasis
Sdf5yGF,periodo,SdfO44A,período
SdtgrUr,peripatética,SduTj9J,"peripatético, ca"
SdyQ1cE,perípato,SdyA1nG,peripato
Shm7r5Z,perpetua,ShvwzGM,"perpetuo, tua"
Si6qKUM,perra,SihVF3L,"perro, rra"
SiKN8qh,perrera,SiM9CDA,"perrero, ra"
Sil2AFk,perruna,SioFpXs,"perruno, na"
Sk7jvxr,perspectiva,SkENGmm,"perspectivo, va"
SkPP12H,persuasiva,SkPYQLS,"persuasivo, va"
SnzZtjT,pesquera,So6R6zh,"pesquero, ra"
Spw14uk,petitoria,SpwlwbM,"petitorio, ria"
SqULoEm,petroleoquímica,SqVDJ81,"petroleoquímico, ca"
SqeOZFq,petroquímica,SqeccHq,"petroquímico, ca"
SsEzS3a,picadora,SsDMyc5,"picador, ra"
SsLlbyl,picahielo,SsOiEAT,picahielos
StEZXHF,picaresca,StLjbZ2,"picaresco, ca"
Sutyuzk,pichinga,SuwJ8l4,"pichingo, ga"
Sw0nCn7,picosa,Sw1HHKX,"picoso, sa"
SwRq2Hn,picuda,SwXqvZB,"picudo, da"
SyHLkF8,pija,Syq3P57,"pijo, ja"
SztREcf,pilla,T0HEfZu | T0BTFmP,"pillo<sup>2</sup>, lla | pillar"
T0eUxTe,pilonga,T0evNiZ,"pilongo, ga"
T2StVEM,pincha,T2ne8Tm | T2okNU7 | T2baRVx,"pinche, cha | pincho, cha | pinchar"
T3uzZgI,pinky,T4HFqfs,pinqui
T496Peh,pinolera,T4C9PpE,"pinolero, ra"
TARuUY2,pirolisis,TATC46Q,pirólisis
TAcVEa9,piromancía,TAbpNCs,piromancia
TB081c7,pirósfera,TAybiQh,pirosfera
TBgSp2j,piruja,TBhC0gt,"pirujo, ja"
TBzKaWx,pisadora,TBxw5JG,"pisador, ra"
TDYrFmG,pistera,TDcU1MB,"pistero, ra"
TDmSkV7,pistolera,TDqUcfg,"pistolero, ra"
TFvc35d,pitora,TFwIuU1,pitorá
TGsSalh,pixel,TGssWf3,píxel
TKKkmPC,plantadora,TKKgCvy,"plantador, ra"
TL55eHs,plañidera,TL7hQhw,"plañidero, ra"
TLgiOQJ,plástica,TLksLOy,"plástico, ca"
TMIdZX8,platanera,TMIqZqD,"platanero, ra"
TNpDQRz,play back,TNo61bn,<i>playback</i>
TNsEHL1,play boy,TNrNnr1,<i>playboy</i>
TNskqWk,playera,TNt11YX,"playero, ra"
TP2E4ki,plena,TPFxNYh,"pleno, na"
TPvF6Y5,plim,TPw0Qw0,plin
TQQmzsF,plumaria,TQR4CTT,"plumario, ria"
TQrL3Wq,plumetí,TQrKigU,plumeti
TSgKEsA,pobreta,TSlvcpz,"pobrete, ta"
TT3GHq2,pocha,TTHlYJ6 | TT4XHhQ,"pocho, cha | pochar"
TUX8Ou1,poética,TUdy05h,"poético, ca"
TUegJwh,poetisa,TUUD7eg,"poeta, tisa"
TV2raFK,póker,TgAzL2H,póquer
TV5lVnm,polaca,TVA82VC,"polaco, ca"
TViVFTG,polémica,TVjhw0E,"polémico, ca"
TWcrH9X,policlínica,TWey4vN,"policlínico, ca"
TXZbSoy,poliglota,TXcVtAy | TXr69Px,"políglota<sup>1</sup> | polígloto, ta"
TZvRpqx,política,Ta2HMYR,"político, ca"
Tab3sRK,polka,TVSBcMQ,polca
TarreEV,pollera,Tau7jdO,"pollero, ra"
TavVA2k,pollina,TaypJFq,"pollino, na"
TbN6ju9,polonesa,TbMM4Wu,"polonés, sa"
TbSHCEG,poltrona,TbQhk4N,"poltrón, na"
Tcr0Ton,pompi,TcsI1Jp,pompis
ThwtRCA,porquera,Ti0pmCh,"porquero, ra"
Ti0Skzt,porqueriza,Ti0efIV,"porquerizo, za"
Tj3wwSw,portacontenedores,TiztMd5,portacontenedor
TjKifZK,portaequipaje,TjMkyNm,portaequipajes
TjOjTKE,portaeronaves,Tiic58f,portaaeronaves
TjVmeHw,portafolios,TjS8Xaw,portafolio
TjwnfLj,portalámpara,Tjyo1Iy,portalámparas
Tknbmay,portaobjeto,Tknvdip,portaobjetos
TkyykNF,portarretrato,Tl18hGR,portarretratos
Tl3mCTY,portavasos,Tl2hcfQ,portavaso
Tl6TWI1,portaviones,TikVifz,portaaviones
ToiqG7p,post-,Tm7pWK9,pos-
Tos7vsv,postbalance,TmPcZEp,posbalance
TosgBDw,postcombustión,TmZVcUH,poscombustión
TotWoug,postcomunión,TmaT0oZ,poscomunión
TovNHdX,postcomunismo,TmauCzi,poscomunismo
Tox30qP,postcomunista,TmbCtHc,poscomunista
Tox8oyO,postconciliar,TmbSQAW,posconciliar
Tozj2Wl,postconcilio,TmczN2M,posconcilio
Tozk6Ug,postconflicto,Tmd4M3k,posconflicto
Tp4NxxL,postdata,TmfEKDu,posdata
Tp6kdd6,postdorsal,Tmi2Lcl,posdorsal
TpAKHdi,postdorso,TmidLM2,posdorso
TpW1hHP,postfranquismo,Tn8AY8l,posfranquismo
TpXKKNE,postfranquista,Tn9AdSF,posfranquista
TpXmNL6,postgrado,Tn9sMbQ,posgrado
TpZ5jX2,postguerra,TnDWVLQ,posguerra
Tpi1QBA,postimpresionismo,TnbIUE3,posimpresionismo
TpkmW1t,postindustrial,TnerjKY,posindustrial
TpsHrH2,postiza,TpsKC2d,"postizo, za"
Tpsmwgf,postliminio,TnvRt2n,posliminio
Tpwq2JV,postmodernidad,To9V5wd,posmodernidad
TpxPtfV,postmodernismo,ToAYvsb,posmodernismo
TpxXz8V,postmodernista,ToAm7qA,posmodernista
TpziA2s,postnatal,ToBgqLR,posnatal
Tq0fDbF,postnominal,ToDt66U,posnominal
Tq4D2VU,postpalatal,ToZtQpW,pospalatal
Tq57U8J,postparto,Toa5LiR,posparto
Tq7hgIb,postponer,TofxYg0,posponer
TqC9fcR,postposición,TogT2AV,posposición
TqFDGR0,postprandial,TohCOJh,posprandial
TqFGhU6,postpretérito,TohDWa6,pospretérito
TqFHDGy,postproducción,TohFksX,posproducción
TqOxRtL,postrera,TqU2bwo,"postrero, ra"
TqYNORE,postromanticismo,ToiI4fR,posromanticismo
TqnX8lJ,postventa,Tqp2644,posventa
TqnYp4N,postverbal,Tqp9At0,posverbal
Tt0DDJ4,práctica,TtEMsxJ,"práctico, ca"
TtXdAsc,pragmática,TtZ64Ru,"pragmático, ca"
Tv5pR5h,preceptiva,Tv7oWj5,"preceptivo, va"
TvdvhfY,preciosa,TvoB7yQ,"precioso, sa"
Tw3KmSA,precisa,TwEYBwx | TwCxJxX,"preciso, sa | precisar"
U1cS8lV,premisa,U1eNA1I,"premiso, sa"
U1unNdL,premonstratense,U21Q8L9,premostratense
U2q99jg,prensapuré,U2vgAFD,prensapurés
U6Yii5m,presidenta,U6Yu3bh,"presidente, ta"
U6poPtn,presóstato,U6pnHgm,presostato
U7dD3yp,presunta,U7iUPdc,"presunto, ta"
UA9aE0l,prima,UBQk8bX | UAO3wTr,"primo, ma | primar"
UAR7uri,primaria,UARnEk8,"primario, ria"
UArloht,primera,UAztjAx,"primero, ra"
UBEWRJP,primitiva,UBQbNJh,"primitivo, va"
UBliOdG,princesa,UBt4jVS,"príncipe, princesa"
UC949FF,pringada,UC9UVnW | UCFP31z,"pringado, da | pringar"
UD89vct,privada,UD9ciF2 | UDDjy3q,"privado<sup>1</sup>, da | privar"
UEG52HM,probatoria,UEGj8NQ,"probatorio, ria"
UELywvn,problemática,UERocM1,"problemático, ca"
UFXpJLE,procesionaria,UFXyLaZ,"procesionario, ria"
UGbGJqz,proctoscopía,UGVk3gl,proctoscopia
UHClF1V,productora,UHAeKDd,"productor, ra"
UIRcmtR,profetisa,UIHG7p8,"profeta, tisa"
UIZApF7,profiláctica,UIZrz8t,"profiláctico, ca"
UIjwYIC,pro forma,UIjI6JF,proforma
UKS59kg,prójima,UKT2kxN,"prójimo, ma"
UNPWM6x,propedéutica,UNPqWxg,"propedéutico, ca"
UOKdyrL,propóleo,UOKzuPw,propóleos
UPBYiU3,pro rata,UPHSX0v,prorrata
UQcev4g,prospectiva,UQfWOEp,"prospectivo, va"
USyeNSZ,protomo,USzN52Y,prótomo
UUb9G42,provisora,UUYB2Yt,"provisor, ra"
UUs0ab8,proxémica,UUs0jC2,"proxémico, ca"
UVp4Llk,pseudo-,XkBx392,seudo-
UVtfTLe,pseudohermafrodita,XkLPVcZ,seudohermafrodita
UVuG5HB,pseudohermafroditismo,XkRCKze,seudohermafroditismo
UVwFZ2T,pseudología,XkSLm0C,seudología
UVxpSvc,pseudópodo,XkTz4Um,seudópodo
UWLWJwM,psicofísica,UWMEkkl,"psicofísico, ca"
UWUIYlC,psicokinesia,UX9D9gO,psicoquinesia
UWcV6IL,psicolingüística,UWd2tzH,"psicolingüístico, ca"
UYNxwFC,pública,UYbbTs8,"público, ca"
UYhZZg7,pucara,UYiLmJA,pucará
UZLk9yy,pudín,UZLhecZ,pudin
UZfep0S,pudu,UZj1pvB,pudú
UaxNGZf,puestera,Ub1Fb7Q,"puestero, ra"
UeVPOeL,pun,UeBDBDa,pum
UfngPdN,puntera,Ufr55oH,"puntero, ra"
Uhngk2w,pupila,Uhuxr4e,"pupilo, la"
Uj2EmbI,purpúrea,Uj3ODWZ,"purpúreo, a"
Uj5HDrL,purpurina,Uj5jh5g,"purpurino, na"
Ukny5KU,quebradora,UknPxaC,"quebrador, ra"
Ul2kC2Z,quebrantadora,Ul1WQhK,"quebrantador, ra"
UlVOy3S,queda,Ulr1dok | UloraJw,"quedo, da | quedar"
UmczT0h,quelitera,Umdt41U,"quelitero, ra"
Uo6HGZy,quermés,MgfHMMG,kermés
UoVATXG,quesera,UoYtFYb,"quesero, ra"
UpkwhAI,quienesquiera,Upp3aQx,quienquiera
UqLlaZK,quif,MgrJsoa,kif
UqsGLst,quili-,Mgy8x6s,kili-
UqvWVeN,quiliárea,Mh12IAY,kiliárea
UrNs9Mj,quilo-,Mh2vGHY,kilo-
UrO5Q8n,quilográmetro,Mh7O3MZ,kilográmetro
UrPMmbk,quilogramo,Mh8UoZU,kilogramo
UrQN8gL,quilolitro,Mh9W7hj,kilolitro
UrVvrfi,quilómetro,MhG3UJg,kilómetro
UrzQLCP,química,Us0hxUS,"químico, ca"
Us0zEzI,quimicofísica,Us39czx,"quimicofísico, ca"
UsGmmGv,quimono,MhNHQSa,kimono
UsrSLEV,quincena,UswQc03,"quinceno, na"
UtOHVVL,quincuagésima,UtOYsh5,"quincuagésimo, ma"
UtXtHLU,quinesia,MhRd7Y7,kinesia
UtZExMC,quinesiología,MhTlAjb,kinesiología
UtaFx06,quinesioterapia,MhV6JHw,kinesioterapia
Utch02P,quinesiterapia,MhYaVu0,kinesiterapia
UtxRj4l,quínoa,UtxRcSf,quinoa
Uvlf5BG,quiqui,MgsLUzV | MgsMF8Q,kiki<sup>1</sup> | kiki<sup>2</sup>
Uvlg9BF,quiqui,MgsLUzV | MgsMF8Q,kiki<sup>1</sup> | kiki<sup>2</sup>
UvrXHmE,quirguiz,MhpdBad,kirguiz
UvwLsvR,quirie,MhyKMBZ,kirie
UwJn2Aw,quiromancía,UwGeNdh,quiromancia
UwNqApV,quiropráctica,UwP2h9p,"quiropráctico, ca"
UxcmXnh,quivi,Mi0o78N,kivi
Uy3COgS,rabanera,Uy5TP27,"rabanero, ra"
UyLf6ag,rabdomancía,UyISOQ1,rabdomancia
UzHACIF,rabona,UzFnvHc,"rabón, na"
V0cnaKC,racord,V0ezP0X,rácord
V0mCObK,radi-,V1MR7id,radio-<sup>1</sup>
V1WLisn,radiobemba,V1HspiD | V1HspiD#DhL21YB,radio<sup>3</sup> | radio<sup>3</sup>
V1kjWJV,radiodifusora,V1hg0oi,"radiodifusor, ra"
V2ntMSw,radioscopía,V2l9TTU,radioscopia
V41C0nA,raglan,V41jhjd,raglán
V464eFW,rag-time,V45uEsW,<i>ragtime</i>
V4Ygl3z,rail,V4Z4zWT,raíl
V7OOipJ,ranchera,V7R6pnD,"ranchero, ra"
V7wLMce,ranglan,V7wn8Wi,ranglán
V96bPOE,rápel,V96BDuL,rapel
V9VGJCt,raposera,V9Xdpga,"raposero, ra"
VA4MDBS,raquetbol,VA6QSON,ráquetbol
VAiU2zz,rasa,VBpjDCR | VAsDdB8 | VAsEyR6,"raso, sa | rasar | rasarse"
VD8yoV3,rastrera,VD9AULT,"rastrero, ra"
VDTlJqN,rasuradora,VDTDTfo,"rasurador, ra"
VDgiazl,ratera,VDmVJ2z,"ratero, ra"
VEPbTxt,ratona,VEOs7fW | VEQnoip,"ratón, na | ratonar"
VEQx9Lf,ratonera,VERAOjw,"ratonero, ra"
VGvKKew,reala,Vka9O0I,rehala
VWFKfgh,recta,VWf7Pqe | VWKej2P,"recto, ta | rectar"
VWTUanp,rectificadora,VWTE5sp,"rectificador, ra"
VWl4DsY,rectoscopía,VWknLXv,rectoscopia
VZGAsPU,redoblona,VZFWYix,"redoblón, na"
VZVfFjM,redonda,VZdF7p7,"redondo, da"
VZmrj5A,rédox,VZmrhK9,redox
VaGNphH,reductora,VaFNbp1,"reductor, ra"
Vbudok8,refaccionaria,VbvzjNm,"refaccionario, ria"
VcJcXGl,referí,VcHWGoy | VcMQSFd,réferi | referir
Vfbjwuu,refrigeradora,VfbMNmn,"refrigerador, ra"
Vgj9rZy,regalada,VgjdFE8 | Vgmi2Af | VgnZr1k,"regalado, da | regalar<sup>1</sup> | regalar<sup>2</sup>"
ViLfWga,regenta,ViPk1u4 | ViM5K5s,"regente, ta | regentar"
VigO2Rq,regidora,VigHyHs,"regidor, ra"
VmDNrDQ,reina,WQnGVpX | VmNgb5x,"rey, reina | reinar<sup>1</sup>"
VpRKyEi,relativa,VpYCENC,"relativo, va"
VqiK48p,rellena,VqoSGln | VqkYv9s,"relleno, na | rellenar"
Vr4uxYJ,relojera,VrBfHX8,"relojero, ra"
VrgqBPy,remachadora,VrfD6WO,"remachador, ra"
VsViFXE,rembolsable,VauGwj7,reembolsable
VsXagX6,rembolsar,Vaw39J8,reembolsar
VsZ8Htk,rembolso,VaxSucm | Vaw39J8,reembolso | reembolsar
VtwrmMF,remisoria,Vtx8G2M,"remisorio, ria"
Vvf8YdH,remplazable,VayBcsE,reemplazable
VvhhRMH,remplazante,VayUHFt | Vb008Am,reemplazante | reemplazar
Vvi6lgW,remplazar,Vb008Am,reemplazar
VviUKzM,remplazo,Vb2CFTd | Vb008Am,reemplazo | reemplazar
VwLTFnY,rencauchar,VbDBqX2,reencauchar
VwNoSJV,rencontrar,VbDaVWj,reencontrar
VwWQO0a,rencuentro,VbJi8JY | VbDaVWj,reencuentro | reencontrar
VxHbZsQ,renga,VxQ8oPF | VxJVzCf,"rengo<sup>1</sup>, ga | rengar"
VzwAiyF,reóstato,VznwpvG,reostato
W0uBff3,repelada,W0uvGd8,repelar
W34bGGl,repóker,W3ElPqx,repóquer
W3feTwo,reposera,W3gOsLh,"reposero, ra"
W5enHBd,réptil,W5c9llh,reptil
W7g57um,resbaladera,W7jIEBq,"resbaladero, ra"
WAvTK07,resolana,WAw4s15,"resolano, na"
WB0P0Ji,resolí,WAyqz9e,resoli
WCwuFyO,responsiva,WCx2AoN,"responsivo, va"
WH6CxAX,retentiva,WH6ZHIv,"retentivo, va"
WIPxmfe,retórica,WISC3uX,"retórico, ca"
WLy1Fq5,reúma,WLxWZbl,reuma
WNn58Hz,reverenda,WNpTIGs,"reverendo, da"
WOx0Cwc,revistera,WOxhtbl,"revistero, ra"
WPWsTcL,revolera,WPamtyy,"revolero, ra"
WQ9JUJM,revolvedora,WQ8LFev,"revolvedor, ra"
WR4MIAH,rezadora,WR2zhFE,"rezador, ra"
WRBT124,rezandera,WRBh6tX,"rezandero, ra"
WT5pajm,rielera,WT67P4R,"rielero, ra"
WUjCSn3,rinoscopía,WUiT6yk,rinoscopia
WXaSJod,robalo,WXfrmfs | WXknmzC,róbalo | robar
WYTm4uf,robótica,WYTncqf,"robótico, ca"
WbLpeVC,rodera,WbVLn4A,"rodero<sup>2</sup>, ra"
WbpIFNL,rodillera,WbpIQTP,"rodillero, ra"
Wc3mfHV,rodreja,Wc6YPss,"rodrejo, ja"
WcSB5ou,rogativa,WcSfkSj,"rogativo, va"
Wcj1ORR,rola,WdHEAUn | Wcjdmpm,"rolo, la | rolar"
Wenkdjw,rompedera,WeovcpL,"rompedero, ra"
WfMjlwL,rompeviento,WfNNtFt,rompevientos
Wfsl1A6,roncadora,WfsHdY3,"roncador, ra"
WgXa8yW,rondeña,WgZYTQI,"rondeño, ña"
WibdWDZ,rosariera,WicUyku,"rosariero, ra"
WjTrmGA,rosolí,WjTRuuE,rosoli
WkSmQYo,rotuladora,WkSjNwu,"rotulador, ra"
WkbLJQg,rotunda,WkemBJi,"rotundo, da"
Wklqs73,roturadora,WkgsFYZ,"roturador, ra"
WkoTygt,roya,WkuAcCn | WcKJSzL,"royo, ya | roer"
Wl7nqPH,rozadora,Wl3AWOg,"rozador, ra"
Wlfzsre,ruana,Wll7Yxp | WlmdcZm | WlnBZd9,"ruano<sup>1</sup>, na | ruano<sup>2</sup>, na | ruano<sup>3</sup>, na"
WlxoYHA,rubéola,WlxhLmQ,rubeola
Wo0LX9z,rufianesca,Wo0XtB5,"rufianesco, ca"
Wq2E0Dg,rum rum,WqbbnhX,runrún
WsSUZiA,sabanera,WsYsZb1,"sabanero, ra"
WsdseED,sabatina,WsfJsOx,"sabatino, na"
WtDx5g3,sabihondez,WtTuLXt,sabiondez
WuJkf3y,saboyana,WuNeNE8,"saboyano, na"
WvE0v39,sacabocado,WvEJgj3,sacabocados
WwV7Lyl,sacerdotisa,WwOD7ZG,"sacerdote, tisa"
Wx2lHsO,sacra,Wxs44fk,"sacro, cra"
WxinouC,sacristana,WxhfaYp,"sacristán, na"
WyRgUlv,saetera,WyVAnZ2,"saetero, ra"
WzfSMJP,sahariana,WzfgI82,"sahariano, na"
X1EcHqS,salamanquina,X1Eynft,"salamanquino, na"
X3lvsH2,salina,X3zKOKw,"salino, na"
X48k8d0,salitrera,X4CWtRZ,"salitrero, ra"
X5pZfLa,salsera,X5qcwdZ,"salsero, ra"
X5yRcep,saltabancos,X5wgIBj,saltabanco
X6B4Ll9,saltaembancos,X6AUPe4,saltaembanco
X6iavER,salteadora,X6eMIii,"salteador, ra"
X6mBJ8y,salteña,X6sGa7l | X6tBLAi,"salteño<sup>1</sup>, ña | salteño<sup>2</sup>, ña"
X8C2M5t,salvajina,X8CLHTp,"salvajino, na"
X8Z8YzG,salvapantalla,X8ZLXW4,salvapantallas
XAaWGCU,samuray,XAaULjW,samurái
XC5faS3,sanduche,XC5fat1,sánduche
XD6CECu,sanguche,XD6Ckw1,sánguche
XDPGn8h,sanguina,XDVyeey,"sanguino, na"
XDPrJck,sanguinaria,XDQwmNe,"sanguinario, ria"
XDrl45B,sanie,XDrlhSP,sanies
XDyumX7,san jacobo,XDytgbW,sanjacobo
XF3V8ss,santa,XGGB4k6,"santo, ta"
XFct7dN,santera,XFfalEI,"santero, ra"
XJySWQL,sarracina,XJyDLjl | XJz3Clu,"sarracín, na | sarracino, na"
XKW5tK4,sastra,XKX19C2,"sastre, tra"
XKrKVjB,satinadora,XKp0jrR,"satinador, ra"
XLyzCdk,sauco,XM1WfDj,saúco
XNSRYRE,-scopía,XNQVk1V,-scopia
XNlHC3h,sebiche,XkWE5cx,seviche
XO2tyHD,seca,XOr0Wqc | XOQLOH0,"seco, ca | secar"
XOCinLR,secadora,XO9dlsz,"secador, ra"
XOxyESk,secreta,XPMvDJ8 | XP3LRSw,"secreto<sup>2</sup>, ta | secretar"
XQKJWN7,secundaria,XQOKazg,"secundario, ria"
XRFHnKb,sedeña,XRGmoqd,"sedeño, ña"
XRGuKZp,sedera,XRHN3VI,"sedero, ra"
XRw0z4l,segadera,XRwEDOP,"segadero, ra"
XTCCcSI,segunda,XTUS1jC | XTK1OKl,"segundo, da | segundar"
XU6Z8DC,seisena,XU8QGri,"seiseno, na"
XUQrHAB,selen-,XUZFRcL,seleno-
XVPvQy3,semántica,XVRDns5,"semántico, ca"
XVlkEav,sembradora,XVkjXXu,"sembrador, ra"
XY75D6m,semiótica,XY80twH,"semiótico, ca"
XYAGsBA,semiperiodo,XYAi3TA,semiperíodo
XYmcI7n,sempiterna,XYqgJac,"sempiterno, na"
XaQhbfj,sensitiva,XaR2AYv,"sensitivo, va"
Xc1f568,señera,Xc5aMjn | Xc6xjWc,"señero<sup>1</sup>, ra | señero<sup>2</sup>, ra"
XcBsKWm,señora,XcBNzxH,"señor, ra"
XcQQzn9,señorita,XcT6x6x,"señorito, ta"
Xd1cac2,septena,Xd4zxEr,"septeno, na"
XdEVhAQ,séptima,XdFAx6r,"séptimo, ma"
XdIa7KO,septuagésima,XdLtPis,"septuagésimo, ma"
Xfslxxy,serosa,Xfw149h,"seroso, sa"
XgPGcPU,serpentina,XgVYGtj,"serpentino, na"
XgjUt1I,serradora,XgjPbdW,"serrador, ra"
Xgo9hkl,serrana,XgvkYcS,"serrano, na"
XidqZWj,sesga,XipMgHq | XikzWMO,"sesgo, ga | sesgar"
Xiz5gRF,sesma,Xj2hUg2,"sesmo, ma"
Xjg1jHn,setena,Xjl97MN | XjkImnI,"seteno, na | setenar"
Xk42Bqw,setiembre,XdBRd9c,septiembre
XkWp10i,sevillana,XkY8d8d,"sevillano, na"
XknkTWw,sexagésima,XkoRbft,"sexagésimo, ma"
XkvWGsy,sex-appeal,XkueZHh,<i>sex appeal</i>
Xl8dV0C,sexmero,Xj0hLac,sesmero
XlJe3do,sex-shop,XlI4QlT,<i>sex shop</i>
XlMdVWo,sex-symbol,XlLOQRH,<i>sex symbol</i>
XlN2Bph,sexta,XlhNWbX,"sexto, ta"
Xm5Z6vj,sharia,Xm5Z9Ad,<i>sharía</i>
Xmv5mtz,sicagogia,UW14p5L,psicagogia
Xn1K2XY,sicastenia,UW1Y1C4,psicastenia
XnHdj5u,sico-,UW2IrlV,psico-
XnKvnfZ,sicoanálisis,UW3XANT,psicoanálisis
XnPeFv0,sicoanalismo,UW6B5EB,psicoanalismo
XnSPbg3,sicoanalista,UW7EEkE,psicoanalista
XnY1BIX,sicoanalizar,UW83mBR,psicoanalizar
XnYYy1W,sicobiología,UW886hR,psicobiología
Xnaa2AQ,sicodelia,UWA2698,psicodelia
XniPJpR,sicodiagnóstico,UWDyamK,psicodiagnóstico
XnkkVFC,sicodrama,UWGGUj2,psicodrama
XnoTG4r,sicofármaco,UWHhrir,psicofármaco
XnreB1n,sicofisiología,UWNKFUZ,psicofisiología
XntU1Em,sicofonía,UWQQyzY,psicofonía
Xny5bn2,sicogeriatra,UWRf4Ke,psicogeriatra
Xo1qJzC,sicogeriatría,UWSdDd6,psicogeriatría
Xo2X2KY,sicohistoria,UWSuoFx,psicohistoria
Xo5gcwZ,sicolingüista,UWYLlIS,psicolingüista
Xo6BbQx,"sicolingüístico, ca",UWd2tzH,"psicolingüístico, ca"
Xo9QDHY,sicología,UWfndCk,psicología
XoBOMBJ,sicologismo,UWgc5EB,psicologismo
XoHCe9I,sicologista,UWhCJWd,psicologista
XoHcriE,sicologización,UWiXH5y,psicologización
XoIi37g,sicologizar,UWjl72F,psicologizar
XoLgx87,sicómetra,UWm3I1G,psicómetra
XoNXg7t,sicometría,UWoemDt,psicometría
XoQfwiy,sicómoro,XoQV91U,sicomoro
XoXXD2T,sicomotricidad,UWsIQK8,psicomotricidad
XoYRWT4,sicomotricista,UWu4Ft6,psicomotricista
XoaLkwh,sicomotriz,UWwsgu4,psicomotriz
XodKIN1,sicópata,UWxDJDb,psicópata
XofTzk6,sicopatía,UWxFTi1,psicopatía
XognrHn,sicopatología,UWzaANg,psicopatología
XogxVnc,sicopedagogía,UX55YY9,psicopedagogía
XowJKB4,sicosociología,UXCCoB3,psicosociología
Xp1N1wQ,sicotecnia,UXFHaQa,psicotecnia
Xp1d1Vw,sicoterapeuta,UXGu8VA,psicoterapeuta
Xp6zFZu,sicoterapia,UXM7JbH,psicoterapia
Xp9RJZl,sicrómetro,UXOl1sD,psicrómetro
XqHMmsh,sieteenrama,XqJ89eC,sietenrama
XtUj5fs,sillera,XtWsDFe,"sillero, ra"
XxZyum6,síndica,XxphX21,"síndico, ca"
XykBcfQ,siniestra,XyrEzmC,"siniestro, tra"
XzXjUle,sinsubstancia,XzZm92p,sinsustancia
Y0c48UN,siquiatra,UXPrmMf,psiquiatra
Y0dYpQT,siquiatría,UXRdYVi,psiquiatría
Y0i87gy,siquismo,UXWoQGM,psiquismo
Y2B3WO3,sistemática,Y2DZ4zj,"sistemático, ca"
Y2P9Dek,sitácida,UXZOMpO,psitácida
Y2RQJvN,sitaciforme,UXbKvDX,psitaciforme
Y2SbK37,sitacismo,UXcQHKg,psitacismo
Y2U3xDp,sitacosis,UXfLgoO,psitacosis
Y7LmSLR,sobreentender,Y8dZ5sJ,sobrentender
Y7QkDFn,sobreestimar,YAQUBIW,sobrestimar
YAMa5Md,sobresfuerzo,Y7QhgH0,sobreesfuerzo
YAwY3jy,sobrexceder,Y7Tsca1,sobreexceder
YAwlj9M,sobrexcitación,Y7UM1FQ,sobreexcitación
YAx3sX2,sobrexcitar,Y7Vspcr,sobreexcitar
YAzaJiJ,sobrexplotación,Y7Wgbsq,sobreexplotación
YAzrwTP,sobrexplotar,Y7WvsTd,sobreexplotar
YCJZHhI,sociolingüística,YCMzHAn,"sociolingüístico, ca"
YDtgIsk,sofística,YE4FZkd,"sofístico, ca"
YGIlxjc,soldadera,YGMFIk5,"soldadero, ra"
YGMOk6Z,soldadesca,YGOmUlv,"soldadesco, ca"
YIceLld,solitaria,YId5svt,"solitario, ria"
YKEX3r9,sombrerera,YKJse0K,"sombrerero, ra"
YKWUa76,sombría,YKduqpI,"sombrío, a"
YKoPjuT,somnambulismo,YLiuaZE,sonambulismo
YLYGrVa,sonada,YLdBwMK | YLoFvGN,"sonado, da | sonar<sup>1</sup>"
YO1kcLj,sopera,YO24XvF,"sopero, ra"
YQ1voC2,soriasis,UXh1dmh,psoriasis
YRhwFO0,sosia,YRizqnl,sosias
YTQt1oZ,sotto voce,YTQD5wM,<i>sottovoce</i>
YTbqju6,soviet,YTeYpev,sóviet
YU98s1H,‒́stato,YU6GsqV,-stato
YUEHlL1,-strajo,1Nu2z6d,"-ajo, ja"
YYa0YUU,subordinada,YYby084 | YYd3O4Z,"subordinado, da | subordinar"
YZ8aVBd,subscribir,YontaSy,suscribir
YZBRRkd,subscripción,YonvDgF,suscripción
YZu2spi,substancia,YpIehqm | YpTWS0u,sustancia | sustanciar
YZxH3QE,substanciación,YpJ6iSK,sustanciación
YZxWuKc,substancial,YpLjVbm,sustancial
YZxaUGg,substancialismo,YpQfEU7,sustancialismo
YZz6xqn,substancialmente,YpS3LJY,sustancialmente
YZzAE9o,substanciar,YpTWS0u,sustanciar
Ya0VbND,substantivación,YpXUU6h,sustantivación
Ya1IL0W,substantivamente,YpZVpWv,sustantivamente
Ya35ylW,substantivar,YpdenDZ,sustantivar
Ya5WdjF,substantividad,Ypdli9o,sustantividad
YaAtush,substitución,YpvG6ZH,sustitución
YaCzezH,substituibilidad,YpwJB1P,sustituibilidad
YaDVZ1V,substituible,YpwwxwE,sustituible
YaEUrHo,substituir,YpzZ1zs,sustituir
YaMqNFw,substracción,Yq9865C,sustracción
YaPLHEG,substraendo,YqBS4D4,sustraendo
YaRFUAp,substraer,YqDjO6S,sustraer
YaRu7Tu,substrato,YqFgJ9V,sustrato
YdyebJm,suegra,Ye1TRdc,"suegro, gra"
YeCr0O2,suelta,YeEnAiT | YJIP8Pu,"suelto, ta | soltar"
YfGZ8MV,sufridera,YfGrXVy,"sufridero, ra"
YfoJreC,suigéneris,YfuOKNa,sui géneris
YgQQKMo,sulfatadora,YgPLvlW,"sulfatador, ra"
YiKYjAv,sunní,YiG485C,suní
YiOHK3j,sunnita,YiGRQ5v,sunita
Yjz7yL9,superheroína,YjyLxEi,"superhéroe, ína"
Ylwo87M,suplicatoria,Yly7Bqp,"suplicatorio, ria"
YmREVA5,suprema,YmVRjQc,"supremo, ma"
YoVifsP,suruví,YoQAiE1,surubí
YpWEMwY,sustantiva,YpdtOOa | YpdenDZ,"sustantivo, va | sustantivar"
YrPlclm,tabaquera,YrRvbzT,"tabaquero, ra"
Yrd1gRb,tábarro,YrcDsX7,tabarro
YrxUlVt,tabernera,Ys2jOjh,"tabernero, ra"
YtwQ0l2,tabuladora,YtvNs0m,"tabulador, ra"
YviaYbP,táctica,Yvj3qOD,"táctico, ca"
YwwTRVy,tahonera,YwwuYkk,"tahonero, ra"
Yx920x4,taichi,YxApRXp,taichí
YxVIVUh,tajada,Yxb5clh | YxogHjF,"tajado, da | tajar"
YxgF1a2,tajalápices,YxhzHx5,tajalápiz
YyOrh1s,taladradora,YyOAjXZ,"taladrador, ra"
Z1f8bMw,talvez,biPx6YF | biPx6YF#AO4e3SY,vez | vez
Z3en84t,tam-tam,Z3el204,tamtam
Z3im33C,tamtán,Z3el204,tamtam
Z4ng8f4,tangana,Z4qgC4G,tángana
Z57v2Nh,tangerina,Z58h08K,"tangerino, na"
Z5r7GP0,tantán,Z3el204,tamtam
Z6c0rNP,tapacubo,Z6cgl2c,tapacubos
Z7GRmZx,taparrabo,Z7Ieplv,taparrabos
Z8ihOXf,taponadora,Z8iTAzi,"taponador, ra"
Z9Gpv4f,taquera,Z9I75PH,"taquero, ra"
ZF2u7eE,tasajera,ZF34AGf,"tasajero, ra"
ZH5lNGM,taxon,ZH7MMY9,taxón
ZIdP5Aa,técnica,ZIkyMDs,"técnico, ca"
ZJPevkk,tectónica,ZJQd17k,"tectónico, ca"
ZKdnE36,tejedora,ZKbCgJk,"tejedor, ra"
ZKjOqGr,tejera,ZKlugdL,"tejero, ra"
ZMgEKrF,telekinesia,ZNNMIpS,telequinesia
ZMjBvri,telekinesis,ZNOzoTI,telequinesis
ZMvduQo,telemática,ZMw3qaN,"telemático, ca"
ZOmNdna,temática,ZOnOAZE,"temático, ca"
ZOvSxA3,tembladera,ZP2HZBF,"tembladero, ra"
ZTJFUyM,tenienta,ZTNdleM,"teniente, ta"
ZUJJm5Z,tentativa,ZUJlAd2,"tentativo, va"
ZVLT7u9,teorética,ZVLnOin,"teorético, ca"
ZVMrhp1,teórica,ZVOUtcL,"teórico, ca"
ZVZpO8q,tepachera,ZVisnqT,"tepachero, ra"
ZWfQdkK,terapéutica,ZWhoL5n,"terapéutico, ca"
ZWvfIeE,tercera,ZX6JZWO,"tercero, ra"
ZXAOmEZ,tercia,ZXOWPIX | ZXJkWzK,"tercio, cia | terciar"
ZXpxbNf,teresiana,ZXxHO9L,"teresiano, na"
ZYamTRB,-terma,ZZOaeAE,"-termo, ma"
ZZTdF8u,termodinámica,ZZTwmYe,"termodinámico, ca"
Za9swzN,termósfera,Za8m6bA,termosfera
ZaKUgtH,termóstato,ZaFVJx0,termostato
ZaVwvy9,ternera,ZaVyb8f,"ternero, ra"
ZcCdBsX,terrera,ZcIHnLL,"terrero, ra"
ZctuS5i,terriza,Zcu7LCD,"terrizo, za"
ZfNyYLD,testerilla,ZfOQ5dL,"testerillo, lla"
Zg1GnaS,tétano,Zg2YJEq,tétanos
ZghB98t,tetraplejía,ZgguPmG,tetraplejia
ZhTHvOb,textilera,ZhTqz8e,"textilero, ra"
Zhs1ah5,tialina,UXqU96N,ptialina
ZhsVazU,tialismo,UXrlHKf,ptialismo
ZjV1D63,tiflotécnica,ZjXFPGg,"tiflotécnico, ca"
Zjdn6Ei,tifoidea,ZjkKvfJ,"tifoideo, a"
Zjp47jC,tigresa,Zjo6qtj,"tigre, gresa"
ZkTjIjM,tilichera,ZkU7fI6,"tilichero, ra"
Zlu9YKW,timonera,ZlvBVTk,"timonero, ra"
ZnWhtWV,tinta,Zo7qIdO | ZnXliGp,"tinto, ta | tintar"
ZoCcAhG,tintorera,ZoILSkO,"tintorero, ra"
Zp7C6Rl,tipiadora,Zp4wQEb,"tipiador, ra"
ZpYSc0f,tipói,ZpYOfCy,tipoi
ZpdtClw,tipoy,ZpYOfCy,tipoi
ZqdNkRy,tirana,Zqnjb5Y,"tirano, na"
ZrThZOo,tiritona,ZrTdMUH,"tiritón, na"
ZsaIjzM,tísica,ZsaNWhb,"tísico, ca"
ZuKEQM5,tiznera,ZuKG6w8,"tiznero, ra"
ZvZLmsX,tobillera,ZvamKUZ,"tobillero, ra"
Zvsko5z,tocacintas,ZvrWJNP,tocacinta
ZwbH4BY,tocinera,Zwcda8m,"tocinero, ra"
ZzjLGvM,tomatera,ZzlNcFR,"tomatero, ra"
a0wYjV8,tónica,a0xKFMI,"tónico, ca"
a23dtma,topadora,a22hYSt,"topador, ra"
a2wC7Pv,top-model,a2tLwhh,<i>top model</i>
a32aoaR,topo,a2yiKd1 | a2zqBjz | a31t0Fl | a28R4ZP | a28QrnX,"topo<sup>1</sup>, pa | topo<sup>2</sup> | topo<sup>3</sup> | topar<sup>2</sup> | topar<sup>1</sup>"
a4DPXDo,torcida,a4Kp1XT | a4AtRA1,"torcido, da | torcer"
a4js4aq,torera,a4w9eTq,"torero, ra"
a59XZ51,-toria,a5DWohL,"-torio, ria"
a5PiW4s,tormentaria,a5QHUzk,"tormentario, ria"
a68eXQV,tornear,a68eJfS,tornear
a6BedV6,tornera,a6E3XJE,"tornero, ra"
a8PXn2d,torticolis,a8PcE5N,tortícolis
a8SHpji,tortillera,a8Vk7Q1,"tortillero, ra"
a8ZyhDI,tórtola,a8fLrSt,"tórtolo, la"
a9K3ZaE,tosca,a9NnDNX,"tosco, ca"
a9kSWgr,tostada,a9nyhxW | a9tMKbn,"tostado, da | tostar"
a9psudS,tostadora,a9oczlG,"tostador, ra"
aEHYesj,trafalmeja,aEJ3Rah,trafalmejas
aEgdY9l,tragafuego,aEidtQV,tragafuegos
aF0zFyQ,tragantona,aF0t6pe,"tragantón, na"
aGV3prI,tramontana,aGVm8G6,"tramontano, na"
aITJHIx,transcendencia,aPQgFGs,trascendencia
aIVID4J,transcendental,aPSi9Q8,trascendental
aIVsDOA,transcendentalismo,aPTy3jr,trascendentalismo
aIW3s9M,transcendente,aPU0EQH,trascendente
aIXy32R,transcender,aPU8LlU,trascender
aJTZO3i,transflor,aQhxH5d,trasflor
aJWBWmr,transflorar,aQiqJgo,trasflorar
aJWOlaF,transflorear,aQjks7Y,trasflorear
aKupKNr,translación,aRdg4Wq,traslación
aKuqmMi,translaticiamente,aRts8gn,traslaticiamente
aL7wqbH,translocación,aSAlRjv,traslocación
aLA9Ada,translucidez,aSBOepK,traslucidez
aLBHuLW,transluciente,aSD5doB | aSFNuiH,trasluciente | traslucir
aLCPc16,translucimiento,aSDt8PW,traslucimiento
aLICvaW,translucir,aSFNuiH,traslucir
aLurbH5,transmundo,aSs79sT,trasmundo
aMN2OBG,transparecer,aTXyv5x,trasparecer
aMYjpts,transponer,aUGZqgc,trasponer
aMnboy7,transposición,aUeM1DJ,trasposición
aMrl1Nu,transubstanciación,aN2OVpU,transustanciación
aMtpKFw,transubstancial,aN6Clze,transustancial
aMuD7Br,transubstanciar,aN7Xorf,transustanciar
aN88FNc,transvasar,aWSDhHm,trasvasar
aN9KAmW,transvase,aWYlXWw | aWSDhHm,trasvase | trasvasar
aOp6Drm,tras-,aI82hct,trans-
aP8Gvff,trasbordar,aIPqbUd,transbordar
aP9eCFh,trasbordo,aISV8UZ | aIPqbUd,transbordo | transbordar
aPix1qO,trascontinental,aIcQjDU,transcontinental
aPrUIEZ,trascribir,aIgIBpD,transcribir
aPuwV8N,trascripción,aIlM4i6,transcripción
aQ3KWXI,trasculturación,aIqYBxO,transculturación
aQ3ego4,trascultural,aIqfW6n,transcultural
aQ5QZA2,trasculturización,aIqn5cu,transculturización
aQ67LLU,trascurrir,aIsOKuI,transcurrir
aQ7BAzx,trascurso,aIsc2i7,transcurso
aQKw0Ze,trasera,aQSJ9KT,"trasero, ra"
aQVK5xQ,trasferencia,aJ8fjGo,transferencia
aQW3R06,trasferencial,aJ9SdDp,transferencial
aQXncgx,trasferente,aJBEqYQ,transferente
aQYedse,trasferibilidad,aJBuz8V,transferibilidad
aQZqEcu,trasferible,aJFZQyl,transferible
aQbjGFF,trasferir,aJH8a9T,transferir
aQdHN9u,trasfigurable,aJHJ79U,transfigurable
aQdi6u7,trasfiguración,aJIbelg,transfiguración
aQf82ub,trasfigurar,aJPJ7HY,transfigurar
aQgp2Zr,trasfixión,aJTEvB0,transfixión
aQmpSvX,trasformable,aJXdQKs,transformable
aQnqlLx,trasformación,aJYQUV5,transformación
aQpiwev,trasformacional,aJZrYXz,transformacional
aQtASj8,trasformamiento,aJab3kR,transformamiento
aQv8vbE,trasformar,aJbn4er,transformar
aQylrK8,trasformismo,aJdRe2r,transformismo
aQz8mVi,trasformista,aJgKq0C,transformista
aR0Iyrp,trasfretar,aJlPevZ,transfretar
aR6fTFY,trásfuga,aJozdBN,tránsfuga
aR6zhFk,trasfuguismo,aJpTkY3,transfuguismo
aR7dd5S,trasfundición,aJqrY5b,transfundición
aR9nxnW,trasfundir,aJrFjXZ,transfundir
aRCpODw,trasfusible,aJrJ3zw,transfusible
aRDrWLU,trasfusión,aJvFfUB,transfusión
aRNIwYo,trasgredir,aK1FmOQ,transgredir
aRO5ndu,trasgresión,aK2D0t5,transgresión
aSOzpsM,"trasmediterráneo, a",aLKNB60,"transmediterráneo, a"
aSRv4m6,trasmigración,aLOsXfC,transmigración
aSTMm3K,trasmigrar,aLOt5y3,transmigrar
aSVMlbJ,trasmisibilidad,aLWy1Xv,transmisibilidad
aSXfry1,trasmisible,aLZzeP5,transmisible
aSZRpFl,trasmisión,aLazCTl,transmisión
aSeQ9kJ,trasmitente,aLejOR3,transmitente
aSfE7KO,trasmitible,aLjImGx,transmitible
aSiI7by,trasmitir,aLjNpvi,transmitir
aSkWFYK,trasmontana,aLjPyVs | aSlSaQk,"transmontano, na | trasmontano, na"
aSoEacU,trasmontar,aLr01VE,transmontar
aSp4XHP,trasmonte,aLs8asb | aLr01VE,transmonte | transmontar
aSpVwJl,trasmudación,aLsFckg,transmudación
aSr30JN,trasmudamiento,aLttRgg,transmudamiento
aSrwlVK,trasmudar,aLuDTD4,transmudar
aStCcrJ,trasmutable,aM3LskF,transmutable
aSunC4O,trasmutación,aM42CbZ,transmutación
aSvQ4Qo,trasmutar,aM4kGZc,transmutar
aT0ET8v,trasnacional,aMCojKf,transnacional
aTY8hSK,trasparencia,aMOr1xH,transparencia
aTZEeWi,trasparentar,aMOwV2M,transparentar
aTa1MSc,trasparente,aMQJNiA | aMOwV2M,transparente | transparentar
aU2HXGl,traspirable,aMSMFKv,transpirable
aU3WuEa,traspiración,aMSO77j,transpiración
aU6nDdk,traspirar,aMTPPtq,transpirar
aUCfsjg,trasplantadora,aUCZ7uh,"trasplantador, ra"
aUOSe3H,trasportabilidad,aMZcdLL,transportabilidad
aUSFA6p,trasportable,aMZlGEC,transportable
aUSq8I7,trasportación,aMdGe3p,transportación
aUYfoN7,trasportamiento,aMfh54k,transportamiento
aUcakSy,trasportar,aMgmTGw,transportar
aUeEHly,trasportín,aMk4Lwu,transportín
aUeJrjd,trasportista,aMlzu2R,transportista
aVVQDcB,trasterrar,aMqruVt,transterrar
aWb5BqF,trasverberación,aNC14JS,transverberación
aWcpZB6,trasversal,aNDuR1C,transversal
aWfN0s9,trasversalidad,aNEI2x9,transversalidad
aWhOWVd,trasversalmente,aNIzkMG,transversalmente
aXYXQYm,travesía,aXYa1Iz,"travesío, a"
aXYrMLt,travestí,aXYeuEJ | aXfiOpn,travesti | travestir
aXteBpT,traviesa,aXttNbL | aXV8hgU,"travieso, sa | travesar"
aZ70UJM,treintena,aZAjI2f,"treinteno, na"
abRR3Vd,triada,abRVjwf | abnDzsc,tríada | triar
abfcWFh,triaquera,abmf0At,"triaquero, ra"
abvMZGE,tríbada,abuk575,tribada
adv2MHn,tríglifo,adu53Ag,triglifo
ae6ZTTZ,triguera,ae78tOd,"triguero, ra"
aegGeqQ,trilladora,aee3epY,"trillador, ra"
aez8MDR,trillonésima,aezTzu8,"trillonésimo, ma"
ajFEyrC,trituradora,ajCRM4g,"triturador, ra"
akCDOz7,trócar,ajzPGQn,trocar<sup>1</sup>
al0gXKU,troica,al0hbRJ,troika
aoGmTwH,tropósfera,aoEb0s8,troposfera
aoXrUHD,trotona,aoXgMdQ,"trotón, na"
arUDfQJ,tuberosa,arVQo35,"tuberoso, sa"
arl05Rv,tuca,arrpfSc,"tuco<sup>1</sup>, ca"
atecL9t,tumbona,atZros9,"tumbón<sup>2</sup>, na"
av3PMCn,tunera,av56HiH | av6AMne,"tunero<sup>1</sup>, ra | tunero<sup>2</sup>, ra"
az8AjEQ,tusona,az6r40i,"tusón, na"
b3qiIL0,umbría,b3r7itd,"umbrío, a"
b3uroK8,umjú,b6fxA88,unjú
b3uuZZA,un,b6iKApr | b6hEWeB,"uno<sup>2</sup>, na | uno<sup>1</sup>, na"
b3vJFnW,un,b6iKApr | b6hEWeB,"uno<sup>2</sup>, na | uno<sup>1</sup>, na"
b3w3xSi,una,b6hEWeB | b6iKApr | b6l4Cns | b67JJSq,"uno<sup>1</sup>, na | uno<sup>2</sup>, na | -uno, na | unir"
b3x2qHm,una,b6hEWeB | b6iKApr | b6l4Cns | b67JJSq,"uno<sup>1</sup>, na | uno<sup>2</sup>, na | -uno, na | unir"
b76IpOH,uñada,b78ZxaF,"uñado, da"
b8JB8Im,urbanística,b8Ki852,"urbanístico, ca"
bA6Ps4p,uromancía,bA5pEkf,uromancia
bAAVZCR,uroscopía,bAA0CPG,uroscopia
bE3Plom,vacaraí,4jdB7xq,bacaray
bE5NkDd,vacaray,4jdB7xq,bacaray
bEvGEYy,vacuna,bF4mFoA | bF4Dg4X,"vacuno, na | vacunar"
bGgpihS,váguido,bGgWwav,"vaguido, da"
bGoCZ5u,vaída,4myNomc,baída
bHrRXrF,valenciana,bHykki2,"valenciano, na"
bIBXwtn,valentona,bI8dmEZ,"valentón, na"
bJ9Dn8Y,valkiria,bJwxB1B,valquiria
bJY83or,vallico,4uSIOem,ballico
bJe8jB1,valona,bJbCUVi,"valón, na"
bLwcGGf,vaquera,bM9VCyP,"vaquero, ra"
bM1HwUs,vaqueriza,bM7wNjo,"vaquerizo, za"
bNSUzp9,vargueño,556cY24,"bargueño, ña"
bNmdESZ,varice,bNpNyyP,várice
bOSnCe0,varsoviana,bOUaRdb,"varsoviano, na"
bPobbMu,vecera,bPq86tD,"vecero, ra"
bRbSxd6,veintena,bRiHNS4,"veinteno, na"
bSLnynf,veintiuna,bSOJupq,"veintiuno, na"
bT7A7Gt,veladora,bT5XKfd,"velador, ra"
bT8N4Bc,velahí,bTNdqUR,velay
bVHLEjB,velonera,bVIVTpJ,"velonero, ra"
bZi560a,ventriloquía,bZfozSY,ventriloquia
baob11x,veranera,bapY3Vr,"veranero, ra"
bcanPxs,verdina,bce5XKG,"verdino, na"
bi24jWq,veterinaria,bi2iFp6,"veterinario, ria"
bibLieM,viacrucis,bibXHDi,vía crucis
bj124uC,viandera,bj27XzC,"viandero, ra"
bjj6EFW,vicaria,bjqD0OK,"vicario, ria"
bklUdyd,vicésima,bkmucZL,"vicésimo, ma"
bm7bAH0,vídeo,bm7DOSs,video
bn1GVyh,vidriera,bn6cS8D,"vidriero, ra"
bnLA3EG,vieja,bnRGe0W,"viejo, ja"
bpBuhvf,villanesca,bpEKmah,"villanesco, ca"
bpvu55G,vinagrera,bpwADCN,"vinagrero, ra"
bu4t1jd,virreina,buBfMyB,"virrey, virreina"
bumhKUT,viscosa,buxLhOS,"viscoso, sa"
bvNEJlF,visitadora,bvKMlYL,"visitador, ra"
bwf4Ntf,vitíligo,bwesyuO,vitiligo
bx82fVi,vitrocerámica,bx9apzz,"vitrocerámico, ca"
bxORzsC,viuda,bxWB9E2,"viudo, da"
byVUQZb,vivijagua,5Rpf4AH,bibijagua
bz8vLpJ,vizcondesa,bz8cU5f,"vizconde, desa"
bzjd6oR,voceras,5j9CcUm | bzsuhYm,"boceras | vocero, ra"
c0Bz434,vodca,c0FBisY,vodka
c0MHkrX,voladera,c0NRtyX,"voladero, ra"
c0RqEDY,voladora,c0QiS8v,"volador, ra"
c0XiBAU,volandera,c0Yjeza,"volandero, ra"
c1SNPYi,vóleibol,c1LUQk5,voleibol
c1bkhpc,volframio,c6rBYnL,wolframio
c3BxyEN,vómica,c3CZWwq,"vómico, ca"
c3WppZM,vomitona,c3WSfu9,"vomitón, na"
c4Yqc1J,vuelacercas,c4YHhLj,vuelacerca
c6fcoI3,wi fi,c6ehZd8,wifi
c6kd5BL,wind surf,c6gPIwV,<i>windsurf</i>
c6o2yOj,wind surfing,c6mL1RB,<i>windsurfing</i>
c7OiOBl,xeroftalmía,c7OTvN3,xeroftalmia
c7Y3tbX,xicaque,MS4gpuk,jicaque
c8A9xrz,xiote,MTpawUK,jiote
c8E4Soq,xola,c8HVzad,"xolo, la"
c8Q8hI8,yacabó,c8LUOMp,yaacabó
c9p6TH2,yataí,c9t4MRo,yatay
cAURz8E,yedra,KM36Oau,hiedra
cAn6P82,yerbabuena,KMaNjyn,hierbabuena
cAosi7j,yerbadulce,cAkoSeM | cAkoSeM#Du4JdP2,yerba | yerba
cAslpvt,yerbajo,KMeDikP,hierbajo
cAtmsWz,yerbaluisa,KMi7lug,hierbaluisa
cB1QY09,yerbera,cB1r6e3,"yerbero, ra"
cBD4yLJ,yerra,KNBlphr | G3m4kmO,hierra | errar
cBKnh2t,yesera,cBPSq6R,"yesero, ra"
cE07yGg,yunta,cE3PwGN,"yunto, ta"
cEPtwf0,yusera,cEPuMbT,"yusero, ra"
cEzARPr,zábila,cEy5YB6,zabila
cGgorKn,zafirina,cGgqDUr,"zafirino, na"
cHBOQbW,zagala,cH9Ra9q,"zagal<sup>1</sup>, la"
cHQqlUm,zaguera,cHTHT4O,"zaguero, ra"
cLMSgCp,zángana,cLXF9gm,"zángano, na"
cLjyLd2,zanguanga,cLn7Maz,"zanguango, ga"
cMjc52d,zapatera,cMlbT1C,"zapatero, ra"
cNfJqUX,zarabanda,cNhnlFj,"zarabando, da"
cO42jlh,zarandaja,cO6w36a,"zarandajo, ja"
cPFkORC,zarina,cNf58Lf,"zar, rina"
cPhgtna,zarria,cPqpXIs,"zarrio, rria"
cQaQFCz,zedilla,863q17o,cedilla
cQiAA30,zempasúchil,8BqIcgM,cempasúchil
cQoIUWw,zenit,8DWpJ3a,cenit
cQoojbF,zénit,8DWpJ3a,cenit
cQuaB7v,zenzontle,8HDPZMp,cenzontle
cR7miBO,zigoto,9CTwJpN,cigoto
cRQpl8N,zinnia,9GjtHpy,cinia
cRblYaz,zircón,9JG5CVi,circón
cRdcGjt,zircona,9JJD8jv,circona
cRe3CN6,zirconio,9JKj7iu,circonio
cRfsGLV,zirconita,9JL4XOQ,circonita
cRyXl0N,zocata,cS0i1Kx,"zocato, ta"
cSDydWj,zodíaco,cSCpT6S,zodiaco
cTTldVI,zoofito,cTVVHCr,zoófito
cVHHLo9,zorra,cVU9wGT,"zorro, rra"
cVJp6k8,zorrera,cVO2ZCx | cVRbnu5,"zorrero<sup>1</sup>, ra | zorrero<sup>2</sup>, ra"
cVtwNy9,zoster,cVuneWk,zóster
cX4t993,zumbadora,cX4q1yC,"zumbador, ra"
cXx050l,zurda,cYC5fyU,"zurdo, da"
