old_rae_id,old_entry,status,current_rae_ids,current_headers,matching_current_ids,matching_current_headers,error
3WoUD5H,argentada,RELATED_RESULT,3Wp8xnz | 3Wv1EXe,"argentado, da | argentar",,,
Dj3Y32H,diezmillonésima,RELATED_RESULT,Dj8hCUI,"diezmillonésimo, ma",,,
5Pvk1Ay,besuguera,RELATED_RESULT,5PvmTq3,"besuguero, ra",,,
0zv8IHo,aforística,RELATED_RESULT,0zw64az,"aforístico, ca",,,
CympOxM,desfibradora,RELATED_RESULT,CykO1pk,"desfibrador, ra",,,
BRN0Op6,cualesquiera,RELATED_RESULT,BRgGL9X,cualquiera,,,
5inKdWc,bocarriba,RELATED_RESULT,5i6aRwS | 5i6aRwS#BXnPDGh,boca | boca,,,
10vYB65,africana,RELATED_RESULT,11CPySQ,"africano, na",,,
6g6zK0F,caladora,RELATED_RESULT,6g6gB8L,"calador, ra",,,
BcyZpTW,culera,RELATED_RESULT,Bcyaqa1,"culero, ra",,,
BUAYd5V,cuaterna,RELATED_RESULT,BUFKOWN,"cuaterno, na",,,
6EOCOdZ,buenamoza,RELATED_RESULT,PyIxduT,"mozo<sup>2</sup>, za",,,
4Lz9hWl,atunera,RELATED_RESULT,4LzMp0r,"atunero, ra",,,
416Tos5,asistenta,RELATED_RESULT,416WFrl,"asistente, ta",,,
B6tzyam,costelación,RELATED_RESULT,ARGXWtp,constelación,,,
AxRYNDK,corredera,RELATED_RESULT,AxTNxlr,"corredero, ra",,,
7RKKaG2,caraú,RELATED_RESULT,7RHIZD1,caráu,,,
BRnREbE,cuan,RELATED_RESULT,BSKWl78,"cuanto<sup>2</sup>, ta",,,
BojwcK0,dactiloscopía,RELATED_RESULT,BohoN9V,dactiloscopia,,,
5N5cx1g,beréber,RELATED_RESULT,5N5D7sT,bereber,,,
6ICIiCZ,buñuelera,RELATED_RESULT,6IDKIsn,"buñuelero, ra",,,
387ROkb,apena,RELATED_RESULT,38BNs6H | 38A2Ydc,apenas | apenar,,,
DxwDzr3,disquera,RELATED_RESULT,DxxYb5C,"disquero, ra",,,
8QlbyBY,cevichería,RELATED_RESULT,84lHnPx,cebichería,,,
6JqkZJr,burra,RELATED_RESULT,6K7oz2e,"burro, rra",,,
6lQVPFD,calduda,RELATED_RESULT,6lQXbDK,"caldudo, da",,,
4tffRcZ,balística,RELATED_RESULT,4thgA3O,"balístico, ca",,,
9aCqkRX,cochinera,RELATED_RESULT,9aEYTJJ,"cochinero, ra",,,
65fV8MZ,briaga,RELATED_RESULT,65ik8iL,"briago, ga",,,
BRfxGm8,cualquier,RELATED_RESULT,BRgGL9X,cualquiera,,,
5Fv1PVY,bearnesa,RELATED_RESULT,5FsaCdB,"bearnés, sa",,,
B1U1gJk,cortafuego,RELATED_RESULT,B1UQ2AJ,cortafuegos,,,
6j7pMOl,calcedonia,RELATED_RESULT,6jARdiv,"calcedonio, nia",,,
0ctDr83,actriz,RELATED_RESULT,0coHE08,"actor<sup>1</sup>, triz",,,
6G5gSYo,buitrera,RELATED_RESULT,6G6g5Ay,"buitrero, ra",,,
BpYqdu9,daiquirí,RELATED_RESULT,BpXB5Kx,daiquiri,,,
6TJDItk,cabruna,RELATED_RESULT,6TJdlWt,"cabruno, na",,,
7ih6yza,carroña,RELATED_RESULT,7ioZmg3 | 7ihgqK1,"carroño, ña | carroñar",,,
1aiycot,alcahueta,RELATED_RESULT,1anBlmj,"alcahuete, ta",,,
7qbj9Ay,castellana,RELATED_RESULT,7qluXx1,"castellano, na",,,
1Pe7pgO,alá,RELATED_RESULT,JyPVwLw,hala,,,
9exU2ai,cogecha,RELATED_RESULT,9f2Dfid,"cogecho, cha",,,
6EBVPYJ,búe,RELATED_RESULT,6EAJ5UA,bue,,,
7A8wRJg,canónica,RELATED_RESULT,7ADZ8tX,"canónico, ca",,,
A6ajSDc,concejala,RELATED_RESULT,A6ZJrU7,"concejal, la",,,
7673yC1,cándida,RELATED_RESULT,76UgiU7,"cándido, da",,,
3UxKkhT,arenisca,RELATED_RESULT,3UxN1QC,"arenisco, ca",,,
1B3LjjP,agroquímica,RELATED_RESULT,1B3iGw3,"agroquímico, ca",,,
0xoMXgS,afiladora,RELATED_RESULT,0xnuGsd,"afilador, ra",,,
AvUd0GW,coronaria,RELATED_RESULT,AvXq6BX,"coronario, ria",,,
C3GzJnv,deflectora,RELATED_RESULT,C3GYF2m,"deflector, ra",,,
9GXviJr,cinética,RELATED_RESULT,9GYNxuf,"cinético, ca",,,
0ycFGaM,afirmativa,RELATED_RESULT,0yddLan,"afirmativo, va",,,
4tygqH8,ballenera,RELATED_RESULT,4tzqkGu,"ballenero, ra",,,
Ak1C85A,copec,RELATED_RESULT,MiA2gMl,kopek,,,
8qX4wwF,chiquigüite,RELATED_RESULT,8qXx0Ht,chiquihuite,,,
5H3vsS2,be-bop,RELATED_RESULT,5H3Zt32,<i>bebop</i>,,,
0uqgbVo,aerostática,RELATED_RESULT,0uucvc7,"aerostático, ca",,,
7MZcabM,capuchina,RELATED_RESULT,7MZxrWC,"capuchino, na",,,
AcB6Jho,contrargumentar,RELATED_RESULT,AWP2jAR,contraargumentar,,,
7GgArbP,cañiza,RELATED_RESULT,7GhGij5,"cañizo, za",,,
7G0V3qB,cañera,RELATED_RESULT,7G8q4Ch,"cañero<sup>2</sup>, ra",,,
9f4e9kF,cogedera,RELATED_RESULT,9f6nKJH,"cogedero, ra",,,
7CXfjMI,cántiga,RELATED_RESULT,7CWEXBW,cantiga,,,
B0BLYCy,corroncha,RELATED_RESULT,B0D49Sg,"corroncho, cha",,,
6bDx50y,caduca,RELATED_RESULT,6bLxpQM | 6bFWOCG,"caduco, ca | caducar",,,
17NNAA1,agracera,RELATED_RESULT,17OAw4D,"agracero, ra",,,
6tk5ZuP,camándulas,RELATED_RESULT,6thxXNe,camándula,,,
Dij9xaZ,dietética,RELATED_RESULT,DilIMgo,"dietético, ca",,,
6p9TI6i,caliza,RELATED_RESULT,6pArVhO,"calizo, za",,,
AhaYHjp,convocatoria,RELATED_RESULT,AhcOXeC,"convocatorio, ria",,,
DisVruc,diezma,RELATED_RESULT,DjBKim5 | DitQLZk,"diezmo, ma | diezmar",,,
6I1JM3Z,búmeran,RELATED_RESULT,6I1lgBT,bumerán,,,
16BkUFm,agógica,RELATED_RESULT,16JQ2l7,"agógico, ca",,,
8v3lf0W,chivata,RELATED_RESULT,8vCCfrp,"chivato, ta",,,
411V9qv,-asis,RELATED_RESULT,Y1ULCxP,-sis,,,
2iq6Gbx,annamita,RELATED_RESULT,2Vz8Ndr,anamita,,,
2VoKg5m,analítica,RELATED_RESULT,2VoZJgn,"analítico, ca",,,
AimuwiA,coordenada,RELATED_RESULT,AinMQRZ,"coordenado, da",,,
44WBVCI,asquenazí,RELATED_RESULT,41GB6JM,askenazí,,,
6o5pbzq,california,RELATED_RESULT,6oCO7Gs,"californio<sup>1</sup>, nia",,,
2gIELlE,anhidrido,RELATED_RESULT,2gIFJDx,anhídrido,,,
7L6ybzy,capnomancía,RELATED_RESULT,7L6ovBf,capnomancia,,,
2U8l9cP,anacardina,RELATED_RESULT,2U8zTpo,"anacardino, na",,,
EEq4f2o,dueña,RELATED_RESULT,EEsL9LT,"dueño, ña",,,
78155oN,cangagua,RELATED_RESULT,785OcAo,cangahua,,,
2eKnwDU,anglística,RELATED_RESULT,2eMCzHm,"anglístico, ca",,,
2TRlsTw,an-,RELATED_RESULT,006hGa6,a-<sup>2</sup>,,,
6bc0gYY,cafetera,RELATED_RESULT,6bdGFJA,"cafetero, ra",,,
5GXPgZO,bebedera,RELATED_RESULT,5GY3AtL,"bebedero, ra",,,
AcCmhh2,contrargumento,RELATED_RESULT,AWPTLPw | AWP2jAR,contraargumento | contraargumentar,,,
75OcN9t,candangas,RELATED_RESULT,75LK5Zv,candanga,,,
5YBnKmy,biodinámica,RELATED_RESULT,5YC0mSN,"biodinámico, ca",,,
942ytj8,chupa-chup,RELATED_RESULT,94925Lg,chupachups,,,
5LFAj0t,bencinera,RELATED_RESULT,5LJtHsR,"bencinero, ra",,,
6CoH6Gb,búcare,RELATED_RESULT,6Cn3RXS,bucare,,,
BVyiHCm,cúbica,RELATED_RESULT,BW3fPiX,"cúbico, ca",,,
6sJ19bp,calva,RELATED_RESULT,6sZxbij | 6sKPVyZ,"calvo, va | calvar",,,
1Om3Ezw,ajorro,RELATED_RESULT,MXT39Ri | 1Oi0QI8 | MXT39Ri#2GTnCfF,jorro | ajorrar | jorro,,,
8x1itAO,chocolatera,RELATED_RESULT,8x69Qy3,"chocolatero, ra",,,
BlnavR5,curva,RELATED_RESULT,Blx6XNT | BloNJ38,"curvo, va | curvar",,,
7CpS8oL,cantinera,RELATED_RESULT,7Cpn3pd,"cantinero, ra",,,
8W8okFf,chamicera,RELATED_RESULT,8WA2lGq,"chamicero, ra",,,
BkRqJJC,currutaca,RELATED_RESULT,BkSqHj3,"currutaco, ca",,,
B1hYxB4,cortapapel,RELATED_RESULT,B1hspnw,cortapapeles,,,
3Esaliv,apolonida,RELATED_RESULT,3EtEzRl,apolónida,,,
1fivPao,alderredor,RELATED_RESULT,CIY0TGI | CIY0TGI#1QzuHsq,derredor | derredor,,,
6NyKCwi,caballera,RELATED_RESULT,6OGpVP7,"caballero, ra",,,
0B3d5sT,abrigada,RELATED_RESULT,0B5Nz9K | 0B7O2Zd,"abrigado, da | abrigar",,,
CAdTEhm,demoscopía,RELATED_RESULT,CAd1KFY,demoscopia,,,
0ccrWQf,activa,RELATED_RESULT,0clfXYb | 0cgpL3L,"activo, va | activar",,,
BifTKWc,curativa,RELATED_RESULT,BijP3Q0,"curativo, va",,,
BWnmiPN,cubrecamas,RELATED_RESULT,BWmgAqQ,cubrecama,,,
4z27tUl,bañera,RELATED_RESULT,4z2q42m,"bañero, ra",,,
2wqz046,antitraspirante,RELATED_RESULT,2wqm24u,antitranspirante,,,
8RBGenh,chacarera,RELATED_RESULT,8RCOYmZ,"chacarero, ra",,,
5R7VT7A,bezar,RELATED_RESULT,5R37SBE,bezaar,,,
ADd6jnU,conejuna,RELATED_RESULT,ADf7k9o,"conejuno, na",,,
1oNT36b,algún,RELATED_RESULT,1oOa9Jk,"alguno, na",,,
6u3QplN,camarera,RELATED_RESULT,6uEvTHn,"camarero, ra",,,
EBiAjUr,dramática,RELATED_RESULT,EBl3HO2,"dramático, ca",,,
DCp4xqx,desmotadora,RELATED_RESULT,DCo2pcH,"desmotador, ra",,,
9P3x2Wm,clara,RELATED_RESULT,9PhBhLd,"claro, ra",,,
93m2c2d,chunga,RELATED_RESULT,93nYccp,"chungo, ga",,,
7jM21MO,carst,RELATED_RESULT,Mg91Hf8,karst,,,
BWgncK5,cubrecabezas,RELATED_RESULT,BWfL1Dg,cubrecabeza,,,
ADNk6XP,coneja,RELATED_RESULT,ADak4g1,"conejo, ja",,,
6T0lbAk,cabrita,RELATED_RESULT,6T606b7,"cabrito, ta",,,
DeVmnYG,dialéctica,RELATED_RESULT,DeWShVH,"dialéctico, ca",,,
7oByWZN,casera,RELATED_RESULT,7oNbEls,"casero, ra",,,
DiMRh9x,diesi,RELATED_RESULT,DiMhzOO,diesis,,,
46SgWle,"-astrón, na",RELATED_RESULT,46kfNvM,"astrónomo, ma",,,
6OE6Ftk,caballeriza,RELATED_RESULT,6OF33GD,"caballerizo, za",,,
0ubbq5X,aeronáutica,RELATED_RESULT,0ubm1K5,"aeronáutico, ca",,,
5YjLfmg,bioinformática,RELATED_RESULT,5YkjPtZ,"bioinformático, ca",,,
406ILth,asimétrica,RELATED_RESULT,406k0fU,"asimétrico, ca",,,
1o252mY,alguacila,RELATED_RESULT,1ny83D5,"alguacil, la",,,
2bbUVYj,anemona,RELATED_RESULT,2bfwujO,anémona,,,
7g61wVr,carrasposa,RELATED_RESULT,7gAKR8h,"carrasposo, sa",,,
1gTIdTP,alectomancía,RELATED_RESULT,1gRivXz,alectomancia,,,
3UdKnnj,areíto,RELATED_RESULT,3UdGuUV,areito,,,
6jkCh8Q,calchona,RELATED_RESULT,6jjpPAp,"calchón, na",,,
1hfBEGl,alelí,RELATED_RESULT,1otQrfV,alhelí,,,
4vafaRL,bámbara,RELATED_RESULT,4vaeRMK,bambara,,,
77SZsTD,canelada,RELATED_RESULT,77WcDhh,"canelado, da",,,
5IH0QvJ,beguina,RELATED_RESULT,5IIXXiC,"beguino, na",,,
1nciN5y,algodonosa,RELATED_RESULT,1ndmyFm,"algodonoso, sa",,,
5IRbmEw,beisbol,RELATED_RESULT,5ITUgvf,béisbol,,,
1M4SbWm,ajamonada,RELATED_RESULT,1M4cARv | 1M4im8c,"ajamonado, da | ajamonarse",,,
Akis7FI,copetona,RELATED_RESULT,AkdBnGS | AkfBhdB,"copetón<sup>1</sup>, na | copetón<sup>2</sup>, na",,,
7DS08Dv,cantonera,RELATED_RESULT,7DUi0xw,"cantonero, ra",,,
45Zlbwf,-astra,RELATED_RESULT,469POuD,"-astro, tra",,,
6ecuDJF,cajonera,RELATED_RESULT,6eeKhO1,"cajonero, ra",,,
3yCWYes,aserradora,RELATED_RESULT,3yBCtQO,"aserrador, ra",,,
6KqUz9P,buscabullas,RELATED_RESULT,6KlSkPr,buscabulla,,,
1Lt96si,-aja,RELATED_RESULT,1Nu2z6d,"-ajo, ja",,,
3UT4ta2,-areda,RELATED_RESULT,ENv5qJU,"-edo, da",,,
08IftT5,abonadora,RELATED_RESULT,08IZq5z,"abonador, ra",,,
8PSr2Rd,cesárea,RELATED_RESULT,8PVCFEt,"cesáreo, a",,,
BdTUpob,culinaria,RELATED_RESULT,BdUqRdI,"culinario, ria",,,
74klTGW,cancina,RELATED_RESULT,74kEN6h,"cancín, na",,,
45mqEge,astrakán,RELATED_RESULT,45gGl6Z,astracán,,,
7SFAST5,carbonera,RELATED_RESULT,7SL3EV6,"carbonero, ra",,,
BWt0rcz,cubreobjeto,RELATED_RESULT,BWv05VW,cubreobjetos,,,
12KiSIg,aga,RELATED_RESULT,12LDRlJ,agá,,,
73luDzY,canceladora,RELATED_RESULT,73l2Wsw,"cancelador, ra",,,
0uxL76E,aeróstato,RELATED_RESULT,0uvYnTX,aerostato,,,
Dr0EbgN,directiva,RELATED_RESULT,Dr0oRwT,"directivo, va",,,
6YCTngC,cachonda,RELATED_RESULT,6YMKxqN,"cachondo, da",,,
51RHZZX,baraúnda,RELATED_RESULT,50I0glY,barahúnda,,,
AJsF2l2,congrua,RELATED_RESULT,AK476c6,"congruo, grua",,,
05MCrQK,abierta,RELATED_RESULT,05NHYpw | 0BIq0lQ,"abierto, ta | abrir",,,
72ztZtL,canastera,RELATED_RESULT,730Tmto,"canastero, ra",,,
3aPm9R1,armadora,RELATED_RESULT,3aKWEfi,"armador, ra",,,
2wYmOyv,antístrofa,RELATED_RESULT,2wXzVwL,antistrofa,,,
8zCQC1d,choricera,RELATED_RESULT,8zJmuOl | 8zPcjNG,"choricero<sup>1</sup>, ra | choricero<sup>2</sup>, ra",,,
7qCjI5N,castaña,RELATED_RESULT,7qVigfP,"castaño, ña",,,
6e4QhnE,cajera,RELATED_RESULT,6eFNou5,"cajero, ra",,,
9M8wCXn,cistoscopía,RELATED_RESULT,9M7x0Xs,cistoscopia,,,
71vKMUT,"canáceo, a",RELATED_RESULT,79uddV9,"cannáceo, a",,,
6OdrTuQ,cabañera,RELATED_RESULT,6Oq2pTU,"cabañero, ra",,,
41RlV0z,asna,RELATED_RESULT,41mQdfw,"asno, na",,,
6cSC5PW,caganido,RELATED_RESULT,6cULixs,caganidos,,,
70OdnwF,campera,RELATED_RESULT,70XA0mY,"campero, ra",,,
0ryHaU5,-adura,RELATED_RESULT,EHGi0dJ,-dura,,,
36BVZHD,aparthotel,RELATED_RESULT,36FNo5r,apartotel,,,
6zyeRsF,campechana,RELATED_RESULT,707UlUd,"campechano, na",,,
7lPplNw,cartuja,RELATED_RESULT,7lQq9MT,"cartujo, ja",,,
1oQY99V,alhacena,RELATED_RESULT,1QWx7Tw,alacena,,,
6dG5xw6,caí,RELATED_RESULT,82F7jd1 | 6bQOL4n,cay | caer,,,
46bhajo,astronáutica,RELATED_RESULT,46dyNea,"astronáutico, ca",,,
6LoJHM9,bustrofedón,RELATED_RESULT,6LnTpii,bustrófedon,,,
6xvn5QH,caminí,RELATED_RESULT,6N1ceJ0,caaminí,,,
DhMugFo,didáctica,RELATED_RESULT,DhRTzsG,"didáctico, ca",,,
6chWtak,cagatinta,RELATED_RESULT,6cjANWQ,cagatintas,,,
481XZob,-ata,RELATED_RESULT,4GZKKGk,"-ato<sup>1</sup>, ta",,,
9G2HId2,cinegética,RELATED_RESULT,9G2TkF7,"cinegético, ca",,,
6ukAnk3,camaronera,RELATED_RESULT,6ukc385,"camaronero, ra",,,
3YOm1pz,-aria,RELATED_RESULT,3YvWLaw,"-ario, ria",,,
7KQuZsP,capitana,RELATED_RESULT,7KQWsGX,"capitán, na",,,
BRpCzFC,cuán,RELATED_RESULT,BSMOJmo,"cuánto, ta",,,
5KfFKaZ,bemba,RELATED_RESULT,5KufU4R,"bembo, ba",,,
BfLqLmJ,cumba,RELATED_RESULT,BfQWMpk,"cumbo, ba",,,
6EZ15Wp,buenmozo,RELATED_RESULT,PyIxduT | PyIxduT#51vdLgh,"mozo<sup>2</sup>, za | mozo<sup>2</sup>, za",,,
8QNNVMi,"-cete, ta",RELATED_RESULT,XjmcBhM,setenta,,,
DEKdXai,deso,RELATED_RESULT,Cndk8US,"dese, sa",,,
B1zmWYA,cortaviento,RELATED_RESULT,B20ThW6,cortavientos,,,
7DXKGly,cantora,RELATED_RESULT,7DVvxzc,"cantor, ra",,,
8OZmHzx,certificatoria,RELATED_RESULT,8OanFNj,"certificatorio, ria",,,
1ODlufO,-ajón,RELATED_RESULT,R3Ff5cR,"-ón<sup>1</sup>, na",,,
Ae8T7qw,contrayerba,RELATED_RESULT,AZJT1s6,contrahierba,,,
2Xiwer9,-ancia,RELATED_RESULT,QJb1Ewu,-ncia,,,
16UTRox,agonística,RELATED_RESULT,16VyPbK,"agonístico, ca",,,
3bdHChy,armoníaco,RELATED_RESULT,3bct1NA,armoniaco,,,
3J9k4Dc,apretadera,RELATED_RESULT,3J9rXg0,"apretadero, ra",,,
1hnfNB6,alemana,RELATED_RESULT,1hn1XWS,"alemán, na",,,
5HgPAQm,becqueriana,RELATED_RESULT,5Hniq3M,"becqueriano, na",,,
B5D3FTh,cosmética,RELATED_RESULT,B5F3CxO,"cosmético, ca",,,
41AeRM9,askenazi,RELATED_RESULT,41GB6JM,askenazí,,,
7LeavSL,cappa,RELATED_RESULT,Mfzhpxy,kappa,,,
6C3ZmTE,bruta,RELATED_RESULT,6CGZEfd,"bruto, ta",,,
B5WTKPc,cosmonáutica,RELATED_RESULT,B5ZATVe,"cosmonáutico, ca",,,
9YxmVij,cocedera,RELATED_RESULT,9Yyzqi3,"cocedero, ra",,,
7jpp0Nz,cártel,RELATED_RESULT,7jpYEK7,cartel<sup>2</sup>,,,
0cGWrDR,acrótera,RELATED_RESULT,0cGDTuq,acrotera,,,
BbaPSRf,cui,RELATED_RESULT,BnXwuU7,cuy,,,
5iw3TVM,bocaza,RELATED_RESULT,5iwtz2O,bocazas,,,
ASBxzXC,consubstanciarse,RELATED_RESULT,ATDdwuU,consustanciarse,,,
7l6cAWn,cartonera,RELATED_RESULT,7l9Vdh2,"cartonero, ra",,,
6ZfpqVS,cacoquimia,RELATED_RESULT,6ZlYeNN,"cacoquimio, mia",,,
BaOvTCa,cuentística,RELATED_RESULT,BaPzXUO,"cuentístico, ca",,,
AOmj0Po,consejera,RELATED_RESULT,AOnzJK2,"consejero, ra",,,
3V9YwMg,aréola,RELATED_RESULT,3V79R5n,areola,,,
0wdi1ef,afeitadora,RELATED_RESULT,0wbT4vO,"afeitador, ra",,,
5SBnMM3,bibliomancía,RELATED_RESULT,5S9rQpT,bibliomancia,,,
6d4BZnD,cahuama,RELATED_RESULT,6cyP0bz,caguama,,,
EN2bZvI,eczema,RELATED_RESULT,EJE3d7t,eccema,,,
DjAk5RD,diezmilmillonésima,RELATED_RESULT,DjAlTeV,"diezmilmillonésimo, ma",,,
6XQT0SH,cachiporrera,RELATED_RESULT,6XRwzKP,"cachiporrero, ra",,,
7UxH81g,cardíaca,RELATED_RESULT,7V3pfqt,"cardíaco, ca",,,
3vysEfT,ascética,RELATED_RESULT,3w0Of9Y,"ascético, ca",,,
BYujfdA,cuculmeca,RELATED_RESULT,BYvNeUn,"cuculmeque, ca",,,
ASB7OkO,consubstancialidad,RELATED_RESULT,ATCDYsh,consustancialidad,,,
EMopa0C,ecumene,RELATED_RESULT,EMqfWDW,ecúmene,,,
AdQnRrx,contrataque,RELATED_RESULT,AWY5fP3 | AWVad4j,contraataque | contraatacar,,,
9bpUDd4,cocoroca,RELATED_RESULT,9bqtGp7,"cocoroco, ca",,,
942C4Mo,chupachup,RELATED_RESULT,94925Lg,chupachups,,,
3Md6DX9,aquesto,RELATED_RESULT,3MckQqi,"aqueste, ta",,,
3uPK9SU,asafétida,RELATED_RESULT,3tdnEqh | 3tdnEqh#0IaRCFI,asa<sup>2</sup> | asa<sup>2</sup>,,,
1J10OIj,ahorrativa,RELATED_RESULT,1J7e80z,"ahorrativo, va",,,
8zvTY5P,chorras,RELATED_RESULT,8zu2YZ1 | 90EsPY5,"chorra | chorro<sup>2</sup>, rra",,,
3sjnVrP,artroscopía,RELATED_RESULT,3senZyT,artroscopia,,,
1Hu59n9,ahogadora,RELATED_RESULT,1HsWtmX,"ahogador, ra",,,
5PJk372,besapié,RELATED_RESULT,5PJrA6q,besapiés,,,
1j3fgvF,alevosa,RELATED_RESULT,1jDDBFH,"alevoso, sa",,,
3sJMItT,artos,RELATED_RESULT,3s9L6pn,arto,,,
1GEXyaI,aguzadora,RELATED_RESULT,1GDEAIT,"aguzador, ra",,,
0UA3ZBx,-ación,RELATED_RESULT,9I27Gyi,-ción,,,
7Jqm3CJ,capirotada,RELATED_RESULT,7JwRKul,"capirotado, da",,,
3Bnk9aC,aplanadora,RELATED_RESULT,3BmF2qv,"aplanador, ra",,,
9Ery70I,cinc,RELATED_RESULT,cRNNLet,zinc,,,
3nOEaqM,-arrón,RELATED_RESULT,R3Ff5cR,"-ón<sup>1</sup>, na",,,
1G471f3,aguzadera,RELATED_RESULT,1G4Zk3D,"aguzadero, ra",,,
AieqjIo,cooperativa,RELATED_RESULT,AigzAPz,"cooperativo, va",,,
6Ox2dNI,cabaretera,RELATED_RESULT,6Oy0Rfc,"cabaretero, ra",,,
7WqMnWP,cargada,RELATED_RESULT,7WvT83H | 7XB9iU3,"cargado, da | cargar",,,
3EZzYZ4,apologética,RELATED_RESULT,3EcrVBn,"apologético, ca",,,
3m7CzBr,arrocera,RELATED_RESULT,3mK5eTP,"arrocero, ra",,,
A6HPZHh,cóncava,RELATED_RESULT,A6LrZQV,"cóncavo, va",,,
B1t9kXz,cortapluma,RELATED_RESULT,B1tuqmV,cortaplumas,,,
7ejaEyd,carpintera,RELATED_RESULT,7erTCHV,"carpintero, ra",,,
3li1D1e,"-arro, rra",RELATED_RESULT,3m5KHbm | 3mK5eTP | 3neRAUD | 3nshKZj,"arrobero, ra | arrocero, ra | arropera | arrostrar",,,
AS91DPA,consubstanciación,RELATED_RESULT,AT9beil,consustanciación,,,
5Vqc7J7,-bilidad,RELATED_RESULT,BotFPGe,-dad,,,
4Kc0BjZ,atríaca,RELATED_RESULT,4KYsNxz,atriaca,,,
3jPItMa,arrepentida,RELATED_RESULT,3jTr3en | 3jV9izh,"arrepentido, da | arrepentirse",,,
BWdnJoE,cubreboca,RELATED_RESULT,BWdoJn4,cubrebocas,,,
78IvfcH,cangrejera,RELATED_RESULT,78KQ8E4,"cangrejero, ra",,,
2XMJWuw,-anca,RELATED_RESULT,2Y5X5Eg,"-anco, ca",,,
3fEFSmb,arrancadora,RELATED_RESULT,3fBWED5,"arrancador, ra",,,
4rPvE9s,balaústre,RELATED_RESULT,4rOCglH,balaustre,,,
79DXJoP,canillera,RELATED_RESULT,79HoBoa,"canillero, ra",,,
60sKeqS,boyera,RELATED_RESULT,60uUq3L,"boyero, ra",,,
3a7CFRY,armada,RELATED_RESULT,3aI7Hp5 | 3aoPllh,"armado<sup>1</sup>, da | armar",,,
7LZoORt,capotera,RELATED_RESULT,7LaBzbg,"capotero, ra",,,
3evVv2y,-arrajo,RELATED_RESULT,1Nu2z6d,"-ajo, ja",,,
6LI5faN,buscavida,RELATED_RESULT,6LKCbIR,buscavidas,,,
1FL4mvJ,agüizote,RELATED_RESULT,1K8Sj81,ahuizote,,,
2XRMrCg,ancha,RELATED_RESULT,2XUmTEA | 2XSD5sK,"ancho, cha | anchar",,,
3ee1Ofg,arraigada,RELATED_RESULT,3efvnhy | 3eqEdmG,"arraigado, da | arraigar",,,
AZx3efC,contralmirantazgo,RELATED_RESULT,AWILhsV,contraalmirantazgo,,,
3eWZduP,-arrada,RELATED_RESULT,0gYeQoM,-ada,,,
AERx2Xv,confesa,RELATED_RESULT,AEmbN5l,"confeso, sa",,,
EGhRAQD,dupla,RELATED_RESULT,EH90FG5,"duplo, pla",,,
AdHIc0f,contratacar,RELATED_RESULT,AWVad4j,contraatacar,,,
9H4OqJa,cinquena,RELATED_RESULT,9H5UcTI,"cinqueno, na",,,
BSqfET2,cuarta,RELATED_RESULT,BTctS7T | BSySegy,"cuarto, ta | cuartar",,,
5H3fw93,be bop,RELATED_RESULT,5H3Zt32,<i>bebop</i>,,,
AZsE5dx,contralla,RELATED_RESULT,AZx0Yqz,"contrallo, lla",,,
9Fe9QPk,cincograbado,RELATED_RESULT,cRNT41z,zincograbado,,,
3eFSnB4,arracacha,RELATED_RESULT,3eI9m2J,"arracacho, cha",,,
BSb8dsI,cuarentena,RELATED_RESULT,BSfJqN5 | BSdmK5a,"cuarenteno, na | cuarentenar",,,
5HOYcjh,becerra,RELATED_RESULT,5HcnR2I,"becerro, rra",,,
3zHGebA,asfaltadora,RELATED_RESULT,3zH6tUp,"asfaltador, ra",,,
AxsDdFb,corregüela,RELATED_RESULT,AxxFP9h,correhuela,,,
7rS8mv2,castora,RELATED_RESULT,7rS44Ow,"castor, ra",,,
EBR9ret,dragona,RELATED_RESULT,EBQTIka,"dragón, na",,,
46EQ9Ky,astrofísica,RELATED_RESULT,46Efz67,"astrofísico, ca",,,
3bfmifA,armónica,RELATED_RESULT,3bjLhrJ,"armónico, ca",,,
5FyXtUH,beata,RELATED_RESULT,5GSbDF5,"beato, ta",,,
1Ntkz8o,ajó,RELATED_RESULT,1NtOBr1 | 1MAq8B5,ajo<sup>3</sup> | ajar<sup>2</sup>,,,
Ac9LDFj,contrargumentación,RELATED_RESULT,AWMliou,contraargumentación,,,
1lwOn0d,alfonsina,RELATED_RESULT,1lxAFhQ,"alfonsino, na",,,
B2M7oOy,cortesana,RELATED_RESULT,B2QulrS,"cortesano, na",,,
8tm4qRu,chismosa,RELATED_RESULT,8tn7bze,"chismoso, sa",,,
7WjA322,careta,RELATED_RESULT,7WkzoUN,"careto, ta",,,
BRMztn0,cualesquier,RELATED_RESULT,BRgGL9X,cualquiera,,,
50A4Bjr,baraca,RELATED_RESULT,50gvRqb,baraka,,,
B3hnZ6F,corvina,RELATED_RESULT,B3plfIL,"corvino, na",,,
7OhMinJ,característica,RELATED_RESULT,7OiMmZE,"característico, ca",,,
ADRsbKZ,conejera,RELATED_RESULT,ADT1wFE,"conejero, ra",,,
8RXKnhP,chachaguata,RELATED_RESULT,8Ra7zG7,"chachaguato, ta",,,
5ZbyVP8,biósfera,RELATED_RESULT,5ZVzlJQ,biosfera,,,
44ExbGp,aspiradora,RELATED_RESULT,44D2dGO,"aspirador, ra",,,
5WNgHLD,billetera,RELATED_RESULT,5WQMZG5,"billetero, ra",,,
7Ty6UQu,carcelera,RELATED_RESULT,7TzZt3X,"carcelero, ra",,,
7loF3Ir,carvalleda,RELATED_RESULT,7RYefka,carballeda,,,
0LU9i6U,acefalía,RELATED_RESULT,0LS4sqI,acefalia,,,
CAUKrXK,demonomancía,RELATED_RESULT,CAR6mKZ,demonomancia,,,
77RkDnj,canela,RELATED_RESULT,77edlIZ,"canelo, la",,,
6kjkEVg,calculadora,RELATED_RESULT,6kimUaQ,"calculador, ra",,,
1bRNuN0,alcaldesa,RELATED_RESULT,1bOD9ux,"alcalde, desa",,,
5SCwAWf,bibliópola,RELATED_RESULT,5SCspsD,bibliopola,,,
4GU1ZFH,atmosfera,RELATED_RESULT,4GWCizq,atmósfera,,,
5YQovsb,biofísica,RELATED_RESULT,5YQylig,"biofísico, ca",,,
65yTZ0r,bribrí,RELATED_RESULT,65wRpG6,bribri,,,
7jxRQ1g,cartelera,RELATED_RESULT,7k14q2o,"cartelero, ra",,,
5KKBfU7,bellotera,RELATED_RESULT,5KKnkwj,"bellotero, ra",,,
B3Rtr9o,corva,RELATED_RESULT,B3qNmyP | B3VcXdX,"corvo<sup>1</sup>, va | corvar",,,
12e3GSx,agachona,RELATED_RESULT,12csHtR,"agachón, na",,,
AZy9jUd,contralmirante,RELATED_RESULT,AWJSYHQ,contraalmirante,,,
9ZaZVpC,cochera,RELATED_RESULT,9Zj9q2r | 9ZlmVjB,"cochero<sup>1</sup>, ra | cochero<sup>3</sup>, ra",,,
7kujLMg,cartomancía,RELATED_RESULT,7kts0gv,cartomancia,,,
C61jM5B,delantera,RELATED_RESULT,C63FneK,"delantero, ra",,,
3ZwMhhL,arlequinada,RELATED_RESULT,3ZxMhXY,"arlequinado, da",,,
8Qju8kM,ceviche,RELATED_RESULT,84lFXkv,cebiche,,,
7I7F8Yi,capataza,RELATED_RESULT,7I6zWYS,"capataz, za",,,
9POWAGn,clarificadora,RELATED_RESULT,9PNiJ3f,"clarificador, ra",,,
6ZFxujS,cacica,RELATED_RESULT,6ZP63uo,"cacique, ca",,,
3Z5mYIH,arismética,RELATED_RESULT,3Z7XsIG,"arismético, ca",,,
0Z993Qe,acordada,RELATED_RESULT,0ZFi1ZV | 0ZKiQZ3,"acordado, da | acordar",,,
1yGWkSK,almendrada,RELATED_RESULT,1yHLlh7 | 1yKQ8Ib,"almendrado, da | almendrar",,,
69qsIls,bronquíolo,RELATED_RESULT,69od6fR,bronquiolo,,,
8VTaYAi,chamberga,RELATED_RESULT,8VTh5Vr,"chambergo, ga",,,
3Zrrqep,aritmética,RELATED_RESULT,3Zs8Q6J,"aritmético, ca",,,
7GoG5KL,cañonera,RELATED_RESULT,7GpjDSf,"cañonero, ra",,,
AYA1uFl,contradictoria,RELATED_RESULT,AYCec8T,"contradictorio, ria",,,
9TFKY6E,clínica,RELATED_RESULT,9TNmHzU,"clínico, ca",,,
79tHxYO,cannabis,RELATED_RESULT,79u6KGh,cánnabis,,,
5UWCc5S,bienvenida,RELATED_RESULT,5UZdHa0,"bienvenido, da",,,
5MSZKHS,benzina,RELATED_RESULT,5LEfEYZ,bencina,,,
AkAzZx3,copera,RELATED_RESULT,AkNTIqY,"copero, ra",,,
ASB41if,consubstancial,RELATED_RESULT,ATBfCiC,consustancial,,,
14TiIVf,agavilladora,RELATED_RESULT,14SNrAu,"agavillador, ra",,,
AcJAz9e,contrarmadura,RELATED_RESULT,AWSWheq,contraarmadura,,,
6ENQo8x,buenaboya,RELATED_RESULT,60dVT1I | 60dVT1I#DUxgOmn,boya<sup>2</sup> | boya<sup>2</sup>,,,
3587fNl,aparcera,RELATED_RESULT,35BjOKs,"aparcero, ra",,,
AKrslZX,conjuntiva,RELATED_RESULT,AKzn2yC,"conjuntivo, va",,,
79PY1l3,canina,RELATED_RESULT,79UjoUa,"canino, na",,,
5YIiPR7,bioenergética,RELATED_RESULT,5YIqZRQ,"bioenergético, ca",,,
4rF0Frq,balaustrada,RELATED_RESULT,4rIcR6z,"balaustrado, da",,,
C5EzGdz,deíxis,RELATED_RESULT,C5EQPe1,deixis,,,
5oIVPjx,bollera,RELATED_RESULT,5oJdmcb,"bollero, ra",,,
5WTDlKt,billonésima,RELATED_RESULT,5WTSTEO,"billonésimo, ma",,,
6LSTZlw,buscona,RELATED_RESULT,6LMRV3G,"buscón, na",,,
1NUNCcl,ajigolón,RELATED_RESULT,154rOxg,agigolón,,,
AkjOcDz,copetuda,RELATED_RESULT,AkmUlz0,"copetudo, da",,,
9cJslxm,coctel,RELATED_RESULT,9cKSoLa,cóctel,,,
60sVdoj,boyeriza,RELATED_RESULT,60uTUWh,"boyerizo, za",,,
6bxy7pl,cagaceite,RELATED_RESULT,6bxccWi,cagaaceite,,,
30StUmq,-aña,RELATED_RESULT,31bMxWH,"-año, ña",,,
AqoGEWi,corderina,RELATED_RESULT,Aqp6QZ1,"corderino, na",,,
B4OZOuV,coscolina,RELATED_RESULT,B4TABcF,"coscolino, na",,,
9cN6630,cocui,RELATED_RESULT,9cQWeDt,cocuy,,,
AqEpwIQ,cordada,RELATED_RESULT,AqMrQQ4,"cordado, da",,,
7hWN9LG,carrik,RELATED_RESULT,7hQkIE0,carric,,,
ApLy77s,corchera,RELATED_RESULT,ApNscKg,"corchero, ra",,,
AKBBqVF,cónica,RELATED_RESULT,AKCz3Eq,"cónico, ca",,,
7BfEuXq,cantarera,RELATED_RESULT,7BjGgWF,"cantarero, ra",,,
3Xu4kOT,argüendera,RELATED_RESULT,3XuLYgn,"argüendero, ra",,,
8TP1BIU,cháguar,RELATED_RESULT,8Tf7ReC,chahuar,,,
Ao5TZz1,coralina,RELATED_RESULT,Ao7AuTK,"coralino, na",,,
0LG0QAi,acedia,RELATED_RESULT,0LK0RuN,acedía<sup>1</sup>,,,
DiwvRQN,diezmilésima,RELATED_RESULT,DixzFqD,"diezmilésimo, ma",,,
AkonRlu,copiadora,RELATED_RESULT,Aknve2u,"copiador, ra",,,
9FqsWtt,cincuentena,RELATED_RESULT,9Fri3gk,"cincuenteno, na",,,
69WNMlj,broncoscopía,RELATED_RESULT,69WHkmU,broncoscopia,,,
9GTAC27,cineraria,RELATED_RESULT,9GTIkBR,"cinerario, ria",,,
8rfnk8j,chiringa,RELATED_RESULT,8rgFU4D,"chiringo, ga",,,
5NbuFeg,berlinesa,RELATED_RESULT,5NZqhCs,"berlinés, sa",,,
AG6mJoy,confitera,RELATED_RESULT,AG9YQm3,"confitero, ra",,,
5YQWij3,bioética,RELATED_RESULT,5YQconJ,"bioético, ca",,,
13Nyz9t,agaragar,RELATED_RESULT,13OjsEi,agar-agar,,,
AUi33om,contenta,RELATED_RESULT,AUokAR9 | AUkqQQA,"contento, ta | contentar<sup>1</sup>",,,
6SXUD6M,cabreriza,RELATED_RESULT,6SXto86,"cabrerizo, za",,,
1c4vIcv,alcanforada,RELATED_RESULT,1c56VIR | 1c9F5cV,"alcanforado, da | alcanforar",,,
6gmS6bf,calahuala,RELATED_RESULT,6ganN0i,calaguala,,,
BUqjEUC,cuatrillonésima,RELATED_RESULT,BUuFtJM,"cuatrillonésimo, ma",,,
7slWgU7,casuística,RELATED_RESULT,7slesSB,"casuístico, ca",,,
9GADU2b,cinemática,RELATED_RESULT,9GCh2qU,"cinemático, ca",,,
ASX1cg2,consulesa,RELATED_RESULT,ASRqmKc,"cónsul, lesa",,,
Awi7iOc,corralera,RELATED_RESULT,Awj4HDH,"corralero, ra",,,
6Llq14i,bustrofedon,RELATED_RESULT,6LnTpii,bustrófedon,,,
5yVMJin,botasillas,RELATED_RESULT,5yShPv0,botasilla,,,
3X7nqyn,argentina,RELATED_RESULT,3XARJD9 | 3XC9wdg,"argentino<sup>1</sup>, na | argentino<sup>2</sup>, na",,,
6exEP1E,calabacera,RELATED_RESULT,6exnNgG,"calabacero, ra",,,
45s6f5P,-astre,RELATED_RESULT,469POuD,"-astro, tra",,,
5yN4Cux,botaratas,RELATED_RESULT,5yHuTgQ,botarata,,,
9Jln6k2,circum-,RELATED_RESULT,9JsgvCi,circun-,,,
Axmt7vJ,corregidora,RELATED_RESULT,AxmblMr,"corregidor, ra",,,
7lobLV2,carvallo,RELATED_RESULT,7RcNGDd,carballo,,,
5MybvVp,bérberos,RELATED_RESULT,5MxBOIQ,bérbero,,,
1JWo8jM,ahuautle,RELATED_RESULT,1DwSkNX,aguautle,,,
5yDfPJa,botánica,RELATED_RESULT,5yEBpyu,"botánico, ca",,,
AjIaiHP,copada,RELATED_RESULT,AjMgS0I | AjgdLCO,"copado, da | copar",,,
17qbmUj,agrafía,RELATED_RESULT,17pEPY5,agrafia,,,
8xKsmql,chófer,RELATED_RESULT,8xKnYMc,chofer,,,
5vHgpyd,borracha,RELATED_RESULT,5vUhcNU,"borracho, cha",,,
4ejje40,azimutal,RELATED_RESULT,0U1VOjx,acimutal,,,
BFonViQ,criada,RELATED_RESULT,BFq6HFr | BFyuWxK,"criado, da | criar",,,
5typqqf,bordelesa,RELATED_RESULT,5txfkSH,"bordelés, sa",,,
4hEvZey,azufrera,RELATED_RESULT,4hFAI2Z,"azufrero, ra",,,
DWHfKac,desubstanciar,RELATED_RESULT,DWreoHN,desustanciar,,,
5tZOZ1S,borcelana,RELATED_RESULT,5tZsySt,"borcelano, na",,,
1e2myMH,alcoholera,RELATED_RESULT,1e69ruP,"alcoholero, ra",,,
5szYMzh,boratera,RELATED_RESULT,5t1JwOm,"boratero, ra",,,
5odZZam,boloñesa,RELATED_RESULT,5ocp8pw,"boloñés, sa",,,
0M0ZnQA,aceitunera,RELATED_RESULT,0M2c1cN,"aceitunero, ra",,,
DmDKAjI,dilatoria,RELATED_RESULT,DmIu598,"dilatorio, ria",,,
4kU7Nfn,baciloscopía,RELATED_RESULT,4kU7Nfh,baciloscopia,,,
DZ33A5P,desyerba,RELATED_RESULT,D3zJ0Pc | D42gTlf,deshierba | deshierbar,,,
3TGhZfI,arcoíris,RELATED_RESULT,3TE56ZB | 3TE56ZB#4Kix0xA,arco | arco,,,
9iLjYYH,cojinoba,RELATED_RESULT,9iOPKkM,cojinova,,,
5rR8lVs,bonitera,RELATED_RESULT,5rRmlsM,"bonitero, ra",,,
4XVhF4b,avellanera,RELATED_RESULT,4XWyzNa,"avellanero, ra",,,
BQo4RLC,cuajada,RELATED_RESULT,BQuzO10 | BR8U8nb,"cuajado, da | cuajar<sup>2</sup>",,,
4eiKaWU,ázigos,RELATED_RESULT,0Tq2v8U,ácigos,,,
5ZNaOIk,bioquímica,RELATED_RESULT,5ZQzBUP,"bioquímico, ca",,,
DVPlRgn,destrozona,RELATED_RESULT,DVPBbGr,"destrozón, na",,,
2jBQGLN,anófeles,RELATED_RESULT,2j9BANo,anofeles,,,
4QfoIPr,auténtica,RELATED_RESULT,4QjqWMu,"auténtico, ca",,,
9BBgloQ,cienmilmillonésima,RELATED_RESULT,9BBwg3E,"cienmilmillonésimo, ma",,,
4TMrILg,automática,RELATED_RESULT,4TO3M08,"automático, ca",,,
8iVx51p,chicharrera,RELATED_RESULT,8iXC9Qh | 8iXx15a,"chicharrero<sup>1</sup>, ra | chicharrero<sup>2</sup>, ra",,,
8MwgIXu,cerradera,RELATED_RESULT,8MyMkFc,"cerradero, ra",,,
80ZZr6Q,cáustica,RELATED_RESULT,80dUZXa,"cáustico, ca",,,
0lVnVLV,adjetiva,RELATED_RESULT,0ldVsDG | 0lcgW1F,"adjetivo, va | adjetivar",,,
BLGRj8C,cromósfera,RELATED_RESULT,BLFj0yb,cromosfera,,,
03oHciI,abatí,RELATED_RESULT,4X6XN6d | 03pLvZ5,avatí | abatir,,,
9wGaKvc,comilona,RELATED_RESULT,9wDCWz0,"comilón, na",,,
9i5QS85,coja,RELATED_RESULT,9iWOwZN | 9fC4QbW,"cojo, ja | coger",,,
8MVpGyn,ceromancía,RELATED_RESULT,8MUyhkm,ceromancia,,,
1QuKVzu,alada,RELATED_RESULT,1R6QGZi,"alado, da",,,
98XWFnQ,cibernética,RELATED_RESULT,98YYoXW,"cibernético, ca",,,
8pDAovw,chingada,RELATED_RESULT,8pIiAXM | 8pLhBqB,"chingado, da | chingar",,,
8LSHLxk,cerillera,RELATED_RESULT,8LTl2iB,"cerillero, ra",,,
8IsTNCt,ceraunomancía,RELATED_RESULT,8IrXZw5,ceraunomancia,,,
2W5o13H,ananá,RELATED_RESULT,2W7yB0E,ananás,,,
4dEmlvR,azafata,RELATED_RESULT,4dH40TO,"azafato, ta",,,
0n4XdpP,adnata,RELATED_RESULT,0n4ZPAN,"adnato, ta",,,
8IeD0Z6,cerastes,RELATED_RESULT,8Idc0BP,ceraste,,,
8Ial6cH,cerastas,RELATED_RESULT,8IVx69R,cerasta,,,
3MZX30e,aqueso,RELATED_RESULT,3MYlU6E,"aquese, sa",,,
8WGaQNq,chamorra,RELATED_RESULT,8WQLTZ5,"chamorro, rra",,,
1T0nbAc,alárgama,RELATED_RESULT,1opsyJp,alhárgama,,,
8IHnN72,cerámica,RELATED_RESULT,8IIZkeY,"cerámico, ca",,,
7yOBG6W,catóptrica,RELATED_RESULT,7yQMj31,"catóptrico, ca",,,
0iFhffk,adefesios,RELATED_RESULT,0iHaWn2 | 0iCaBVU,ad efesios | adefesio,,,
3wGcnoF,"-asco, ca",RELATED_RESULT,3wMJWgR | 3wOMn3j,"ascoroso, sa | ascoso, sa",,,
E8fYaTj,doñanadie,RELATED_RESULT,E7fKGDe | E7fKGDe#H4oPFsr,"don<sup>2</sup>, doña | don<sup>2</sup>, doña",,,
7yUfCyi,catoptromancía,RELATED_RESULT,7yToBcp,catoptromancia,,,
4WbdXIG,avanzada,RELATED_RESULT,4WjlsYm | 4Wkx0yy,"avanzado, da | avanzar",,,
BE7O9C6,crematística,RELATED_RESULT,BE7QPt4,"crematístico, ca",,,
CGfhSUV,-dera,RELATED_RESULT,CHlF9KT,"-dero, ra",,,
8eRwE4w,chasís,RELATED_RESULT,8eQZEGb,chasis,,,
8GRBnvM,centríolo,RELATED_RESULT,8GPEikz,centriolo,,,
2KF3Dlk,americanística,RELATED_RESULT,2KGtK1O,"americanístico, ca",,,
BXF2Y4Q,cucarachera,RELATED_RESULT,BXFOubp,"cucarachero, ra",,,
BIp6hBd,cristalera,RELATED_RESULT,BIuS42t,"cristalero, ra",,,
CHFMUQD,derivada,RELATED_RESULT,CHGoR0x | CHIraKK,"derivado, da | derivar",,,
9mBgtp8,cólica,RELATED_RESULT,9mExhgB,"cólico, ca",,,
A4iJzDS,computadora,RELATED_RESULT,A4hIGQC,"computador, ra",,,
BBnXQgC,cracoviana,RELATED_RESULT,BBpjEYs,"cracoviano, na",,,
94ZiKhe,chupamedia,RELATED_RESULT,94dDCZo,chupamedias,,,
BHNm9of,criolla,RELATED_RESULT,BHW6idE,"criollo, lla",,,
0KDGVKG,accesoria,RELATED_RESULT,0KIzcoq,"accesorio, ria",,,
8pCf5Ya,chinga,RELATED_RESULT,8pQdKN3 | 8pLhBqB,"chingo, ga | chingar",,,
BREmsGq,cuakerismo,RELATED_RESULT,BSTPJLJ,cuaquerismo,,,
BCCK7a7,craneoscopía,RELATED_RESULT,BCAnwBk,craneoscopia,,,
8gxg35A,chen chen,RELATED_RESULT,8gxiA0R,chenchén,,,
DZ4g5NQ,desyerbar,RELATED_RESULT,D42gTlf,deshierbar,,,
2K4DV1i,-amento,RELATED_RESULT,OxGaTig,-mento,,,
Do6iuhc,dínamo,RELATED_RESULT,Do2XfCe,dinamo,,,
CZ0hS1l,desborradora,RELATED_RESULT,CZ08IRV,"desborrador, ra",,,
0gTAXCX,acústica,RELATED_RESULT,0gTxC5k,"acústico, ca",,,
BFsaMEq,criadora,RELATED_RESULT,BFrLYWg,"criador, ra",,,
E7VW39A,domótica,RELATED_RESULT,E7W0v9b,"domótico, ca",,,
9C21y33,cigarrera,RELATED_RESULT,9C4q3iL,"cigarrero, ra",,,
1aRbHxK,alcachofera,RELATED_RESULT,1aUqBjM,"alcachofero, ra",,,
8lFwLap,chilena,RELATED_RESULT,8lIsp6j,"chileno, na",,,
BCkFIU7,cratera,RELATED_RESULT,BCkeY3y,crátera,,,
8euKhC4,chata,RELATED_RESULT,8fDs7GF,"chato, ta",,,
95Y6rzN,chupona,RELATED_RESULT,95Xorxi,"chupón, na",,,
9sETzSY,com-,RELATED_RESULT,A5htdjr,con-,,,
2HOl4vv,ambarina,RELATED_RESULT,2HPTepg,"ambarino, na",,,
AtdOGdo,córnea,RELATED_RESULT,Atr6nxE | AtuL0E4,"córneo<sup>1</sup>, a | córneo<sup>2</sup>, a",,,
037e7SP,abarrisco,RELATED_RESULT,590yHEH | 590yHEH#DOnRwn8,barrisco | barrisco,,,
BHpNZ2j,criptón,RELATED_RESULT,MiHbMGf,kriptón,,,
9hq61n5,coiné,RELATED_RESULT,Mi9J3sc,koiné,,,
0SBXoGb,-achón,RELATED_RESULT,R3Ff5cR,"-ón<sup>1</sup>, na",,,
8GF4bWA,centrifugadora,RELATED_RESULT,8GEzyUK,"centrifugador, ra",,,
BAw4iCU,coxcojita,RELATED_RESULT,B4LtEQl,coscojita,,,
8F80lTX,centésima,RELATED_RESULT,8FA6bLN,"centésimo, ma",,,
4lXYG8E,baden,RELATED_RESULT,4lXrTfV,badén,,,
B6aQ7Qj,costanera,RELATED_RESULT,B6eElY5,"costanero, ra",,,
3OFFcWZ,-arada,RELATED_RESULT,0gYeQoM,-ada,,,
1zFkx9t,almizcleña,RELATED_RESULT,1zG6FIp,"almizcleño, ña",,,
8I7zs8i,-cer,RELATED_RESULT,EJWrQkt,-ecer,,,
699Ft0l,bronca,RELATED_RESULT,69LnJZx,"bronco, ca",,,
4bLPubz,axiomática,RELATED_RESULT,4bO6PH0,"axiomático, ca",,,
DzLMym9,distribuidora,RELATED_RESULT,DzJIPaW,"distribuidor, ra",,,
3MH8U50,aquelo,RELATED_RESULT,3M9i4a1,"aquele, la",,,
06VsTFX,-able,RELATED_RESULT,5gagNwr,-ble,,,
7wvGJKY,caterética,RELATED_RESULT,7wwlOgm,"caterético, ca",,,
BLfcu4k,crónlech,RELATED_RESULT,BL0Yre3,crómlech,,,
1oam3Bk,alhajú,RELATED_RESULT,1RT8Ivq,alajú,,,
1Xicsjh,albina,RELATED_RESULT,1Xm4BDi,"albino, na",,,
0CQg6do,absoluta,RELATED_RESULT,0CY07hD,"absoluto, ta",,,
8a3JM8B,chapeadora,RELATED_RESULT,8a3ANEp,"chapeador, ra",,,
2GLrQbY,amasadora,RELATED_RESULT,2GKqFLp,"amasador, ra",,,
4dc28MI,azálea,RELATED_RESULT,4dbijIl,azalea,,,
4ejZSJ5,azimut,RELATED_RESULT,0Tzdf1q,acimut,,,
4crOWjF,-aza,RELATED_RESULT,4exBytk,"-azo, za",,,
3TTn0OY,-arda,RELATED_RESULT,3U7qnfa,"-ardo, da",,,
A1MLIj1,completa,RELATED_RESULT,A1WR90r | A1S3usX,"completo, ta | completar",,,
0RPCYK9,achiotera,RELATED_RESULT,0RRGBU5,"achiotero, ra",,,
BBM3w63,coyotera,RELATED_RESULT,BBPoEZG,"coyotero, ra",,,
2VzRvYk,anámnesis,RELATED_RESULT,2VzQvPs,anamnesis,,,
9wAkTLH,comilitón,RELATED_RESULT,ALiMXX2,conmilitón,,,
BvZ2tOH,decena,RELATED_RESULT,BvkvZuZ,"deceno, na",,,
9yfOh6b,compaña,RELATED_RESULT,9ynQ62T,"compaño, ña",,,
E3KsmnZ,docimástica,RELATED_RESULT,E3QGc9C,"docimástico, ca",,,
4bwzYRg,ayatola,RELATED_RESULT,4c2TduR,ayatolá,,,
0V5qh1z,"‒́aco, ca",RELATED_RESULT,0Rw7hSd | 0VOxdWV | 0VY7bwi | 0WZLeho | 0WaXC7n | 0Xva2Lc | 0XxG6Qi | 0Z8fRSs | 4fbCvyj | 4fdtSln,"achocar | acocarse | acocharse | acolchar<sup>1</sup> | acolchar<sup>2</sup> | aconchar | aconcharse | acorcharse | azoico<sup>1</sup>, ca | azoico<sup>2</sup>, ca",,,
4hrK8hF,azulona,RELATED_RESULT,4hpbyp8,"azulón, na",,,
CJvmecR,desa,RELATED_RESULT,Cndk8US,"dese, sa",,,
DzlZLh3,disyuntiva,RELATED_RESULT,Dzti15f,"disyuntivo, va",,,
6AlL5K9,bruja,RELATED_RESULT,6B6n5sS | 6B5aZOy,"brujo, ja | brujir",,,
4TEQIWB,autólisis,RELATED_RESULT,4TDcmeT,autolisis,,,
4mUXVQO,baguala,RELATED_RESULT,4mQpaeC,"bagual, la",,,
2pNzl4T,anticaídas,RELATED_RESULT,2pNycD4,anticaída,,,
3SomXeN,archivística,RELATED_RESULT,3SpBkXD,"archivístico, ca",,,
BPDQ7CH,cuadrada,RELATED_RESULT,BPG9fIn | BPRtMNE,"cuadrado, da | cuadrar",,,
9mmAOe4,coligüe,RELATED_RESULT,9moBxac,colihue,,,
9AFD0eR,"-cico, ca",RELATED_RESULT,8jlpqwV,"chicoco, ca",,,
Dl9L8zX,digitalizadora,RELATED_RESULT,Dl6zJna,"digitalizador, ra",,,
E2tkDsg,docena,RELATED_RESULT,E308E30,"doceno, na",,,
1W25980,albariza,RELATED_RESULT,1W25Wie,"albarizo, za",,,
CGhIzGf,derecha,RELATED_RESULT,CGv2o6x,"derecho, cha",,,
BBDA7f5,coyota,RELATED_RESULT,BBJnIpZ,"coyote, ta",,,
9Aj1Gnb,cielorraso,RELATED_RESULT,9AhzvUU | 9AhzvUU#83dDSaY,cielo | cielo,,,
8gf9gnG,chela,RELATED_RESULT,8gvyo1n,"chelo<sup>2</sup>, la",,,
CGkt4Sm,derechera,RELATED_RESULT,CGlVxyU,"derechero, ra",,,
8iGntws,chica,RELATED_RESULT,8jlYcrL,"chico, ca",,,
8dLcCAt,charra,RELATED_RESULT,8dufCkw | 8dbCt5s,"charro, rra | charrar",,,
9vs3efn,cómica,RELATED_RESULT,9w2MTyl,"cómico, ca",,,
7ubzTzr,cataplún,RELATED_RESULT,7uaObpx,cataplum,,,
82MCMny,cayagual,RELATED_RESULT,82MzjBF,cayahual,,,
94CG8GG,chupachús,RELATED_RESULT,94925Lg,chupachups,,,
7wYTvWj,catenaria,RELATED_RESULT,7wZ57Sr,"catenario, ria",,,
5FFjfmn,bayonesa,RELATED_RESULT,5FEjZrl,"bayonés, sa",,,
BMGXlTL,croquet,RELATED_RESULT,BMHOhdQ,cróquet,,,
5Embvzn,bávara,RELATED_RESULT,5Emn4yV,"bávaro, ra",,,
57VWHSp,barredera,RELATED_RESULT,57VeGNd,"barredero, ra",,,
CPYAuGR,desalinizadora,RELATED_RESULT,CPVykLz,"desalinizador, ra",,,
8itWGKe,chichera,RELATED_RESULT,8ivCVfn,"chichero, ra",,,
0ioeUDY,aden-,RELATED_RESULT,0ivsszt,adeno-,,,
E4gY9xN,dogmática,RELATED_RESULT,E4kFi41,"dogmático, ca",,,
9qMcwSp,colonoscopía,RELATED_RESULT,9qJinYJ,colonoscopia,,,
0Luaqmv,aceitera,RELATED_RESULT,0LvlrFG,"aceitero, ra",,,
7w8aCPN,catedrática,RELATED_RESULT,7w9r7kG,"catedrático, ca",,,
5hoCEHV,boardilla,RELATED_RESULT,5lLWzCz,bohardilla,,,
52OzZPv,barbera,RELATED_RESULT,52V5VRU,"barbero<sup>1</sup>, ra",,,
5fTi0cj,blanquilla,RELATED_RESULT,5fTuxBK,"blanquillo, lla",,,
5BDnJ8H,bastarda,RELATED_RESULT,5BTZ46N | 5BGChnG,"bastardo, da | bastardar",,,
44Ss2hm,asquenazi,RELATED_RESULT,41GB6JM,askenazí,,,
8DX74ce,cénit,RELATED_RESULT,8DWpJ3a,cenit,,,
5eXRoA0,blanda,RELATED_RESULT,5eoDlsI | 5ekzIsc,"blando, da | blandir<sup>1</sup>",,,
56K61VQ,barquillera,RELATED_RESULT,56LiKTm,"barquillero, ra",,,
2EoJZhb,amarilla,RELATED_RESULT,2F6Yopy | 2EvseZY,"amarillo, lla | amarillar",,,
04N7aoS,abejera,RELATED_RESULT,04NPHBm,"abejero, ra",,,
CmCVJWd,descubierta,RELATED_RESULT,CmEnIWL | CmK2McH,"descubierto, ta | descubrir",,,
5eEovKb,blanca,RELATED_RESULT,5eNsBBo,"blanco, ca",,,
CckSRCt,descarnada,RELATED_RESULT,Ccl4fcy | CcnD4kM,"descarnado, da | descarnar",,,
5eEK0R7,black-jack,RELATED_RESULT,5e67zQz,<i>blackjack</i>,,,
5CEIv77,bastonera,RELATED_RESULT,5CEvEKm,"bastonero, ra",,,
1foO63z,ale,RELATED_RESULT,Jz2xG0R,hale,,,
5eBHtYV,black jack,RELATED_RESULT,5e67zQz,<i>blackjack</i>,,,
28mj8GR,aluda,RELATED_RESULT,28yjcR6 | 28tZwmc,"aludo, da | aludir",,,
E9T85ly,dormidera,RELATED_RESULT,E9UMqoF,"dormidero, ra",,,
8i7edNn,chibola,RELATED_RESULT,8i8bFZd,"chibolo, la",,,
5e4d7vQ,bla-bla-bla,RELATED_RESULT,5e5BMrw,blablablá,,,
569MwGQ,baronesa,RELATED_RESULT,565gHuB,"barón, nesa",,,
BF2FhdV,crespa,RELATED_RESULT,BF84eAT,"crespo, pa",,,
5dMxUVH,bizcochera,RELATED_RESULT,5dQey4E,"bizcochero, ra",,,
1ECAZbG,aguay,RELATED_RESULT,1CVBpc1,aguaí,,,
5CtrUkl,bataola,RELATED_RESULT,5CcVjR5,batahola,,,
2AZVc4A,alzacuellos,RELATED_RESULT,2AZUQ0I,alzacuello,,,
4iygsO0,babosa,RELATED_RESULT,4j5JZ8F,"baboso, sa",,,
5cYdcYT,bitcoin,RELATED_RESULT,5cYk4kB,bitcóin,,,
Bpzc0yY,dalmática,RELATED_RESULT,BpzsQnF,"dalmático, ca",,,
4ghk9Wr,azucarera,RELATED_RESULT,4gnKBJi,"azucarero, ra",,,
8G7y2lP,centrífuga,RELATED_RESULT,8GHAMPL,"centrífugo, ga",,,
5bfwTdR,bisectriz,RELATED_RESULT,5bftRVt,"bisector, triz",,,
2AEiHdB,alveolo,RELATED_RESULT,2AHS0rE,alvéolo,,,
E958hEg,doradilla,RELATED_RESULT,E95rRmG,"doradillo, lla",,,
9hRE222,coihue,RELATED_RESULT,9hSwmP7,coihué,,,
7ugp4WT,catapún,RELATED_RESULT,7uexZcl,catapum,,,
5aUWMlC,biraró,RELATED_RESULT,bsSLsjZ,viraró,,,
5DdxR4I,batidora,RELATED_RESULT,5Ddwy3l,"batidor, ra",,,
A1UWAS4,completiva,RELATED_RESULT,A1VzEH5,"completivo, va",,,
BHYfCbr,crióstato,RELATED_RESULT,BHYPzYA,criostato,,,
5aUB4mw,biquini,RELATED_RESULT,5VfV0he,bikini,,,
55Pw6gD,barísfera,RELATED_RESULT,55Pw4YD,barisfera,,,
2DcPO2c,amansadora,RELATED_RESULT,2DbrCWz,"amansador, ra",,,
BPGpyT0,cuadragésima,RELATED_RESULT,BPHHqR6,"cuadragésimo, ma",,,
8fzuaIp,chavola,RELATED_RESULT,8QvSzmJ,chabola,,,
9unsJ6o,comelona,RELATED_RESULT,9undwVM,"comelón, na",,,
89YrELw,celíaca,RELATED_RESULT,89cZxZx,"celíaco, ca",,,
5AVJ81y,básica,RELATED_RESULT,5AZjEzX,"básico, ca",,,
9FhSEOw,cincografía,RELATED_RESULT,cRNY9A4,zincografía,,,
BEGTqdP,cremor,RELATED_RESULT,BEKdjCn,crémor,,,
98BHsvy,ciática,RELATED_RESULT,98Cq7xB,"ciático, ca",,,
5AnsPqz,basquetbol,RELATED_RESULT,5ArAgtq,básquetbol,,,
DquSydV,directa,RELATED_RESULT,Dr1OIBH,"directo, ta",,,
7ybCPaD,catorcena,RELATED_RESULT,7ycSVpl,"catorceno, na",,,
5z9FmzH,boticaria,RELATED_RESULT,5z9VGRk,"boticario, ria",,,
56dr0WM,barrabrava,RELATED_RESULT,56YKfWG | 56YKfWG#DAVsyQX,barra | barra,,,
E8X9bSs,donnadie,RELATED_RESULT,E7fKGDe | E7fKGDe#6scMH3K,"don<sup>2</sup>, doña | don<sup>2</sup>, doña",,,
9B4hsun,cienmilésima,RELATED_RESULT,9B5Rs57,"cienmilésimo, ma",,,
8WD7DFX,chamiza,RELATED_RESULT,8WDq8qy,"chamizo, za",,,
9mlmLYk,coligual,RELATED_RESULT,9mmr0xR,colihual,,,
83B1RhU,cazadora,RELATED_RESULT,83AxHRQ,"cazador, ra",,,
8hql4qk,chevrón,RELATED_RESULT,8gLizfc,chebrón,,,
BKCt97P,crítica,RELATED_RESULT,BKJHGzW,"crítico, ca",,,
2K9YL6a,americana,RELATED_RESULT,2KRSL3V,"americano, na",,,
7yuz8aP,cauchera,RELATED_RESULT,7yvlPq6,"cauchero, ra",,,
1DpFwjW,aguatarse,RELATED_RESULT,1JVQpDI,ahuatarse,,,
2B8kfMX,ama,RELATED_RESULT,2ND9BMI | 2E4Cede,"amo, ma | amar",,,
E955ua4,dorada,RELATED_RESULT,E98Vnc1 | E9BCKRz,"dorado, da | dorar",,,
7zjjuwo,caudímano,RELATED_RESULT,7ziHAFr,caudimano,,,
2Zv5c6T,andobas,RELATED_RESULT,2ZtofqH,andoba,,,
8ZizJOm,chaparra,RELATED_RESULT,8ZwO9LE,"chaparro, rra",,,
3SU3cyR,archiduquesa,RELATED_RESULT,3STr7Ti,"archiduque, quesa",,,
1Dpj09O,aguate,RELATED_RESULT,1JWfg3D | 1DIlT7t | 1JVQpDI,ahuate | aguar | ahuatarse,,,
2AmISK8,alzadora,RELATED_RESULT,2AlcXmW,"alzador, ra",,,
E7Oba30,dómino,RELATED_RESULT,E7RQwmu,dominó,,,
1C0nIxI,aguadera,RELATED_RESULT,1C377Yv,"aguadero, ra",,,
BLOvz8l,crónica,RELATED_RESULT,BLThYfx,"crónico, ca",,,
4fDZ8uA,azoe,RELATED_RESULT,4fEKpjf | 4f9dQY4,ázoe | azoar,,,
0uCosyn,aeromancía,RELATED_RESULT,0u8fGpx,aeromancia,,,
0gI2pQr,acuseta,RELATED_RESULT,0gNBdIu,acusetas,,,
8HdicVy,cepacaballo,RELATED_RESULT,8HccZ0a | 8HccZ0a#4TylaJA,cepa | cepa,,,
0tYmFQG,aerodinámica,RELATED_RESULT,0tZAhTX,"aerodinámico, ca",,,
0tBG92s,aerobic,RELATED_RESULT,0tD61et,aeróbic,,,
1U9YRrd,alavesa,RELATED_RESULT,1U8B9J9,"alavés, sa",,,
00gSU3j,abadesa,RELATED_RESULT,00TuMgr,"abad, desa",,,
DUJUz91,desto,RELATED_RESULT,DSn3h29,"deste, ta",,,
9tsBi1K,combinatoria,RELATED_RESULT,9tt2EzH,"combinatorio, ria",,,
BqXMJUu,damascena,RELATED_RESULT,Bqckaff,"damasceno, na",,,
2YXnRRM,andadera,RELATED_RESULT,2YbJYNe,"andadero, ra",,,
CGWKCGI,depuradora,RELATED_RESULT,CGSjhvs,"depurador, ra",,,
B70aGwG,costera,RELATED_RESULT,B74JZ6r | B75R13U,"costero<sup>1</sup>, ra | costero<sup>2</sup>, ra",,,
B73pcOY,costera,RELATED_RESULT,B74JZ6r | B75R13U,"costero<sup>1</sup>, ra | costero<sup>2</sup>, ra",,,
86XYrnu,-céfala,RELATED_RESULT,86ikLIW,"cefalo-, -céfalo, la",,,
CExFfiw,depiladora,RELATED_RESULT,CEuarpV,"depilador, ra",,,
238vvwR,aloe,RELATED_RESULT,239JQ9H,áloe,,,
3OcnTet,-arajo,RELATED_RESULT,1Nu2z6d,"-ajo, ja",,,
03tCzV4,abc,RELATED_RESULT,045miOw,abecé,,,
DpbEPU4,diplomática,RELATED_RESULT,DpfZARt,"diplomático, ca",,,
80WEkKH,causídica,RELATED_RESULT,80Z6tH3,"causídico, ca",,,
0io2ep7,ademprío,RELATED_RESULT,0imsuMY,ademprio,,,
1Q242i4,alabastrina,RELATED_RESULT,1Q3kfMN,"alabastrino, na",,,
AukVbbY,cornuda,RELATED_RESULT,AunBZXx,"cornudo, da",,,
2LawU8M,-amiento,RELATED_RESULT,PDgi3bc,-miento,,,
1Lk1KqF,aizcolari,RELATED_RESULT,1LnDGpL,aizkolari,,,
4qfaCEU,balano,RELATED_RESULT,4qnE3R4,bálano,,,
1UNXFTI,alba,RELATED_RESULT,1XoeWk0,"albo, ba",,,
9rNqR8N,colposcopía,RELATED_RESULT,9rMZWvZ,colposcopia,,,
86gEGY0,cefálica,RELATED_RESULT,86gff0J,"cefálico, ca",,,
4Rqb3gM,autocrítica,RELATED_RESULT,4Rs9NlN,"autocrítico, ca",,,
4nQU5TK,bailarina,RELATED_RESULT,4nOn6Bt,"bailarín, na",,,
5ZIXdt2,biónica,RELATED_RESULT,5ZKamQc,"biónico, ca",,,
5pi8spl,bombetas,RELATED_RESULT,5pfuxu2,bombeta,,,
4ZAqHWN,aviada,RELATED_RESULT,4ZB97MJ | 4ZNca8Z,"aviado, da | aviar<sup>1</sup>",,,
4mto7ZL,bahreiní,RELATED_RESULT,54zr4H9,bareiní,,,
BHYCe20,crioscopía,RELATED_RESULT,BHXFbhP,crioscopia,,,
2KzrTrj,ametralladora,RELATED_RESULT,2KwfEXh,"ametrallador, ra",,,
1KOWh2K,ahuyama,RELATED_RESULT,4VdUw91,auyama,,,
BNOyrbC,cruda,RELATED_RESULT,BNYN33A,"crudo, da",,,
7vW3tWJ,catatonía,RELATED_RESULT,7vW0oDm,catatonia,,,
2RfuxeS,ampliadora,RELATED_RESULT,2Rdm0dt,"ampliador, ra",,,
89u8P93,cellenca,RELATED_RESULT,89wQ4Qd,"cellenco, ca",,,
DZ7wHa7,desyerbe,RELATED_RESULT,D43suNz | D42gTlf,deshierbe | deshierbar,,,
25stLlQ,altamar,RELATED_RESULT,OLDn0QL | OLDn0QL#7ofMhOX,mar | mar,,,
4ov1qQc,bajinis,RELATED_RESULT,4ouIMjF,bajini,,,
2Ooa8J2,amoníaco,RELATED_RESULT,2OlqumF,amoniaco,,,
CFGKROV,deportiva,RELATED_RESULT,CFPW3Sm,"deportivo, va",,,
1zGWnRF,almizclera,RELATED_RESULT,1zITxFP,"almizclero, ra",,,
4oioopc,bajera,RELATED_RESULT,4olALCN,"bajero, ra",,,
E9bMVOX,dormilona,RELATED_RESULT,E9bKzEk,"dormilón, na",,,
2Lc1QB9,amiga,RELATED_RESULT,2LsqDPa | 2LrAFjV,"amigo, ga | amigar",,,
3MBgAno,aquella,RELATED_RESULT,3M6wlMC,"aquel, lla",,,
9z86jgB,comparativa,RELATED_RESULT,9z9Zh2q,"comparativo, va",,,
E3TPUD3,doctora,RELATED_RESULT,E3TMkYQ | E3dD26f,"doctor, ra | doctorar",,,
DRp7Dvm,desta,RELATED_RESULT,DSn3h29,"deste, ta",,,
26slKPK,alternativa,RELATED_RESULT,26t9lcH,"alternativo, va",,,
D5Hzk4S,deshuesadora,RELATED_RESULT,D5GV0bk,"deshuesador, ra",,,
DnlCMO7,dinámica,RELATED_RESULT,DnmOkpJ,"dinámico, ca",,,
E7DgGFi,dominica,RELATED_RESULT,E7EotcJ | E7IQPdx,"domínica | dominico, ca",,,
D3AlGYn,deshecha,RELATED_RESULT,D3G1M5a | D2yPed3,"deshecho, cha | deshacer",,,
5Z8l3QF,biomecánica,RELATED_RESULT,5Z9WfhE,"biomecánico, ca",,,
C2xcofX,definitiva,RELATED_RESULT,C31C5s1,"definitivo, va",,,
E5vpiMw,dolorosa,RELATED_RESULT,E5y4irc,"doloroso, sa",,,
C2ammI0,defesa,RELATED_RESULT,C2bTcA3,"defeso, sa",,,
9BALXEl,cienmillonésima,RELATED_RESULT,9BBMZP5,"cienmillonésimo, ma",,,
C26UnXs,defensiva,RELATED_RESULT,C2D7a53,"defensivo, va",,,
DkcvR5r,difusora,RELATED_RESULT,DkbYtOz,"difusor, ra",,,
C0aQovt,dedicatoria,RELATED_RESULT,C0bF7OX,"dedicatorio, ria",,,
57IluUS,barraquera,RELATED_RESULT,57JP4Kk | bOSipQT,"barraquero, ra | varraquera",,,
0PIrrVu,-acha,RELATED_RESULT,0RmNxEl,"-acho, cha",,,
56tl39c,barragana,RELATED_RESULT,56pFwoS,"barragán<sup>1</sup>, na",,,
BxmsNkD,declaratoria,RELATED_RESULT,Bxohjmz,"declaratorio, ria",,,
23B1puK,aloes,RELATED_RESULT,239JQ9H,áloe,,,
9wecBvN,comisaria,RELATED_RESULT,9wkfiEz,"comisario, ria",,,
BwZDoiJ,décima,RELATED_RESULT,BwrfRZm,"décimo, ma",,,
9493Ue0,chupa-chups,RELATED_RESULT,94925Lg,chupachups,,,
EXAOBiK,elevadora,RELATED_RESULT,EX9uBda,"elevador, ra",,,
EJNddKf,ecdótica,RELATED_RESULT,EJPC3Hr,"ecdótico, ca",,,
DouxdDp,diócesi,RELATED_RESULT,DovGazS,diócesis,,,
EGLQ5r2,dumdum,RELATED_RESULT,EGLZFd0,dum-dum,,,
EIqugPN,eboraria,RELATED_RESULT,EIsA7QC,"eborario, ria",,,
F4AFXtq,enceradora,RELATED_RESULT,F49NOxg,"encerador, ra",,,
FL6pPgK,engañamundos,RELATED_RESULT,FL2VAml,engañamundo,,,
Dxn0Qv9,dispositiva,RELATED_RESULT,Dxo9GVr,"dispositivo, va",,,
EahqRkp,embarbascar,RELATED_RESULT,FrIOC5v,envarbascar,,,
FG8G7W4,energética,RELATED_RESULT,FGBLXOC,"energético, ca",,,
EFMhTc0,dulcera,RELATED_RESULT,EFTj6He,"dulcero, ra",,,
FRAEIsT,enhierbar,RELATED_RESULT,Ftl8q9x,enyerbar,,,
Ev3HXIU,enamorada,RELATED_RESULT,Ev9TuQ5 | EvFlfaw,"enamorado, da | enamorar",,,
Efp7Xv7,embotelladora,RELATED_RESULT,EfmbVw4,"embotellador, ra",,,
BZEDtXl,cudría,RELATED_RESULT,BZH3W9f,"cudrío, a",,,
FAhWjic,encubierta,RELATED_RESULT,FAkdPpG | FAsrpFQ,"encubierto, ta | encubrir",,,
Bo2hHnb,cyclo-cross,RELATED_RESULT,99nrhmC,<i>ciclocross</i>,,,
EVaiNRy,electrostática,RELATED_RESULT,EVbNchG,"electrostático, ca",,,
EUDrzgO,electrodinámica,RELATED_RESULT,EUEBM1S,"electrodinámico, ca",,,
Fo7OKmp,entresemana,RELATED_RESULT,XV9JZTZ | XV9JZTZ#7bY5KP2,semana | semana,,,
DpAOrYZ,dióptrica,RELATED_RESULT,DpBB5yE,"dióptrico, ca",,,
FEMziPL,endoscopía,RELATED_RESULT,FEMDKCT,endoscopia,,,
FEwrXnz,endrina,RELATED_RESULT,FEz3iFA,"endrino, na",,,
EjzpZQc,empacadora,RELATED_RESULT,Ejylf2L,"empacador, ra",,,
DVh0BOv,destructora,RELATED_RESULT,DVgycgZ,"destructor, ra",,,
FREwb3a,enhoramala,RELATED_RESULT,KdzJ1hu | KdzJ1hu#GF5XEku,hora | hora,,,
EZ2Ofo7,-ema,RELATED_RESULT,NkHD0gv,-ma,,,
EW3TWMN,elefancia,RELATED_RESULT,EW3myWv,elefancía,,,
ESkmCZU,-ejón,RELATED_RESULT,R3Ff5cR,"-ón<sup>1</sup>, na",,,
FDEtd03,endivia,RELATED_RESULT,FCwHSKA,endibia,,,
EXsGiMb,elite,RELATED_RESULT,EXtXytb,élite,,,
ElIu300,empanada,RELATED_RESULT,ElL4pFW | ElM70Z6,"empanado, da | empanar",,,
EY50QVp,ella,RELATED_RESULT,ESsilCu,"él, ella",,,
G4XJW3w,esa,RELATED_RESULT,GOeWVLy | G4YKiYz | G4WwHOS,"ese<sup>2</sup>, sa | -esa | -és, sa",,,
BqkD3jk,damasquina,RELATED_RESULT,Bqqo6Yn | Bqq7xVf,"damasquino, na | damasquinar",,,
FCvucpO,endíadis,RELATED_RESULT,K9caZCr,hendíadis,,,
F9LeXIa,encorchadora,RELATED_RESULT,F9L2Tnz,"encorchador, ra",,,
FEXq8PK,endosmosis,RELATED_RESULT,FEZDBkK,endósmosis,,,
GQmPBto,-esis,RELATED_RESULT,Y1ULCxP,-sis,,,
F80fzeC,encoladora,RELATED_RESULT,F7z5J3S,"encolador, ra",,,
FdkFhWd,ensillada,RELATED_RESULT,FdmnOHE | Fdny0xs,"ensillado, da | ensillar",,,
Ep4kbHs,emperatriz,RELATED_RESULT,Ep32lWS,"emperador, triz",,,
G6WoxwP,escaldada,RELATED_RESULT,G6X966t | G6ZBjh0,"escaldado, da | escaldar",,,
EPcucHk,efímera,RELATED_RESULT,EPdqWY9,"efímero, ra",,,
EVWuU8n,electroquímica,RELATED_RESULT,EVYmxAV,"electroquímico, ca",,,
EjRSfFw,emisora,RELATED_RESULT,EjRBXpM,"emisor, ra",,,
EZ1srLN,em-,RELATED_RESULT,EuQ6vJs,en-,,,
GEbbJUg,esclava,RELATED_RESULT,GElf0MV,"esclavo, va",,,
Fcw7Wcw,ensenada,RELATED_RESULT,Fcxuv3S | Fcznxtv,"ensenado, da | ensenar",,,
ENFwLx8,-edal,RELATED_RESULT,ENv5qJU,"-edo, da",,,
D21voML,desgranadora,RELATED_RESULT,D1zo13g,"desgranador, ra",,,
ESsj0Wl,-ela,RELATED_RESULT,EYJ7cNu,"-elo, la",,,
G9DKfMi,escandalosa,RELATED_RESULT,G9EBm6V,"escandaloso, sa",,,
ENATORl,-edad,RELATED_RESULT,BotFPGe,-dad,,,
EiQn9D3,embutidora,RELATED_RESULT,EiLrpmC,"embutidor, ra",,,
EN8Mgni,-eda,RELATED_RESULT,ENv5qJU,"-edo, da",,,
EuQNprD,-ena,RELATED_RESULT,FXIPVAS,"-eno, na",,,
G76dZ3H,escalibada,RELATED_RESULT,G7AMr6q,escalivada,,,
FTM44f5,enjuta,RELATED_RESULT,FTR3tL4 | FTMVPNN,"enjuto, ta | enjutar",,,
FvMq2AL,épica,RELATED_RESULT,Fvuabt0,"épico, ca",,,
GF1GFSV,esclerótica,RELATED_RESULT,GF1ItJ0,"esclerótico, ca",,,
Gf0YcE3,esporófito,RELATED_RESULT,GewhWaU,esporofito,,,
GfTY4qx,esposa,RELATED_RESULT,GfZ6baC | GfWlvxs,"esposo, sa | esposar",,,
FcaXJkl,ensayística,RELATED_RESULT,FcaezSw,"ensayístico, ca",,,
FuLB8zN,-eña,RELATED_RESULT,FuRDRsP,"-eño, ña",,,
GBGShkW,escarchada,RELATED_RESULT,GBH3mtw | GBKDDN3,"escarchado, da | escarchar",,,
GhsCu7L,esquinera,RELATED_RESULT,GhxHuFP,"esquinero, ra",,,
GFNxeNN,escobera,RELATED_RESULT,GFQMGek,"escobero, ra",,,
GIu33nD,escoriar,RELATED_RESULT,HDDDagK,excoriar,,,
GF6D1qs,"-esco, ca",RELATED_RESULT,GJVPkpE,escoscar,,,
GcsHK4N,espiroqueta,RELATED_RESULT,Gcxe0Jr,"espiroqueto, ta",,,
GOyKMFj,esfácelo,RELATED_RESULT,GOwShbx,esfacelo,,,
EQHuWTz,egílope,RELATED_RESULT,EQHH6PD,egilope,,,
GGuBVI0,escolástica,RELATED_RESULT,GGyhb5S,"escolástico, ca",,,
GIm1IAO,escoriación,RELATED_RESULT,HDC8stI,excoriación,,,
ES0hl0W,ejecutiva,RELATED_RESULT,ES3gbuJ,"ejecutivo, va",,,
GJthefL,escribana,RELATED_RESULT,GK4gJtI,"escribano, na",,,
GSrCcx9,espaciotiempo,RELATED_RESULT,GSrCczQ,espacio-tiempo,,,
GVa41Xx,esparraguera,RELATED_RESULT,GVaDErL,"esparraguero, ra",,,
DiPTLu8,diestra,RELATED_RESULT,DiPpTTa,"diestro, tra",,,
Gq6x7zA,estereoscopía,RELATED_RESULT,Gq616CM,estereoscopia,,,
EORpzyf,-edura,RELATED_RESULT,EHGi0dJ,-dura,,,
GKPqSCm,escrita,RELATED_RESULT,GKRIYhs | GKCiBz2,"escrito, ta | escribir",,,
GUSpPin,españolada,RELATED_RESULT,GUUlpG2 | GUbUQzJ,"españolado, da | españolar",,,
GHQ3Uyz,escombrera,RELATED_RESULT,GHR92xD,"escombrero, ra",,,
GTHf5W2,espagírica,RELATED_RESULT,GTI3rCb,"espagírico, ca",,,
GscIQEU,estimativa,RELATED_RESULT,Gsi4O42,"estimativo, va",,,
Ga1CZ3G,espetaperros,RELATED_RESULT,GZzvtmb | 9nOp7s0 | GZzvtmb#DZdE5kU,"espetaperro | colinérgico, ca | espetaperro",,,
GdeHfy2,espoliación,RELATED_RESULT,HKJVhvZ,expoliación,,,
GXOFRMZ,espectroscopia,RELATED_RESULT,GXPZP1v,espectroscopía,,,
ETAd5oj,elástica,RELATED_RESULT,ETAy5nW,"elástico, ca",,,
GamTLM6,espigadora,RELATED_RESULT,GakYiHY,"espigador, ra",,,
EP6Sekl,efemérides,RELATED_RESULT,EP3PimJ,efeméride,,,
GsITot2,estilográfica,RELATED_RESULT,GsJgap5,"estilográfico, ca",,,
G1KG64V,érebo,RELATED_RESULT,G1G8cZZ,erebo,,,
GWDzhDR,espatulomancía,RELATED_RESULT,GWDjA0V,espatulomancia,,,
HC5bj3t,excerta,RELATED_RESULT,HC5XLRY,excerpta,,,
H3xORA5,ética,RELATED_RESULT,H3y8Ijj | H3yay0R | KHWcvVR,"ético<sup>1</sup>, ca | ético<sup>2</sup>, ca | hético, ca",,,
GXbAoWK,especulativa,RELATED_RESULT,GXchOHn,"especulativo, va",,,
H36eTuM,esvarón,RELATED_RESULT,G4hvNpG,esbarón,,,
H7TI2LI,euskalduna,RELATED_RESULT,H7K7i9B,euscalduna,,,
GjiNl2l,estadística,RELATED_RESULT,GjpDTiC,"estadístico, ca",,,
GibSTZ8,esta,RELATED_RESULT,GoDU5PI,"este<sup>2</sup>, ta",,,
EUq9tfn,electrólito,RELATED_RESULT,EUovakV,electrolito,,,
Gu7GjPJ,estocástica,RELATED_RESULT,Gu89KMq,"estocástico, ca",,,
ERh5MsS,-eja,RELATED_RESULT,ESjipMo,"-ejo, ja",,,
Gnz8xVd,estatuaria,RELATED_RESULT,GnzBYE7 | GnzPOBH,"estatuario<sup>1</sup>, ria | estatuario<sup>2</sup>, ria",,,
Gh8F35E,esquiladora,RELATED_RESULT,Gh85u9J,"esquilador, ra",,,
EVKuXjS,electrónica,RELATED_RESULT,EVPbkNF,"electrónico, ca",,,
ES79aZL,ejecutoria,RELATED_RESULT,ES8Gb5i | ES7yhF0,"ejecutorio, ria | ejecutoriar",,,
EU4Ep3q,electroacústica,RELATED_RESULT,EU8O7cC,"electroacústico, ca",,,
H4Zn06C,etiquez,RELATED_RESULT,KHXdMz9,hetiquez,,,
H7SDGB7,euskaldún,RELATED_RESULT,H7Hib1U,euscaldún,,,
GyUJ8b7,estrellera,RELATED_RESULT,GyW0ikv,"estrellero, ra",,,
H1pcZ3H,estudiantina,RELATED_RESULT,H1rjy5E,"estudiantino, na",,,
EHEah9L,duquesa,RELATED_RESULT,EHCGDUn,"duque, quesa",,,
H5GTUpN,-etón,RELATED_RESULT,R3Ff5cR,"-ón<sup>1</sup>, na",,,
H3BkHkv,-eta,RELATED_RESULT,H3Sohu5,"-ete, ta",,,
GndlU9M,estática,RELATED_RESULT,GneBGdF,"estático, ca",,,
H7TqfGd,euskaldunización,RELATED_RESULT,H7L9WG8,euscaldunización,,,
HeWuVT3,farruca,RELATED_RESULT,HeX2eVR,"farruco, ca",,,
HDb0MQv,excusabaraja,RELATED_RESULT,GOAhFrQ,escusabaraja,,,
H32Edkm,esvarar,RELATED_RESULT,G4d5Co8,esbarar,,,
EV6BErh,electromecánica,RELATED_RESULT,EV6N7sl,"electromecánico, ca",,,
Gs9VUqT,estilística,RELATED_RESULT,GsAHFrO,"estilístico, ca",,,
HE8hGZp,exegeta,RELATED_RESULT,HEBCXHj,exégeta,,,
H7WDbsj,euskaldunizar,RELATED_RESULT,H7Og4ay,euscaldunizar,,,
H7hDrIZ,eusquera,RELATED_RESULT,H7duhpt,euskera,,,
HLorC1H,éxtasi,RELATED_RESULT,HLuOex9,éxtasis,,,
GrFobgI,estética,RELATED_RESULT,GrPCrf2,"estético, ca",,,
HBSb24s,excavadora,RELATED_RESULT,HBRwBBW,"excavador, ra",,,
H7Yx5FZ,euskaro,RELATED_RESULT,H7ZVcyM,"éuskaro, ra",,,
HCoAJbz,exclusiva,RELATED_RESULT,HCx7DIX,"exclusivo, va",,,
HBhRpNj,excéntrica,RELATED_RESULT,HBlEoqs,"excéntrico, ca",,,
H9HGFmu,evasiva,RELATED_RESULT,H9HiQhb,"evasivo, va",,,
I9UrICb,foie gras,RELATED_RESULT,I9VFXg8,<i>foie-gras</i>,,,
HdKazPZ,farmacocinética,RELATED_RESULT,HdNIUFz,"farmacocinético, ca",,,
GxcVECZ,estratósfera,RELATED_RESULT,GxbnIa4,estratosfera,,,
HOhTo3Z,extraña,RELATED_RESULT,HOz2OKr | HOuhHvr,"extraño, ña | extrañar",,,
HzHZtg9,fiscala,RELATED_RESULT,HzHItzp,"fiscal, la",,,
Hzqx0lW,física,RELATED_RESULT,Hzx5KSB,"físico, ca",,,
HSGu37o,facera,RELATED_RESULT,HSJQnA6,"facero, ra",,,
HeG5OTt,farrago,RELATED_RESULT,HeG7OmS,fárrago,,,
G3JgoUS,erótica,RELATED_RESULT,G3MbmEq,"erótico, ca",,,
EY4DaPY,elíxir,RELATED_RESULT,EY3ZnQi,elixir,,,
H1BISRP,estrujadora,RELATED_RESULT,H1AlVE5,"estrujador, ra",,,
DuwmzS7,disgrafía,RELATED_RESULT,DuwalkQ,disgrafia,,,
Gdh1GY0,espoliar,RELATED_RESULT,HKQQsZ9,expoliar,,,
HP23ktx,extraordinaria,RELATED_RESULT,HP5RXLV,"extraordinario, ria",,,
HHLZoOg,exosmosis,RELATED_RESULT,HHNBiS5,exósmosis,,,
F6ZaVc5,encimera,RELATED_RESULT,F6aSOGF,"encimero, ra",,,
GyELyc3,estrellada,RELATED_RESULT,GyH3NsJ | GyMhE65,"estrellado, da | estrellar<sup>1</sup>",,,
HWjfSqg,faldera,RELATED_RESULT,HWocG8p,"faldero, ra",,,
GtpMjIM,estitiquez,RELATED_RESULT,GtG1dJI,estiptiquez,,,
HzyGzPQ,fisicoquímica,RELATED_RESULT,HzzsXel,"fisicoquímico, ca",,,
EUjPJxC,electrolisis,RELATED_RESULT,EUlJdt1,electrólisis,,,
HRiEtym,fabulística,RELATED_RESULT,HRlotpE,"fabulístico, ca",,,
I4QPrWV,flechera,RELATED_RESULT,I4SuYZD,"flechero, ra",,,
HO2Q9WF,extractora,RELATED_RESULT,HO11e87,"extractor, ra",,,
HtwIXtn,filarmónica,RELATED_RESULT,Htwwe0A,"filarmónico, ca",,,
IC3tDas,fonemática,RELATED_RESULT,IC6Drpe,"fonemático, ca",,,
F64wazA,-encia,RELATED_RESULT,QJb1Ewu,-ncia,,,
HVXYZPX,falafel,RELATED_RESULT,HVXYZc2,faláfel,,,
IAKzxc8,folklor,RELATED_RESULT,I9gFQj9,folclor,,,
HHLMVsi,exósfera,RELATED_RESULT,HHKY3SE,exosfera,,,
I0Fm53e,fisiognómica,RELATED_RESULT,I0IQ6ev,"fisiognómico, ca",,,
HpwNOnv,fiadora,RELATED_RESULT,HpuWx7x,"fiador, ra",,,
HvOCAVR,filmadora,RELATED_RESULT,HvO43iI,"filmador, ra",,,
HcHlSnn,farándola,RELATED_RESULT,HcGkfYW,farandola<sup>2</sup>,,,
HHPpk2K,exótica,RELATED_RESULT,HHTrLvY,"exótico, ca",,,
HswSZG1,fija,RELATED_RESULT,Ht796DZ | Ht7Ay3a | Ht3eBuJ,"fijo<sup>1</sup>, ja | fijo<sup>2</sup>, ja | fijar",,,
IHr7eq1,forzosa,RELATED_RESULT,IHrkqxl,"forzoso, sa",,,
HQHgHVV,extrusora,RELATED_RESULT,HQH9b6O,"extrusor, ra",,,
EXbKRhT,eliminatoria,RELATED_RESULT,EXd8R8H,"eliminatorio, ria",,,
FK4Muew,-enga,RELATED_RESULT,FNYQBJa,"-engo, ga",,,
HqH04sG,fibrinólisis,RELATED_RESULT,HqEOaNB,fibrinolisis,,,
HGdhqL7,exoftalmía,RELATED_RESULT,HGctITn,exoftalmia,,,
I21J2am,flaccidez,RELATED_RESULT,I236STf,flacidez,,,
HyMYdcj,finoli,RELATED_RESULT,HyO6fPK,finolis,,,
HfoDOVM,fata morgana,RELATED_RESULT,Hfk8VbC,fatamorgana,,,
HsdlauG,figulina,RELATED_RESULT,HseqFBr,"figulino, na",,,
HPnlTcS,extremada,RELATED_RESULT,HPqsXRv | HPwpAkg,"extremado, da | extremar",,,
IAIIWt5,foliolo,RELATED_RESULT,IAJbSSy,folíolo,,,
HYg6Fcf,falsa,RELATED_RESULT,HZC1ih6 | HYpXyKp,"falso, sa | falsar",,,
HDzogR5,exegesis,RELATED_RESULT,HDzpEFL,exégesis,,,
ICkGrHA,fonomímica,RELATED_RESULT,ICnWeII,"fonomímico, ca",,,
IIFrsNE,fosca,RELATED_RESULT,IIH5NP5,"fosco, ca",,,
BgpjUkw,cunera,RELATED_RESULT,BgsWmQY,"cunero, ra",,,
H7XYEzN,éuskara,RELATED_RESULT,H7WuiLc | H7ZVcyM,"euskara | éuskaro, ra",,,
HvnDC69,filológica,RELATED_RESULT,HvopW5D,"filológico, ca",,,
IGixdnJ,forrajera,RELATED_RESULT,IGjgVEd,"forrajero, ra",,,
IFTZ9SC,fórmica,RELATED_RESULT,IFSmhg3,formica,,,
H04e9X5,estriptís,RELATED_RESULT,H0445GL,estriptis,,,
Hw5Vco3,filosa,RELATED_RESULT,Hw6yCF7,"filoso, sa",,,
IATouMj,folklorismo,RELATED_RESULT,I9o0ggb,folclorismo,,,
I5Amfmy,fletera,RELATED_RESULT,I5Be1Zj,"fletero, ra",,,
HLMG9oa,exprofeso,RELATED_RESULT,HLMtHNH,ex profeso,,,
Hv5iJQ1,filipina,RELATED_RESULT,HvARDn6,"filipino, na",,,
HHtR1dd,expectable,RELATED_RESULT,GX60U3A,espectable,,,
IKyZ4RC,fotoperiodo,RELATED_RESULT,IL1kMe9,fotoperíodo,,,
IRZqqxM,freidora,RELATED_RESULT,IRVZGeo,"freidor, ra",,,
ItPlInP,garduña,RELATED_RESULT,ItQcM0e,"garduño, ña",,,
Ieof45J,futbol,RELATED_RESULT,IeptqGe,fútbol,,,
IME775g,fraccionadora,RELATED_RESULT,IM7BCP5,"fraccionador, ra",,,
IL34O5E,fotoquímica,RELATED_RESULT,IL3iUKF,"fotoquímico, ca",,,
IBq7XMS,fondonga,RELATED_RESULT,PdALJ9P,mondonga,,,
ICAho85,fonética,RELATED_RESULT,ICCsBTn,"fonético, ca",,,
HUkk6Wa,faina,RELATED_RESULT,HUkkG3f | HUph8Z6,"fainá | faino, na",,,
J0ZTC1D,gatuna,RELATED_RESULT,J0ZzY9D,"gatuno, na",,,
IROmJCe,fregona,RELATED_RESULT,IRNGf4j,"fregón, na",,,
ISqnPfk,fresadora,RELATED_RESULT,ISpenwh,"fresador, ra",,,
Eyh0uku,encandiladora,RELATED_RESULT,EygqsM1,"encandilador, ra",,,
IUuVY2f,friolera,RELATED_RESULT,IUuhxcN,"friolero, ra",,,
IZkzJ0A,fulana,RELATED_RESULT,IZm0LQU,"fulano, na",,,
IQ6JiNS,fraterna,RELATED_RESULT,IQHTu6u,"fraterno, na",,,
IAUfx5M,folklorista,RELATED_RESULT,I9p3Y0a,folclorista,,,
IIW9AjJ,fosforera,RELATED_RESULT,IIWvmqI,"fosforero, ra",,,
IT91OMY,fresera,RELATED_RESULT,ITBXoox,"fresero, ra",,,
ISwrLqV,fresca,RELATED_RESULT,IT35u3d,"fresco, ca",,,
IK9dhNA,fotólisis,RELATED_RESULT,IK99KpM,fotolisis,,,
IJYb2Hy,fotocopiadora,RELATED_RESULT,IJW7apo,"fotocopiador, ra",,,
ITPZbwH,fresquera,RELATED_RESULT,ITT1xjE,"fresquero, ra",,,
IfbhVmR,gabacha,RELATED_RESULT,IfhCbgS,"gabacho, cha",,,
IUx9tuk,friqui,RELATED_RESULT,IUmogtr,friki,,,
IhLxG1S,gagate,RELATED_RESULT,IhNtxC9,gagates,,,
IfLrXY5,futura,RELATED_RESULT,IfX2GjP,"futuro, ra",,,
IOSESWo,francocuartel,RELATED_RESULT,BT1Y4My | BT1Y4My#5wKWUVG,cuartel | cuartel,,,
IKe1sTm,fotomecánica,RELATED_RESULT,IKgdKB2,"fotomecánico, ca",,,
IiRvZTR,galana,RELATED_RESULT,IiYBrGW,"galano, na",,,
J7zEVn7,geoquímica,RELATED_RESULT,J81sBCW,"geoquímico, ca",,,
IcMeO8E,funeraria,RELATED_RESULT,IcN7XyE,"funerario, ria",,,
IXCWzKM,fruslera,RELATED_RESULT,IXIzlp7,"fruslero<sup>2</sup>, ra",,,
IlX7mtf,gallera,RELATED_RESULT,IlYonrM,"gallero, ra",,,
IdwLPdA,fusca,RELATED_RESULT,IdyosrI,"fusco, ca",,,
ImOd8kT,gallofa,RELATED_RESULT,ImUIECa | ImPXok2,"gallofo, fa | gallofar",,,
IjSUjTC,galénica,RELATED_RESULT,IjTIdS2,"galénico, ca",,,
IwS9Qhj,garrapiñada,RELATED_RESULT,IwSilI5 | IwVNjGO | IwXPY0T,"garrapiñado, da | garrapiñar<sup>1</sup> | garrapiñar<sup>2</sup>",,,
J7s2W8l,geopolítica,RELATED_RESULT,J7tBkLN,"geopolítico, ca",,,
IRrDvwz,fréjol,RELATED_RESULT,IRq3nm7,frejol,,,
IUWekoW,fríjol,RELATED_RESULT,IUUIp9A,frijol,,,
J4ZiuCy,genética,RELATED_RESULT,J4a2bti,"genético, ca",,,
It0xOq8,garbín,RELATED_RESULT,IyIbAGy,garvín,,,
Ic9hRHy,fundidora,RELATED_RESULT,Ic7SV8D,"fundidor, ra",,,
JCHYXek,gindama,RELATED_RESULT,MTFGlKp,jindama,,,
J6amArP,geobotánica,RELATED_RESULT,J6cpJZ9,"geobotánico, ca",,,
Iku9eon,gallarda,RELATED_RESULT,Il0FYcS,"gallardo, da",,,
J0Aj7Id,gata,RELATED_RESULT,J0VULIX,"gato<sup>1</sup>, ta",,,
IzTgprF,gastr-,RELATED_RESULT,IzcQLiC,gastro-,,,
Imah6GE,gallopinto,RELATED_RESULT,ImORZs4 | ImORZs4#DD2niCX,"gallo, llina | gallo, llina",,,
JF29RlY,glicolisis,RELATED_RESULT,JF3kreA,glicólisis,,,
IoRaIl1,gamberra,RELATED_RESULT,IoVqfP2,"gamberro, rra",,,
IuB1bqf,gargantilla,RELATED_RESULT,IuBAvW0,"gargantillo, lla",,,
J3NLa9W,gena,RELATED_RESULT,MPQ6YCX | J56cPrf,"jena | ‒́geno, na",,,
J8YSYG4,geotécnica,RELATED_RESULT,J8Yia91,"geotécnico, ca",,,
J5PY1pn,genolí,RELATED_RESULT,J5KeUTl,génoli,,,
J8FJ3Rv,geórgica,RELATED_RESULT,J8I5fHz,"geórgico, ca",,,
JHIc3J0,gobernadora,RELATED_RESULT,JHHUQzx,"gobernador, ra",,,
IxOO0Wg,garrotera,RELATED_RESULT,IxX2OZf,"garrotero, ra",,,
J5XGxxh,genómica,RELATED_RESULT,J5XP0TJ,"genómico, ca",,,
ILHUGbj,fotósfera,RELATED_RESULT,ILF2o4I,fotosfera,,,
JEMG02p,gladíolo,RELATED_RESULT,JELOcqW,gladiolo,,,
JBC0OCn,giennense,RELATED_RESULT,MSSPSfW,jiennense,,,
J7YDIOF,geomancía,RELATED_RESULT,J7WUA4L,geomancia,,,
IW9rkW4,frontalera,RELATED_RESULT,IWA8xsb,"frontalero, ra",,,
JC1fUxM,gimnástica,RELATED_RESULT,JC3Fso3,"gimnástico, ca",,,
JDiP1og,girostato,RELATED_RESULT,JDivulu,giróstato,,,
JH0pwFG,gnomónica,RELATED_RESULT,JH1pJRW,"gnomónico, ca",,,
JFdj0GI,gloriosa,RELATED_RESULT,JFfAmMG,"glorioso, sa",,,
Ir75QnZ,gansa,RELATED_RESULT,IrBoPoH,"ganso, sa",,,
IpBtftR,gametófito,RELATED_RESULT,IpB4aUv,gametofito,,,
Iz1fKiO,gasolinera,RELATED_RESULT,Iz3iF0I,"gasolinero, ra",,,
J02guRr,gastroscopía,RELATED_RESULT,J010tRD,gastroscopia,,,
J8lmwDB,gerbo,RELATED_RESULT,MPshwA9,jerbo,,,
J7tjSVg,geopónica,RELATED_RESULT,J7wEXae,"geopónico, ca",,,
J70M4LD,geofísica,RELATED_RESULT,J74R1qo,"geofísico, ca",,,
J6YLxq4,genulí,RELATED_RESULT,J6Xw99I,génuli,,,
JBEu1tO,giganta,RELATED_RESULT,JBGDlt0,"gigante, ta",,,
IykckMp,gaseosa,RELATED_RESULT,IylLSfa,"gaseoso, sa",,,
JDJp3TG,giratoria,RELATED_RESULT,JDP3DwA,"giratorio, ria",,,
J8QlByc,geósfera,RELATED_RESULT,J8Qht9X,geosfera,,,
JIRygjj,golfa,RELATED_RESULT,JIm89FN,"golfo<sup>2</sup>, fa",,,
JBGtbvW,gigantea,RELATED_RESULT,JBHCQaY,"giganteo, a",,,
JGN7JQL,glucolisis,RELATED_RESULT,JGRK0Hg,glucólisis,,,
J4c3ZlB,genetlíaca,RELATED_RESULT,J4iWMqr,"genetlíaco, ca",,,
JLF8w5V,gorda,RELATED_RESULT,JLSh4xE,"gordo, da",,,
JO17wmR,grabadora,RELATED_RESULT,JNzZQMH,"grabador, ra",,,
IWEkfHP,frontera,RELATED_RESULT,IWF4mid,"frontero, ra",,,
JRg6T1y,granadina,RELATED_RESULT,JRjE0Et | JRl50kC,"granadino<sup>1</sup>, na | granadino<sup>2</sup>, na",,,
JRi6igU,granadina,RELATED_RESULT,JRjE0Et | JRl50kC,"granadino<sup>1</sup>, na | granadino<sup>2</sup>, na",,,
JQkghdC,gramática,RELATED_RESULT,JQukZIX,"gramático, ca",,,
JKNJHLf,gomera,RELATED_RESULT,JKQLClN | JKQZF6l,"gomero<sup>1</sup>, ra | gomero<sup>2</sup>, ra",,,
JSzIVPO,granillera,RELATED_RESULT,JSzrXuq,"granillero, ra",,,
JZuWlpa,gruesa,RELATED_RESULT,Ja0Q4FQ,"grueso, sa",,,
JNRKY02,goya,RELATED_RESULT,JNSTv7a,"goyo, ya",,,
JdVDzpW,guaiño,RELATED_RESULT,KjMtzti,huaiño,,,
Juv8R4o,habanera,RELATED_RESULT,Juy01L1,"habanero, ra",,,
JjFp3Gd,guardapolvos,RELATED_RESULT,JjFSJAl,guardapolvo,,,
Jbjhhbk,guachar,RELATED_RESULT,KjGn4uZ,huachar,,,
JW1S9fj,greca,RELATED_RESULT,JW7s3z5,"greco, ca",,,
JPeplx3,gráfila,RELATED_RESULT,JPed0zv,grafila,,,
JUyVNkK,gratil,RELATED_RESULT,JUyd9n4,grátil,,,
JftzcKX,guantanamera,RELATED_RESULT,JfwAQJu,"guantanamero, ra",,,
JiSrsWf,guardafango,RELATED_RESULT,JiTHSow,guardafangos,,,
JrzeviZ,güisquilar,RELATED_RESULT,Kms51Lt,huisquilar,,,
JtvIXws,gurrumina,RELATED_RESULT,Jtxio7m,"gurrumino, na",,,
JyJROFZ,hai-kai,RELATED_RESULT,JyHIVff,haikai,,,
Jj3jb6W,guardamontes,RELATED_RESULT,JixXuwi | JiwNTRK,guardamonte<sup>2</sup> | guardamonte<sup>1</sup>,,,
JgbmMgz,guaquear,RELATED_RESULT,Kk8JvnD,huaquear,,,
JjpCNHu,guardesa,RELATED_RESULT,Jjmr0Vv,"guardés, sa",,,
JiqTRSy,guardamanos,RELATED_RESULT,JiqR8OL,guardamano,,,
JpbNW8f,güillín,RELATED_RESULT,KmPDIrV,huillín,,,
JrAQuUM,güipil,RELATED_RESULT,KmYoaMd,huipil,,,
K21DVDr,harmoniosamente,RELATED_RESULT,3bnZ0VK,armoniosamente,,,
Jbgd8Hp,guachalomo,RELATED_RESULT,KjECP18,huachalomo,,,
Jo8Wzfr,güegüenche,RELATED_RESULT,KkyLcvb,huehuenche,,,
JPW97Xk,gráfica,RELATED_RESULT,JPeHrNL,"gráfico, ca",,,
K1XZ7et,harem,RELATED_RESULT,K1YEkbn,harén,,,
K0GDhmq,hamburguesa,RELATED_RESULT,K0FZq4Z,"hamburgués, sa",,,
JjqwLPx,guardiacivil,RELATED_RESULT,JjpuE9J | JjpuE9J#9JzaAbi,guardia | guardia,,,
JphcEc3,güilota,RELATED_RESULT,KmRRDcW,huilota,,,
JtRW1PP,gurbia,RELATED_RESULT,JtRcHqB,"gurbio, bia",,,
JTRSDl7,granujada,RELATED_RESULT,JTSLyQm,"granujado, da",,,
K8Mc4z7,hemiplejía,RELATED_RESULT,K8JL7Uk,hemiplejia,,,
K255KF1,harmonización,RELATED_RESULT,3buGv0C,armonización,,,
K2DiW6A,harpa,RELATED_RESULT,3cb7u96,arpa,,,
K6eVe3R,heliofísica,RELATED_RESULT,K6gI9Eb,"heliofísico, ca",,,
Je4VbQD,guajira,RELATED_RESULT,Je4ekL6,"guajiro, ra",,,
Jdhuol2,guairuro,RELATED_RESULT,KjNCdG3,huairuro,,,
Jg2cEDO,guantera,RELATED_RESULT,Jg5TcME,"guantero, ra",,,
JfUMT3O,guanera,RELATED_RESULT,JfVPeW5,"guanero, ra",,,
JjALQHl,guardaparque,RELATED_RESULT,JjBxdGh,guardaparques,,,
JtavIYG,gurisa,RELATED_RESULT,JtY5gZH,"gurí, risa",,,
Jvx6DF5,hablantina,RELATED_RESULT,Jvu1Dfv,"hablantín, na",,,
KBfKeLh,herbolaria,RELATED_RESULT,KBgKAtR,"herbolario, ria",,,
K18K46j,haraquiri,RELATED_RESULT,K0zqmDo,harakiri,,,
Jzxg61J,hamadriada,RELATED_RESULT,JzyZ7Fs,hamadríada,,,
K5kahZi,heladora,RELATED_RESULT,K5kaceO,"helador, ra",,,
JzzP3WS,hámago,RELATED_RESULT,2C1D7NA,ámago,,,
JhraddZ,guardabosques,RELATED_RESULT,JhoLiDZ,guardabosque,,,
KDV1FRl,hermenéutica,RELATED_RESULT,KDXnico,"hermenéutico, ca",,,
K74VN55,helitrasportar,RELATED_RESULT,K74Aw4l,helitransportar,,,
JxnUzyc,hadada,RELATED_RESULT,JxnufjJ,"hadado, da",,,
JoZcdLg,guerrera,RELATED_RESULT,JogJAs9,"guerrero, ra",,,
K24CEXJ,harmonizable,RELATED_RESULT,3btHsFP,armonizable,,,
KEozyIo,herraj,RELATED_RESULT,G3hA7C9,erraj,,,
K5IzkDF,hedentina,RELATED_RESULT,K5IzuR1,"hedentino, na",,,
K5eo17t,heladera,RELATED_RESULT,K5gdtSU,"heladero, ra",,,
K1pCx6o,harmonía,RELATED_RESULT,3bXmVta,armonía,,,
Jz3t1pp,haleche,RELATED_RESULT,1gLoBQD,aleche,,,
K7R5yxo,hemat-,RELATED_RESULT,K7Yq789,hemato-,,,
K8oOxaz,hemodinámica,RELATED_RESULT,K8pGXSt,"hemodinámico, ca",,,
KFCkk9y,herrera,RELATED_RESULT,KFRHpa0,"herrero, ra",,,
JoFqLkC,güemul,RELATED_RESULT,KlDb7X4,huemul,,,
K9BGrnn,hemorroisa,RELATED_RESULT,K9EU9YV,hemorroísa,,,
K6tEDpz,heliostato,RELATED_RESULT,K6tOpgU,helióstato,,,
JryiQru,güisquil,RELATED_RESULT,KmqptKF,huisquil,,,
K207HoH,harmonio,RELATED_RESULT,3bnCjZZ,armonio,,,
KHIZJC1,heterósfera,RELATED_RESULT,KHFTJsM,heterosfera,,,
K26cutw,harmonizar,RELATED_RESULT,3bxxEAs,armonizar,,,
KAorQG6,heráldica,RELATED_RESULT,KApsuCF,"heráldico, ca",,,
KEVaqyK,herpe,RELATED_RESULT,KEWLXVi,herpes,,,
K8zyfOQ,hemólisis,RELATED_RESULT,K8zmkFQ,hemolisis,,,
KHVxhOJ,hética,RELATED_RESULT,KHWcvVR,"hético, ca",,,
Jd5Edfp,guadúa,RELATED_RESULT,Jd4oiFl,guadua,,,
Jyt7ggE,halconera,RELATED_RESULT,JyvCTBH,"halconero, ra",,,
K1pe1Bh,harmónicamente,RELATED_RESULT,3bgK0uA,armónicamente,,,
K2GCzUq,harpía,RELATED_RESULT,3cnkcTt,arpía,,,
KH4WnNN,heteromancía,RELATED_RESULT,KH2Trem,heteromancia,,,
JcUTULZ,guadañadora,RELATED_RESULT,JcTwBG1,"guadañador, ra",,,
K1Bt2gB,haravico,RELATED_RESULT,3Pkv800,aravico,,,
KAHNse2,hepática,RELATED_RESULT,KAIl21X,"hepático, ca",,,
KLckhg6,hidroscopía,RELATED_RESULT,KLcSyXe,hidroscopia,,,
K54ulus,héctica,RELATED_RESULT,K55kaMf,"héctico, ca",,,
ICxUUKu,fontana,RELATED_RESULT,ID9PEoL,"fontano, na",,,
IAQExs5,folklore,RELATED_RESULT,I9k9xD7,folclore,,,
KKoQlEg,hidromancía,RELATED_RESULT,KKnk8Oo,hidromancia,,,
KIlTG9h,hicaco,RELATED_RESULT,KrtKPuT,icaco,,,
KHcDhSp,heurística,RELATED_RESULT,KHdGTfC,"heurístico, ca",,,
JyKBjdw,haikú,RELATED_RESULT,JyK0w1N,haiku,,,
KJZat0e,hidráulica,RELATED_RESULT,KJbsezd,"hidráulico, ca",,,
KMeImFx,hierbal,RELATED_RESULT,cAsyPR9,yerbal,,,
KNf0O2o,higroscopía,RELATED_RESULT,KNd1oSf,higroscopia,,,
KK9RUur,hidrodinámica,RELATED_RESULT,KKDSirV,"hidrodinámico, ca",,,
KgdJFGP,hortelana,RELATED_RESULT,Kge6R8P,"hortelano, na",,,
KKbWvE8,hidrolisis,RELATED_RESULT,KKcL61V,hidrólisis,,,
KtLQ9qb,-idad,RELATED_RESULT,BotFPGe,-dad,,,
IJyZPD1,fotograbadora,RELATED_RESULT,IJwPuG1,"fotograbador, ra",,,
KLdgITZ,hidrósfera,RELATED_RESULT,KLdFtzT,hidrosfera,,,
KMpJtUk,hiero,RELATED_RESULT,cB8yfa1 | KCqQLb3,yero | herir,,,
KLgnb6Z,hidrostática,RELATED_RESULT,KLm8yIL,"hidrostático, ca",,,
KOnbSfC,hiladora,RELATED_RESULT,KOlbJ1N,"hilador, ra",,,
KXYVjp2,hita,RELATED_RESULT,KXfBEVb | KXZwCfZ,"hito, ta | hitar",,,
Jmwu0UE,guayabera,RELATED_RESULT,JmxXl0W,"guayabero, ra",,,
KkPvANN,huasca,RELATED_RESULT,JlgvCKR,guasca,,,
K5bHJxJ,héjira,RELATED_RESULT,K5aQApU,hégira,,,
KWaUK3m,histeroscopía,RELATED_RESULT,KWaTDOn,histeroscopia,,,
KUqaJge,hipótesi,RELATED_RESULT,KUtnGU1,hipótesis,,,
KrHckrH,huy,RELATED_RESULT,bDc9Ahi,uy,,,
KXXcp2U,histrionisa,RELATED_RESULT,KXQC3ND,"histrión, nisa",,,
Kmz0Q8M,hulahúla,RELATED_RESULT,KmyzNMS,hula-hula,,,
KWpydX6,histoquímica,RELATED_RESULT,KWqFvk6,"histoquímico, ca",,,
Kc9FsFM,homósfera,RELATED_RESULT,Kc6W6Kb,homosfera,,,
KjbMtcL,huamúchil,RELATED_RESULT,JesZ1Bi,guamúchil,,,
JwZWurc,hacendera,RELATED_RESULT,JwcK77M,"hacendero, ra",,,
ITtwWlp,fría,RELATED_RESULT,IUteOxn | IRkiFdF,"frío, a | freír",,,
KlkDwpd,huesuda,RELATED_RESULT,KllsynA,"huesudo, da",,,
KfaU6qg,hornaguera,RELATED_RESULT,Kfan1dm,"hornaguero, ra",,,
KRw6jMC,hípica,RELATED_RESULT,KRzL1Zu,"hípico, ca",,,
KMjxpop,hierbazal,RELATED_RESULT,cAwab5H,yerbazal,,,
KkBEHLF,huarache,RELATED_RESULT,Jgl10gL,guarache,,,
KlZDVwi,huesera,RELATED_RESULT,KlauOod,"huesero, ra",,,
KsCJZny,-ición,RELATED_RESULT,9I27Gyi,-ción,,,
L0LWg7J,imam,RELATED_RESULT,L0MvbBn,imán<sup>2</sup>,,,
L120iDS,-imiento,RELATED_RESULT,PDgi3bc,-miento,,,
LY8J1Xi,informática,RELATED_RESULT,LY8zQy3,"informático, ca",,,
Ko9CuTj,húmeda,RELATED_RESULT,KoINmJk,"húmedo, da",,,
L31BYXL,imperatoria,RELATED_RESULT,L38TCyY,"imperatorio, ria",,,
KvNh82L,-iense,RELATED_RESULT,FcdC0S8,-ense,,,
KQw2ySu,hipercrítica,RELATED_RESULT,KQwkomA,"hipercrítico, ca",,,
KMmCS9Y,hierbería,RELATED_RESULT,cB1kLyk,yerbería,,,
KvGioHm,-idura,RELATED_RESULT,EHGi0dJ,-dura,,,
KiQ3lpc,house,RELATED_RESULT,0EUOgTV | 0gAq1Lh | 0gGUoji | 3F5pMEg | 4MSFSQ1 | 80SsCGG | KdtkuRQ | KicNXHr | R6sHpEA | SCtP2h8,abusar | acusar | acuse | aponer | atusar | causar | hoparse | hoyar | oponer | pausar,,,
KrQe8X3,i-,RELATED_RESULT,L9vLorj | L9vXSzQ,in-<sup>1</sup> | in-<sup>2</sup>,,,
KrTWYNC,i-,RELATED_RESULT,L9vLorj | L9vXSzQ,in-<sup>1</sup> | in-<sup>2</sup>,,,
KYx60jS,holandesa,RELATED_RESULT,KYwyn6b,"holandés, sa",,,
KjHC0tJ,huachinango,RELATED_RESULT,Jbyum8R,"guachinango, ga",,,
KpObarq,humorada,RELATED_RESULT,KpTAlyE,"humorado, da",,,
KsOKaaZ,"‒́ico, ca",RELATED_RESULT,KsR7xfb | Ksvb2kU | MBZrdaZ,"icónico, ca | icoroso, sa | isoca",,,
KytulPG,-illa,RELATED_RESULT,KywyhW2,"-illo, lla",,,
KYhw9zI,hojasanta,RELATED_RESULT,KYSU0CJ | KYSU0CJ#Dc0q2u1,hoja | hoja,,,
L4BHP4I,impía,RELATED_RESULT,L4GbXWy,"impío, a",,,
L0GOIEW,imaginativa,RELATED_RESULT,L0GWhuR,"imaginativo, va",,,
KojYAk1,húmil,RELATED_RESULT,Koh4oIY,humil,,,
LNc6oh5,indiana,RELATED_RESULT,LNmA7Pk,"indiano, na",,,
L70kens,impresora,RELATED_RESULT,L6zeI9R,"impresor, ra",,,
KziuOQ7,ilustrísima,RELATED_RESULT,KznLAjI,"ilustrísimo, ma",,,
Kzo84Wg,im-,RELATED_RESULT,L9vLorj | L9vXSzQ,in-<sup>1</sup> | in-<sup>2</sup>,,,
Kzpk9SX,im-,RELATED_RESULT,L9vLorj | L9vXSzQ,in-<sup>1</sup> | in-<sup>2</sup>,,,
Kj02ULc,huacal,RELATED_RESULT,JbHX4ci,guacal,,,
Klvtmq3,huevera,RELATED_RESULT,KlwkMoP,"huevero, ra",,,
KkcIWmx,huateque,RELATED_RESULT,JmV3DvA,guateque,,,
Kn7Cjbp,hulera,RELATED_RESULT,Kn7K39s,"hulero, ra",,,
LFoFmPR,incógnita,RELATED_RESULT,LFouOlI,"incógnito, ta",,,
KfpMQiD,hornera,RELATED_RESULT,KfwoZ6v,"hornero, ra",,,
L543hqY,impolítica,RELATED_RESULT,L55XvuK,"impolítico, ca",,,
KsXBcnJ,ícono,RELATED_RESULT,KsRzX3u,icono,,,
KrqSttz,-ible,RELATED_RESULT,5gagNwr,-ble,,,
La1teFQ,-inga,RELATED_RESULT,LaYEmoC,"-ingo, ga",,,
KqaaiGr,huronera,RELATED_RESULT,KqbIgUs,"huronero, ra",,,
LLk5Eu9,indagatoria,RELATED_RESULT,LLmUSSI,"indagatorio, ria",,,
KjNN3IS,huaje,RELATED_RESULT,JdyojHi,guaje,,,
KpCxwJS,húmilmente,RELATED_RESULT,KpCjyXR,humilmente,,,
L11ttMb,-imento,RELATED_RESULT,OxGaTig,-mento,,,
LYk8D5E,infraganti,RELATED_RESULT,LYnESFR,in fraganti,,,
LP6YeBh,indirecta,RELATED_RESULT,LPBzYJt,"indirecto, ta",,,
KkIo7x5,huarapeta,RELATED_RESULT,JhMQZfK,guarapeta,,,
Kiy1E0B,huaca,RELATED_RESULT,JbFx8qE,guaca,,,
LRoaO79,indumentaria,RELATED_RESULT,LRprsMH,"indumentario, ria",,,
KrXErWW,iatrogenia,RELATED_RESULT,c9xJNxL,yatrogenia,,,
LYrgD1R,infraoctava,RELATED_RESULT,LYs4hIx,"infraoctavo, va",,,
LcM4y9N,iniciativa,RELATED_RESULT,LcMBTa2,"iniciativo, va",,,
MSOxz2l,jienense,RELATED_RESULT,MSSPSfW,jiennense,,,
LPn3SGl,individua,RELATED_RESULT,LQCSlDx,"individuo, dua",,,
Lbg9vca,inhibitoria,RELATED_RESULT,LbgjF4q,"inhibitorio, ria",,,
MBXp1OE,isóbata,RELATED_RESULT,MBV4BAI,isobata,,,
LaM1MsI,ingenua,RELATED_RESULT,LaPYF6u,"ingenuo, nua",,,
MQZMA6j,jeroglífica,RELATED_RESULT,MQdMeZw,"jeroglífico, ca",,,
Lix5P4f,inquisitoria,RELATED_RESULT,Lj0gRs0,"inquisitorio, ria",,,
LoWYsKZ,insubstancialidad,RELATED_RESULT,LpicJCT,insustancialidad,,,
LzABXVV,intranscendente,RELATED_RESULT,LzRNfTc,intrascendente,,,
MOMe2jh,javera,RELATED_RESULT,MGNn5aA,jabera,,,
LzSx99T,intrasmisible,RELATED_RESULT,LzJouy8,intransmisible,,,
MMeYHam,jardinera,RELATED_RESULT,MMgyK7y,"jardinero, ra",,,
Ly1TRna,íntima,RELATED_RESULT,LyMT3PN,"íntimo, ma",,,
LzSv4cn,intrasferible,RELATED_RESULT,LzAPF0E,intransferible,,,
Mgg3L5y,kerosén,RELATED_RESULT,UoBTaU4,querosén,,,
LdU4P87,inmaculada,RELATED_RESULT,LdYbHVh,"inmaculado, da",,,
LvDa2YL,intermedia,RELATED_RESULT,LvMjX4C | LvIP6xv,"intermedio, dia | intermediar",,,
LqSt9sX,intelectiva,RELATED_RESULT,LqUPL5u,"intelectivo, va",,,
Lz36vrt,intranscendental,RELATED_RESULT,LzRKQa3,intrascendental,,,
LoTyyd6,insubstancial,RELATED_RESULT,Lpf0eyr,insustancial,,,
LesgIpS,inmobiliaria,RELATED_RESULT,LestGHS,"inmobiliario, ria",,,
MUkkaoo,jitomatera,RELATED_RESULT,MUlphX2,"jitomatero, ra",,,
MC2FYcK,isógona,RELATED_RESULT,MC36jMa,"isógono, na",,,
M8FZeaQ,irremplazable,RELATED_RESULT,M7YMVbr,irreemplazable,,,
M58g7NQ,iodo,RELATED_RESULT,cCOFtRd,yodo,,,
MEsPnbu,-iva,RELATED_RESULT,MExlfOK,"-ivo, va",,,
MWj8Oey,jope,RELATED_RESULT,MWkSFZo | MWiVaBe,jopé | joparse,,,
M50wKpf,inyectadora,RELATED_RESULT,M4zxrr5,"inyectador, ra",,,
MDcuY4X,itálica,RELATED_RESULT,MDmtQwf,"itálico, ca",,,
MP8bOEu,jefa,RELATED_RESULT,MPAoQ4z,"jefe, fa",,,
MI3bO8N,jaculatoria,RELATED_RESULT,MI4Ivoj,"jaculatorio, ria",,,
LmbLovc,instantánea,RELATED_RESULT,Lmh7uYm,"instantáneo, a",,,
Mgj9ZpQ,kerosene,RELATED_RESULT,UoDi91W,querosene,,,
MSaeFTI,jiga,RELATED_RESULT,JBCisnU,giga<sup>1</sup>,,,
LuSO7Ek,interina,RELATED_RESULT,LubM3zY | LuTtf0e,"interino, na | interinar",,,
MGmnPYN,jabonera,RELATED_RESULT,MGoJoIB,"jabonero, ra",,,
MCNq0Xn,isoquimena,RELATED_RESULT,MCPH5S5,isoquímena,,,
Mg4WPc0,karate,RELATED_RESULT,Mg51itT,kárate,,,
MaanWax,jueza,RELATED_RESULT,MaZWBEH,"juez, za",,,
MCcOBVi,isoterma,RELATED_RESULT,MCefujQ,"isotermo, ma",,,
Mgk90u3,keroseno,RELATED_RESULT,UoELYz4,queroseno,,,
Mn65SRG,ladrillera,RELATED_RESULT,Mn764g1,"ladrillero, ra",,,
MaDYT0x,judiciaria,RELATED_RESULT,MaDwasA,"judiciario, ria",,,
LoZKC0k,insubstituible,RELATED_RESULT,Lpmc14s,insustituible,,,
MYI7XfK,joyera,RELATED_RESULT,MYLKUuj,"joyero, ra",,,
LgopXjl,innocuidad,RELATED_RESULT,LhbXYdA,inocuidad,,,
Mgf7cky,kermes,RELATED_RESULT,Uo5B7tr,quermes,,,
MFQEcT5,izquierda,RELATED_RESULT,MFY7k4v,"izquierdo, da",,,
Lz1c6U1,intranscendencia,RELATED_RESULT,LzPT1ST,intrascendencia,,,
MgmpoOE,kerosín,RELATED_RESULT,UoGhVVR,querosín,,,
LrnBryY,intendenta,RELATED_RESULT,LrnPdHT,"intendente, ta",,,
LoXuF7k,insubstancialmente,RELATED_RESULT,LployMM,insustancialmente,,,
M5P8bAs,ionósfera,RELATED_RESULT,M5LlCnT,ionosfera,,,
MF2CsuF,-iza,RELATED_RESULT,MFNRiP9,"-izo, za",,,
MAIdOZT,isalóbara,RELATED_RESULT,MAEZhmj,isalobara,,,
M5AuXo2,ioduro,RELATED_RESULT,cCVmKq5,yoduro,,,
MflpsB0,kaki,RELATED_RESULT,7NDXPkq | 7NE6duG,caqui<sup>1</sup> | caqui<sup>2</sup>,,,
MfnovZm,kaki,RELATED_RESULT,7NDXPkq | 7NE6duG,caqui<sup>1</sup> | caqui<sup>2</sup>,,,
MmF8Qiv,ladera,RELATED_RESULT,MmGMLz3,"ladero, ra",,,
Mb0D0Kf,juglaresa,RELATED_RESULT,Mapkqap,"juglar, resa",,,
M2wuxim,inventiva,RELATED_RESULT,M2y5nFT,"inventivo, va",,,
MZV0di3,judaica,RELATED_RESULT,MZVELlA,"judaico, ca",,,
MdI5wAM,juntera,RELATED_RESULT,MdJ0odk,"juntero, ra",,,
Mgd5Wom,kepí,RELATED_RESULT,UnRXHTl,quepí,,,
MjcnW9w,labrada,RELATED_RESULT,MjdbSDd | Mk0fHqB,"labrado, da | labrar",,,
Mh18Dd9,kilim,RELATED_RESULT,Mh19FWg,kílim,,,
MHSbNKh,jacarandina,RELATED_RESULT,MHTACAx,"jacarandino, na",,,
MUQujaP,jirofle,RELATED_RESULT,JDXLS6Z,girofle,,,
MbyyGHE,juma,RELATED_RESULT,McUOIgK | Mc1hycx,"jumo, ma | jumarse",,,
MHcaIPv,jacerina,RELATED_RESULT,MHeubNM,"jacerino, na",,,
MnhNGki,lagarta,RELATED_RESULT,MnrWCnQ,"lagarto, ta",,,
MhfQNlk,kiosco,RELATED_RESULT,Uvf4PlP,quiosco,,,
MqcGqcu,laminadora,RELATED_RESULT,MqcFOd0,"laminador, ra",,,
Mp5O0E4,lambeculos,RELATED_RESULT,Mp50oSK,lambeculo,,,
MzdFByQ,laudatoria,RELATED_RESULT,Mze1sE2,"laudatorio, ria",,,
N3Bwc8u,lechosa,RELATED_RESULT,N3J36Zu,"lechoso, sa",,,
MvBiwKZ,laparoscopía,RELATED_RESULT,Mv8z9E7,laparoscopia,,,
MiNBSEr,kungfú,RELATED_RESULT,MiMhUzc,kung-fu,,,
N01Vgpu,lauréola,RELATED_RESULT,MzzQ571,laureola,,,
MzrxOsO,laureada,RELATED_RESULT,Mzrywdl | Mzt0PqL,"laureado, da | laurear",,,
N8s0F6P,leonina,RELATED_RESULT,N8sIsao | N8yR3xP | N8ymLF9,"leonino<sup>1</sup>, na | leonino<sup>2</sup>, na | leonino<sup>3</sup>, na",,,
N4oFVdl,legítima,RELATED_RESULT,N58VtPK,"legítimo, ma",,,
MnRLFvc,ladronesca,RELATED_RESULT,MnRk3n1,"ladronesco, ca",,,
NbbwDum,longui,RELATED_RESULT,NbdvlBR,longuis,,,
MntQPbd,lagartona,RELATED_RESULT,Mnt1gVP,"lagartón, na",,,
NGbaX1n,licorera,RELATED_RESULT,NGcPbpy,"licorero, ra",,,
NFhIO3t,librera,RELATED_RESULT,NFnxUWB,"librero, ra",,,
N35rkkm,lechigada,RELATED_RESULT,N37c0uG,"lechigado, da",,,
MwqOyHj,laringoscopía,RELATED_RESULT,MwoOwKF,laringoscopia,,,
Myh0o7x,latiguera,RELATED_RESULT,Myh3hQK,"latiguero, ra",,,
NtzDHe0,magnetósfera,RELATED_RESULT,Nty89JS,magnetosfera,,,
NokFeBq,macrocosmo,RELATED_RESULT,Nolpeml,macrocosmos,,,
Mgd5Z2e,kepis,RELATED_RESULT,UnTHZaJ,quepis,,,
MzxaO5R,laurencio,RELATED_RESULT,N1Xa1ZA,lawrencio,,,
NKf94RS,limonada,RELATED_RESULT,NKfhflu,"limonado, da",,,
N19BTHP,lavarropa,RELATED_RESULT,N19uIUj,lavarropas,,,
NSCwnZv,litósfera,RELATED_RESULT,NSBT8hz,litosfera,,,
NJLpWv6,lija,RELATED_RESULT,NJVBCCN | NJSmnxC,"lijo, ja | lijar<sup>1</sup>",,,
NeDnU4z,lucera,RELATED_RESULT,NeJUIRh,"lucero, ra",,,
Mw8ozBI,larga,RELATED_RESULT,MwNMwao | MwDog5u,"largo, ga | largar",,,
NgCM5Bm,luenga,RELATED_RESULT,NgDk8qm,"luengo, ga",,,
O8mI4q1,mancía,RELATED_RESULT,O8mI23g | O8mZrDI,mancia | -mancia,,,
Nw1t2pb,maicera,RELATED_RESULT,Nw5sW5w,"maicero, ra",,,
N0cF63T,lavadora,RELATED_RESULT,N0bkjAx,"lavador, ra",,,
NH7RHtt,lideresa,RELATED_RESULT,NGziyCV,"líder, resa",,,
NVIxYEs,llenera,RELATED_RESULT,NVNGUpu,"llenero, ra",,,
N1AYf6u,lavativa,RELATED_RESULT,N1BN9Lt,"lavativo, va",,,
NKn8VBl,limonera,RELATED_RESULT,NKn8ZNi | NKoavMH,"limonero<sup>1</sup>, ra | limonero<sup>2</sup>, ra",,,
MniLgxz,lagartera,RELATED_RESULT,Mnm37Ot,"lagartero, ra",,,
NfhHi8z,ludia,RELATED_RESULT,NfwqFS0,"ludio, dia",,,
O70XC1E,mampuesta,RELATED_RESULT,O70ZsUv,"mampuesto, ta",,,
Nlod8pJ,macedonia,RELATED_RESULT,Nls7Ll5,"macedonio, nia",,,
NMVmjOg,lindera,RELATED_RESULT,NMcox2f,"lindero, ra",,,
N11vUML,lavandera,RELATED_RESULT,N15I9zG,"lavandero, ra",,,
NPwyb64,-lisis,RELATED_RESULT,NPxuR3s,‒́lisis,,,
N9kCDdq,lerda,RELATED_RESULT,N9p8m7C,"lerdo, da",,,
NcnX1R9,"los, las",RELATED_RESULT,NctvCRJ,losilla,,,
NWHcsrt,llorona,RELATED_RESULT,NWDt21C,"llorón, na",,,
NZ9TIww,lógica,RELATED_RESULT,NZEWqRA,"lógico, ca",,,
NNOi3Xb,lingüística,RELATED_RESULT,NNPFPOl,"lingüístico, ca",,,
N8bIyb9,leñera,RELATED_RESULT,N8eN4gF,"leñero, ra",,,
NMznEtk,linf-,RELATED_RESULT,NN5kYL3,linfo-,,,
NaGCMg0,lombarda,RELATED_RESULT,NaPJ6Bc,"lombardo, da",,,
NjQGzzV,lustramueble,RELATED_RESULT,NjQJm1z,lustramuebles,,,
N8nEYH6,leonera,RELATED_RESULT,N8pj349,"leonero, ra",,,
NOAW8dA,lionesa,RELATED_RESULT,NOAVDQK,"lionés, sa",,,
O2RUOae,malhumor,RELATED_RESULT,KpO2OpY | KpO2OpY#68VDgEt,humor | humor,,,
NKyPXWP,limosnera,RELATED_RESULT,NKyYQEI,"limosnero, ra",,,
NvrJUns,mahonesa,RELATED_RESULT,NvpVU14,"mahonés, sa",,,
NuoavD9,magra,RELATED_RESULT,Nuz61Tu,"magro, gra",,,
O8mbguA,-mancía,RELATED_RESULT,O8mZrDI,-mancia,,,
NSHw0WZ,lítotes,RELATED_RESULT,NSFo7em,lítote,,,
NSgIhY1,liviana,RELATED_RESULT,NSjs7Yb,"liviano, na",,,
NYJJANL,locomotora,RELATED_RESULT,NYIm0IY,"locomotor, ra",,,
NyfGwck,malagueña,RELATED_RESULT,NyfWjJV,"malagueño, ña",,,
NSEBljm,litote,RELATED_RESULT,NSFo7em,lítote,,,
Nfa6wuD,luctuosa,RELATED_RESULT,NfdgK4o,"luctuoso, sa",,,
O87iyLv,manceba,RELATED_RESULT,O8D4nM1,"mancebo, ba",,,
O8XPV8j,manchamantel,RELATED_RESULT,O8Y3YhC,manchamanteles,,,
NkgYDnm,macadam,RELATED_RESULT,Nkjum4U,macadán,,,
NWheYMi,lluviosa,RELATED_RESULT,NWiYuUf,"lluvioso, sa",,,
NoevsrX,macrobiótica,RELATED_RESULT,NofTF9R,"macrobiótico, ca",,,
NsQ1KTO,magazín,RELATED_RESULT,NsC6UpN,magacín,,,
Nc40ohX,loquera,RELATED_RESULT,Nc8q6oQ,"loquero, ra",,,
OAlt9tq,manducatoria,RELATED_RESULT,OAoFdFq,"manducatorio, ria",,,
N6pQtQM,lencera,RELATED_RESULT,N6q3udJ,"lencero, ra",,,
Nb4CBvB,longa,RELATED_RESULT,NbOlegH | NbP0GwL,"longo<sup>1</sup>, ga | longo<sup>2</sup>, ga",,,
NrZDRGq,maestra,RELATED_RESULT,Ns5vHZY,"maestro, tra",,,
Nnk6NoF,machorra,RELATED_RESULT,Nnkk6Pz,"machorro, rra",,,
NZI3h9r,logística,RELATED_RESULT,NZJWMiV,"logístico, ca",,,
NrNE9yl,maesa,RELATED_RESULT,NrYPdUj,"maeso, sa",,,
NSFyNsd,litotes,RELATED_RESULT,NSFo7em,lítote,,,
O9cdsjD,mandarina,RELATED_RESULT,O9XyWUJ | O9ZP56X,"mandarín<sup>1</sup>, na | mandarín<sup>2</sup>, na",,,
Ng5Qr7x,lúe,RELATED_RESULT,NgFMYXF,lúes,,,
Nry6s7Y,maestreescuela,RELATED_RESULT,Ns2ZQxt,maestrescuela,,,
NXcLqtD,loca,RELATED_RESULT,NYFsSZ5,"loco<sup>2</sup>, ca",,,
NPOPt0U,lírica,RELATED_RESULT,NPQgwbU,"lírico, ca",,,
Mqhy1Za,laminera,RELATED_RESULT,Mqi306U | Mqi4W9x,"laminero<sup>1</sup>, ra | laminero<sup>2</sup>, ra",,,
OHTv0l2,mantequillera,RELATED_RESULT,OHUp9wG,"mantequillero, ra",,,
O9PqJtA,mándala,RELATED_RESULT,O9Pcbki | O9XNjAe,mandala | mandar,,,
N2b2q3L,lecanomancía,RELATED_RESULT,N2ZtnoJ,lecanomancia,,,
NsspY6B,mágica,RELATED_RESULT,NstmVML,"mágico, ca",,,
OPpPqqj,mariguana,RELATED_RESULT,OPtFZ2y,marihuana,,,
N0ojNXC,lavalozas,RELATED_RESULT,N0mW3PS,lavaloza,,,
N3oNIfv,lega,RELATED_RESULT,N5D53vo | N4N8KVq | N4NTDsX,"lego, ga | legar<sup>1</sup> | legar<sup>2</sup>",,,
NXKrD37,lobera,RELATED_RESULT,NXMzfUu,"lobero, ra",,,
NlvIG3q,macehual,RELATED_RESULT,NlvBYpV,macegual,,,
OhOpPlR,mazorquera,RELATED_RESULT,OhSkyda,"mazorquero, ra",,,
OCb5wrX,manguera,RELATED_RESULT,OChvCSB,"manguero, ra",,,
O0dsbdy,maldita,RELATED_RESULT,O0ix6WQ | O0XKKDz,"maldito, ta | maldecir",,,
OAPe45P,mandriladora,RELATED_RESULT,OAPTNho,"mandrilador, ra",,,
ODrXoYg,manigero,RELATED_RESULT,OE1ET7E,manijero<sup>1</sup>,,,
OZ5f4mF,mastique,RELATED_RESULT,OZ5xepX | OYcG3M2,mástique | masticar,,,
OGeft0R,mantecada,RELATED_RESULT,OGf94Nk,"mantecado, da",,,
OfuDgGJ,mayorazga,RELATED_RESULT,Ofvk0tD,"mayorazgo, ga",,,
P4e2QHu,metafísica,RELATED_RESULT,P4filyH,"metafísico, ca",,,
OTg5qQf,marrana,RELATED_RESULT,OTsV0OJ,"marrano, na",,,
OJSiSBB,mañera,RELATED_RESULT,OJYvkrC | OJaZkeL,"mañero<sup>1</sup>, ra | mañero<sup>2</sup>, ra",,,
ODLv67q,manicura,RELATED_RESULT,ODMXcYh,"manicuro, ra",,,
OSB0rB1,marmitaco,RELATED_RESULT,OSBz4qH,marmitako,,,
OnTGesE,mejicanismo,RELATED_RESULT,P8uQneH,mexicanismo,,,
Oi2tvSV,mecánica,RELATED_RESULT,OiC9vhp,"mecánico, ca",,,
OQ8ViYd,marina,RELATED_RESULT,OQWUxHw | OQDqH0h,"marino, na | marinar",,,
OQHIvvX,marinera,RELATED_RESULT,OQRNwzt,"marinero, ra",,,
OFIKurP,manola,RELATED_RESULT,OFKDI0J,"manolo, la",,,
OHJABTm,mantequera,RELATED_RESULT,OHQAipz,"mantequero, ra",,,
PCCDCjC,micrófito,RELATED_RESULT,PCBhNYc,microfito,,,
OfoHdPr,mayorala,RELATED_RESULT,OfkvK6v,"mayoral, la",,,
OnSnLUH,mejicanidad,RELATED_RESULT,P8sVAa2,mexicanidad,,,
Ofz9FZm,mayordoma,RELATED_RESULT,OgCmShx,"mayordomo, ma",,,
ObQEccx,matemática,RELATED_RESULT,ObS8ajk,"matemático, ca",,,
P7uWIif,metoposcopía,RELATED_RESULT,P7u1Wxn,metoposcopia,,,
P0UV1BC,meridiana,RELATED_RESULT,P0aPuQK,"meridiano, na",,,
Odc09Bv,matrona,RELATED_RESULT,Odao13n | OdhslrX,"matrón, na | matrono, na",,,
PAcgw4r,micado,RELATED_RESULT,PENVFC0,mikado,,,
OkfZnAe,médica,RELATED_RESULT,Ol43qKz | Ol6Jp7U,"médico<sup>1</sup>, ca | médico<sup>2</sup>, ca",,,
OgPggI1,mayúscula,RELATED_RESULT,OgQQ387,"mayúsculo, la",,,
PC8IedB,microfilmadora,RELATED_RESULT,PC7Trlz,"microfilmador, ra",,,
PEm1aLV,mildiú,RELATED_RESULT,PElmkfJ,mildiu,,,
OTslzYG,marrano,RELATED_RESULT,OTsV0OJ,"marrano, na",,,
OdsfLPP,maturranga,RELATED_RESULT,Odtx3ZT,"maturrango, ga",,,
PHG4FjN,mimesis,RELATED_RESULT,PHHa8xx,mímesis,,,
OMdHgtT,marcapaso,RELATED_RESULT,OMhGMWg,marcapasos,,,
OjMz6f0,mechuda,RELATED_RESULT,OjTEUkh,"mechudo, da",,,
Om2gVXr,mediofondo,RELATED_RESULT,IBiSV3w | IBiSV3w#GwngQoW,fondo<sup>2</sup> | fondo<sup>2</sup>,,,
PM0hEVd,mirabolanos,RELATED_RESULT,PLzPaNU,mirabolano,,,
OnUxkJo,mejicanista,RELATED_RESULT,P8wfHLe,mexicanista,,,
P6Az0dK,metapsíquica,RELATED_RESULT,P6BrUHG,"metapsíquico, ca",,,
PEzdvlN,milésima,RELATED_RESULT,PF2DO0F,"milésimo, ma",,,
PGiD3RP,miltrillonésima,RELATED_RESULT,PGjtb8Q,"miltrillonésimo, ma",,,
OZoQGIq,mataburro,RELATED_RESULT,OZpYYXN,mataburros,,,
OireDEb,mecedora,RELATED_RESULT,OiqfSZh,"mecedor, ra",,,
PCuPtlp,micrótomo,RELATED_RESULT,PCtUnau,microtomo,,,
PGzCwLL,mimbrera,RELATED_RESULT,PH24czG,"mimbrero, ra",,,
P7tPFQX,métopa,RELATED_RESULT,P7tIgNr,metopa,,,
OPJ6WCl,mariana,RELATED_RESULT,OPLnGpp,"mariano, na",,,
PKqmsCJ,minúscula,RELATED_RESULT,PKs4ucE,"minúsculo, la",,,
OlWJe2D,medioambiente,RELATED_RESULT,OlQ6yC8 | OlQ6yC8#BgNGPon,"medio, dia | medio, dia",,,
OfT0BLr,mayéutica,RELATED_RESULT,OfTiG5n,"mayéutico, ca",,,
P9Mr5j2,mezcladora,RELATED_RESULT,P9Mmff6,"mezclador, ra",,,
PNA8zVC,mirobálanos,RELATED_RESULT,PN9vIZO,mirobálano,,,
OIwAQJX,manzanera,RELATED_RESULT,OIzFiXo,"manzanero, ra",,,
P3SuEBp,mesósfera,RELATED_RESULT,P3RwUlk,mesosfera,,,
OHVFGDV,mantera,RELATED_RESULT,OHVv1w8,"mantero, ra",,,
OnynM8K,melada,RELATED_RESULT,OnyxsOd | OoNetPJ,"melado, da | melar<sup>1</sup>",,,
OosDxO3,melera,RELATED_RESULT,OouyCMU,"melero, ra",,,
Omay6NF,medula,RELATED_RESULT,OmbVzu3,médula,,,
PR7nFJV,mixta,RELATED_RESULT,PRHgusG,"mixto, ta",,,
PFZMcb3,milígramo,RELATED_RESULT,PFZ0sx1,miligramo,,,
PLToDln,mioclonia,RELATED_RESULT,PLToDp3,mioclonía,,,
OjxxJgv,mediana,RELATED_RESULT,OkGk1fq,"mediano, na",,,
Oncsq8g,mejillonera,RELATED_RESULT,OnhPrHz,"mejillonero, ra",,,
P5EGlXR,metálica,RELATED_RESULT,P5EvCf8,"metálico, ca",,,
PHaVIXp,mimosa,RELATED_RESULT,PHf92mJ,"mimoso, sa",,,
P652kfD,metamorfosi,RELATED_RESULT,P65e6pL,metamorfosis,,,
P6lvu74,metempsicosis,RELATED_RESULT,P6nyC83,metempsícosis,,,
PMMZWL1,miramelindo,RELATED_RESULT,PMMuyaX,miramelindos,,,
P8B83km,métrica,RELATED_RESULT,P8GiaTg,"métrico, ca",,,
PJVmwL1,mínima,RELATED_RESULT,PJgUkzI,"mínimo, ma",,,
PJqlgnL,ministra,RELATED_RESULT,PK3Dvlo | PJz3tLx,"ministro, tra | ministrar",,,
PQJhpBa,mitín,RELATED_RESULT,PQI3N5V,mitin,,,
P8gRUTv,metrópolis,RELATED_RESULT,P8gBifn,metrópoli,,,
P70XrM7,metéoro,RELATED_RESULT,P702rpI,meteoro,,,
PWf9lry,mohína,RELATED_RESULT,PWjCncZ,"mohíno, na",,,
OH2drLg,mantenedora,RELATED_RESULT,OGyqIzL,"mantenedor, ra",,,
PSFyVYA,moca,RELATED_RESULT,PY1ebTb | PSKd5Qg,moka | mocar,,,
PPYnsUV,mística,RELATED_RESULT,PPd3X8Q,"místico<sup>2</sup>, ca",,,
Oj9uW7j,mechera,RELATED_RESULT,OjEQW6n,"mechero<sup>2</sup>, ra",,,
PBqBORI,microcosmo,RELATED_RESULT,PBsa4YG,microcosmos,,,
PHOKVye,mímica,RELATED_RESULT,PHOa6d2,"mímico, ca",,,
OyHeOwE,mercadera,RELATED_RESULT,OyFtIvU,"mercader, ra",,,
PEjePgP,milbillonésima,RELATED_RESULT,PEk9WYB,"milbillonésimo, ma",,,
PGLV2hI,milmillonésima,RELATED_RESULT,PGM4y9L,"milmillonésimo, ma",,,
PRb5MVf,mnemónica,RELATED_RESULT,PRbUjYS,"mnemónico, ca",,,
PPh0Z1c,mistifori,RELATED_RESULT,PREByGu,mixtifori,,,
PCaFfmo,microscopia,RELATED_RESULT,PCfQ3Aw,microscopía,,,
PRA4g8K,mixtificación,RELATED_RESULT,PPezw4M,mistificación,,,
PEi7q9O,milanesa,RELATED_RESULT,PEhsRMd,"milanés, sa",,,
PNnk622,miscelánea,RELATED_RESULT,PNnyl9C,"misceláneo, a",,,
PwmvDkP,motorizada,RELATED_RESULT,PwpGRwn | PwtgfAD,"motorizado, da | motorizar",,,
PRgwLZf,mnemotécnica,RELATED_RESULT,PRhBcg8,"mnemotécnico, ca",,,
PYyv4ja,moleña,RELATED_RESULT,PZ11UWh,"moleño, ña",,,
PRAlf4o,mixtificar,RELATED_RESULT,PPgqAVp,mistificar,,,
PeiCeUN,monja,RELATED_RESULT,Pejydmn,"monje, ja",,,
Pigchiu,montada,RELATED_RESULT,Pih6VXj | PjOk949,"montado, da | montar",,,
PI2n0rN,minera,RELATED_RESULT,PIQMETY,"minero, ra",,,
PSfaNif,mocha,RELATED_RESULT,PSxNHH2 | PSiupCg,"mocho, cha | mochar",,,
PGFWzSU,millonésima,RELATED_RESULT,PGIMuUA,"millonésimo, ma",,,
PeRn2yi,monis,RELATED_RESULT,Pe9yEUl,moni,,,
PooW9sK,Morfeo,RELATED_RESULT,PolscCE | PrLMc1t | PrPGnTQ,morfar | morrear | morreo,,,
Ped0mAS,monitoria,RELATED_RESULT,PefKa8S,"monitorio, ria",,,
PaYMz63,mollina,RELATED_RESULT,PadKAyu,"mollino, na",,,
PYms7Ow,moledera,RELATED_RESULT,PYnHrLA,"moledero, ra",,,
PdAmFm8,mondonguera,RELATED_RESULT,PdFZrG8,"mondonguero, ra",,,
Q4xlCkf,multiusos,RELATED_RESULT,Q4w3qVU,multiuso,,,
PZX5GVB,molinera,RELATED_RESULT,PZZ453e,"molinero, ra",,,
QJcoTJg,ndowe,RELATED_RESULT,QJdBBya,<i>ndowé</i>,,,
PV4TFBw,modorra,RELATED_RESULT,PV9CZFy | PV4i5JG,"modorro, rra | modorrar",,,
PgF5VVW,monográfica,RELATED_RESULT,PgJe39R,"monográfico, ca",,,
Pbt1sOm,momia,RELATED_RESULT,Pbw5FL8,"momio, mia",,,
QDL8fkH,naif,RELATED_RESULT,QDMAhNK,naíf,,,
PiiUUVn,montadora,RELATED_RESULT,Pihi1nj,"montador, ra",,,
Q2catSK,mulata,RELATED_RESULT,Q2jb9eE,"mulato, ta",,,
QBhPit3,nacida,RELATED_RESULT,QBiEnxJ | QBdrkiM,"nacido, da | nacer",,,
PwdN5yg,motora,RELATED_RESULT,PwbtdE5,"motor, ra",,,
QGcSJgP,narizona,RELATED_RESULT,QGcFsmE,"narizón, na",,,
QJTdPmZ,nazarena,RELATED_RESULT,QJUFCAL,"nazareno, na",,,
Q2ymnwW,muleta,RELATED_RESULT,Q3DS1nQ,"muleto, ta",,,
QIH5j5Z,náutica,RELATED_RESULT,QIIXlot,"náutico, ca",,,
QEu04HW,naranjada,RELATED_RESULT,QEuRel2,"naranjado, da",,,
QMtjxSr,negrita,RELATED_RESULT,QMvvjhy,"negrito, ta",,,
Q69sMQo,muñeca,RELATED_RESULT,Q6AmRPw,"muñeco, ca",,,
Q6Eo6cD,muñequera,RELATED_RESULT,Q6Epp8e,"muñequero, ra",,,
PyzrGuF,mucilago,RELATED_RESULT,Pz10ufb,mucílago,,,
QL09HiT,necroscopía,RELATED_RESULT,QKxD7fT,necroscopia,,,
QEew49n,napea,RELATED_RESULT,QEn8OXC,"napeo, a",,,
Q8CWmIw,musaca,RELATED_RESULT,Q8FiXPd,musaka,,,
QM4l0UB,negativa,RELATED_RESULT,QM8mhzM,"negativo, va",,,
QDE4GRO,nahual,RELATED_RESULT,QD2kheo,nagual,,,
QZOWcLO,noli,RELATED_RESULT,QZTq3nM,nolí,,,
QVx8H1J,niña,RELATED_RESULT,QW5mMvv,"niño, ña",,,
QMUl16K,negra,RELATED_RESULT,QN0nGts,"negro, gra",,,
QEv3LIh,naranjera,RELATED_RESULT,QEx4jMB,"naranjero, ra",,,
PvlEZAI,motera,RELATED_RESULT,PvoqPjt | PvrE32G | PvvbqTB | PvxUYKr,"motero<sup>1</sup>, ra | motero<sup>2</sup>, ra | motero<sup>3</sup>, ra | motero<sup>4</sup>, ra",,,
QVkXtgV,ningún,RELATED_RESULT,QVnWLXL,"ninguno, na",,,
QNrmNoH,nemotecnia,RELATED_RESULT,PRfWIUG,mnemotecnia,,,
QPGBnE9,"neoráceo, a",RELATED_RESULT,9VVKEw0,"cneoráceo, a",,,
QGlgocw,narrativa,RELATED_RESULT,QGmJhdD,"narrativo, va",,,
QR4QRyB,"netáceo, a",RELATED_RESULT,JGthDEM,"gnetáceo, a",,,
QgZPZJp,nubada,RELATED_RESULT,QgeK9Ye,"nubado, da",,,
QKsXjj0,necromancía,RELATED_RESULT,QKqlq90,necromancia,,,
QNDVz90,neis,RELATED_RESULT,JGqMLNa,gneis,,,
QNMIP8n,neja,RELATED_RESULT,QNPCWpl,"nejo, ja",,,
QhMRyEQ,nucléolo,RELATED_RESULT,QhKwMcx,nucleolo,,,
QTsYCum,nícol,RELATED_RESULT,QTr2su8,nicol,,,
Pz9zXMS,mucosa,RELATED_RESULT,PzGKYKG,"mucoso, sa",,,
QbSqmME,noósfera,RELATED_RESULT,QbKMJ7J,noosfera,,,
QDG1p1J,nahualismo,RELATED_RESULT,QD58WN5,nagualismo,,,
QEqXW5O,napolitana,RELATED_RESULT,QEr9Vf8,"napolitano, na",,,
QdhBIWp,nosticismo,RELATED_RESULT,JH6dhqp,gnosticismo,,,
PyWX5iE,mozuela,RELATED_RESULT,PyaUEQN,"mozuelo, la",,,
PjsCPEq,montera,RELATED_RESULT,Pk39aWH,"montero, ra",,,
QoUGQUz,obscuramente,RELATED_RESULT,RHYe7TY,oscuramente,,,
QAhXB8h,muy muy,RELATED_RESULT,Q1jf904,muimuy,,,
QfUFOsZ,novelística,RELATED_RESULT,QfWo8uP,"novelístico, ca",,,
QiwWGFm,numismática,RELATED_RESULT,QiwjWwY,"numismático, ca",,,
QV3Yug4,nigromancía,RELATED_RESULT,QV3OvUG,nigromancia,,,
QiUDiqW,numeradora,RELATED_RESULT,QiU7jDn,"numerador, ra",,,
QSWU5rF,neurótomo,RELATED_RESULT,QSUYZdm,neurotomo,,,
QWqeNa0,nisquear,RELATED_RESULT,QXYuEZH,nixquear,,,
QQEdF9M,nerolí,RELATED_RESULT,QQ9luBT,neroli,,,
PxxgPqK,moza,RELATED_RESULT,PyIxduT,"mozo<sup>2</sup>, za",,,
QTDvNsH,nevera,RELATED_RESULT,QTHQX6V,"nevero, ra",,,
Qn00MMn,oblata,RELATED_RESULT,Qn4IdTK,"oblato, ta",,,
QccES2v,normativa,RELATED_RESULT,QcpSlwx,"normativo, va",,,
Q98e1OK,música,RELATED_RESULT,Q9MHl5m,"músico, ca",,,
QapkW9E,nona,RELATED_RESULT,QbFDEDV,"nono, na",,,
QJN2D8X,naviera,RELATED_RESULT,QJQ5FGm,"naviero, ra",,,
QgiPquH,nubarrada,RELATED_RESULT,QgiwDCK,"nubarrado, da",,,
QKKMWIP,necesaria,RELATED_RESULT,QKLjAgy,"necesario, ria",,,
QhrRxHy,nueva,RELATED_RESULT,QhsYsNr,"nuevo, va",,,
QKGyKd6,nebulosa,RELATED_RESULT,QKJi5Z1,"nebuloso, sa",,,
Qka4ZCP,ñata,RELATED_RESULT,QkeBXx2,"ñato, ta",,,
QoWJM1v,obscurantismo,RELATED_RESULT,RHZ4Orw,oscurantismo,,,
QoYG355,obscurecer,RELATED_RESULT,RHc0bLb | RHfM00r,oscurecer<sup>1</sup> | oscurecer<sup>2</sup>,,,
QoYxFY2,obscurecer,RELATED_RESULT,RHc0bLb | RHfM00r,oscurecer<sup>1</sup> | oscurecer<sup>2</sup>,,,
QlkboaD,ñurda,RELATED_RESULT,Qll0rWi,"ñurdo, da",,,
QqXW8jC,ocapi,RELATED_RESULT,QyPtIhA,okapi,,,
QrRrs3c,ochava,RELATED_RESULT,QrVdww5 | QrT2eqh,"ochavo, va | ochavar",,,
QG1aPpA,narguilé,RELATED_RESULT,QFylIis,narguile,,,
R6XBDV2,opiata,RELATED_RESULT,R6YGVwP,"opiato, ta",,,
Qv9w9xc,ofensiva,RELATED_RESULT,QvAzF5q,"ofensivo, va",,,
R3E990Y,omoplato,RELATED_RESULT,R3F00Ze,omóplato,,,
QsOIU6W,ocotera,RELATED_RESULT,QsQtcIc,"ocotero, ra",,,
QgY70aB,-nta,RELATED_RESULT,QgZMpot,-nte,,,
QR7V4Le,neumática,RELATED_RESULT,QR9X3Tr,"neumático, ca",,,
Qfc5gCL,novena,RELATED_RESULT,Qfhasvb,"noveno, na",,,
RhoRUhl,panocha,RELATED_RESULT,RhpadY5,"panocho, cha",,,
R0VJif1,olimpíada,RELATED_RESULT,R0ScPEa,olimpiada,,,
R8kjnqS,oratoria,RELATED_RESULT,R8qgr7H,"oratorio<sup>2</sup>, ria",,,
QwkePHl,ogaño,RELATED_RESULT,KYGRhQf,hogaño,,,
QoaBww3,obscurecimiento,RELATED_RESULT,RHiqMbl,oscurecimiento,,,
R4gohhW,oniromancía,RELATED_RESULT,R4g50fJ,oniromancia,,,
R4azrjE,onicomancía,RELATED_RESULT,R4YbuEW,onicomancia,,,
QwPHAXT,oftalmoscopía,RELATED_RESULT,QwO91IY,oftalmoscopia,,,
R8u3lDS,orballar,RELATED_RESULT,RGfmWXp,orvallar,,,
Qx62D6n,-oides,RELATED_RESULT,Qx2UAfv,-oide,,,
R8uWLNp,orballo,RELATED_RESULT,RGo2Thb,orvallo,,,
QwlOmrY,ogresa,RELATED_RESULT,QwmxmQQ,"ogro, gresa",,,
R5P5ZTh,oósfera,RELATED_RESULT,R5OqL2A,oosfera,,,
QxMPA0J,ojaladora,RELATED_RESULT,QxLdarH,"ojalador, ra",,,
Qx5xQD0,-oideo,RELATED_RESULT,Qx2UAfv,-oide,,,
RWKkwN5,palatina,RELATED_RESULT,RWOAT5K | RWPV68h,"palatino<sup>1</sup>, na | palatino<sup>2</sup>, na",,,
Qafqb4W,nomo,RELATED_RESULT,JGxUaxm,gnomo,,,
RZ6WB6F,palizas,RELATED_RESULT,RZ5d5F4,paliza,,,
RTLwRzM,pajarera,RELATED_RESULT,RTOteNb,"pajarero, ra",,,
QoaQvpl,obscuridad,RELATED_RESULT,RHjaopq,oscuridad,,,
QwIJULV,oftalmía,RELATED_RESULT,QwGMou4,oftalmia,,,
RW0ZYVs,palanquera,RELATED_RESULT,RW2FNqh,"palanquero, ra",,,
RpgdOLm,paradoja,RELATED_RESULT,Rplrgi1,"paradojo, ja",,,
RCK0QGp,oribe,RELATED_RESULT,RE5bBPT,orive,,,
RC4X8Ch,orgia,RELATED_RESULT,RC5Nn2k,orgía,,,
RRF1sF7,paellera,RELATED_RESULT,RRHnd9W,"paellero, ra",,,
RIYdZCC,oste,RELATED_RESULT,RNb8jNS,oxte,,,
QsrTsTM,octava,RELATED_RESULT,Qsyp7LZ | Qsryglg,"octavo, va | octavar",,,
Rux1SlV,pareja,RELATED_RESULT,Rv4XY3o,"parejo, ja",,,
RII6smf,osmosis,RELATED_RESULT,RIM6XqY,ósmosis,,,
RFonLLp,órtesis,RELATED_RESULT,RFolDOm,ortesis,,,
RBGjQ5R,orfrés,RELATED_RESULT,RBGc748,orfre,,,
RL8e8pA,otoscopía,RELATED_RESULT,RL7DnOS,otoscopia,,,
QrejKPs,ochentena,RELATED_RESULT,QrfFxGH,"ochenteno, na",,,
RJkQeuf,ostrera,RELATED_RESULT,RJnFQcL,"ostrero, ra",,,
RkfAITa,pañolera,RELATED_RESULT,RkfLdm7,"pañolero<sup>1</sup>, ra",,,
RiEeToR,pansiquismo,RELATED_RESULT,Rcj57qY,pampsiquismo,,,
RKibGBr,otomana,RELATED_RESULT,RKjexoz,"otomano, na",,,
R3fcNO9,oncena,RELATED_RESULT,R3gmI4v,"onceno, na",,,
R4rQeY8,onomástica,RELATED_RESULT,R4rsFMG,"onomástico, ca",,,
QoWcRWV,obscurantista,RELATED_RESULT,RHbgalh,oscurantista,,,
Ri0ZQfl,panorámica,RELATED_RESULT,Ri18rtO,"panorámico, ca",,,
RhWdTfM,panificadora,RELATED_RESULT,RhT7CHo,"panificador, ra",,,
S1ZpIhG,parva,RELATED_RESULT,S1olnAx,"parvo, va",,,
R4p5SqJ,onomancía,RELATED_RESULT,R4lVoFa,onomancia,,,
RsYSfqd,pararrayo,RELATED_RESULT,RsZAR4a,pararrayos,,,
RzutbBc,partera,RELATED_RESULT,RzztAMk,"partero, ra",,,
Roqdkh6,paquistaní,RELATED_RESULT,RUgQk0X,pakistaní,,,
REq7wmC,ornitomancía,RELATED_RESULT,REp36Lp,ornitomancia,,,
Rz6hI8B,parrillera,RELATED_RESULT,RzB01ZB,"parrillero, ra",,,
RZgHWbd,palmada,RELATED_RESULT,RZhvIXw | RZmjMb4 | RZmjYFt,"palmado<sup>1</sup>, da | palmado<sup>2</sup>, da | palmar<sup>1</sup>",,,
R7QTGyR,óptica,RELATED_RESULT,R7QWqPq,"óptico, ca",,,
RSTI9pU,pahua,RELATED_RESULT,RSS8U5T,pagua,,,
RTHnY6m,pajada,RELATED_RESULT,RTHvOQf,"pajado, da",,,
RscG0kQ,parasicología,RELATED_RESULT,RsOQjM5,parapsicología,,,
R0inzur,olisca,RELATED_RESULT,R0ngAYp | R0mVngA,"olisco, ca | oliscar",,,
QahSGpN,nomon,RELATED_RESULT,JGzvUEh,gnomon,,,
RTKPoDJ,pájara,RELATED_RESULT,RTabDql,"pájaro, ra",,,
RNcMUoE,ozena,RELATED_RESULT,QrR0oxm,ocena,,,
RpDIIDo,parabrisa,RELATED_RESULT,RpELsUm,parabrisas,,,
RSwfyHt,paipái,RELATED_RESULT,RSxDv55,paipay,,,
RPYiaeG,pachuli,RELATED_RESULT,RPZC68x,pachulí,,,
SJMoGWH,pedorra,RELATED_RESULT,SJUmeIy,"pedorro, rra",,,
RaZ93uA,palomera,RELATED_RESULT,RaaiXDp,"palomero, ra",,,
RYMztn4,pálida,RELATED_RESULT,RYRyAVl,"pálido, da",,,
RTq9fde,pajera,RELATED_RESULT,RTvMLIX,"pajero, ra",,,
S2i3RMb,pasamanos,RELATED_RESULT,S2hWc5G | S2gRJU3,pasamano<sup>2</sup> | pasamano<sup>1</sup>,,,
SJP3FFd,pedorrera,RELATED_RESULT,SJPzfS3,"pedorrero, ra",,,
RI6iTY9,-osis,RELATED_RESULT,Y1ULCxP,-sis,,,
RmfmK8k,papelera,RELATED_RESULT,RmmJaEk,"papelero, ra",,,
S67kBEm,pasteurizadora,RELATED_RESULT,S652Oyt,"pasteurizador, ra",,,
SDSN1gJ,pavimentadora,RELATED_RESULT,SDPPDw5,"pavimentador, ra",,,
RuKgM1n,pardilla,RELATED_RESULT,RuLLPt4,"pardillo, lla",,,
RkpLJeh,pañusa,RELATED_RESULT,RkqIvXq,"pañuso, sa",,,
RoIGXXI,paprika,RELATED_RESULT,RoIq6xr,páprika,,,
SEIdmX6,pavorreal,RELATED_RESULT,SDoSGQ5 | SDoSGQ5#8GwP7kL,"pavo, va | pavo, va",,,
R9u5JXJ,ordeñadora,RELATED_RESULT,R9tbPi7,"ordeñador, ra",,,
RqwY4RU,paralela,RELATED_RESULT,Rr2hl8R | Rqz9zze,"paralelo, la | paralelar",,,
SIo5vOs,pedicura,RELATED_RESULT,SIr0DpZ,"pedicuro, ra",,,
RNxKqGf,pábilo,RELATED_RESULT,RNnUPX7,pabilo,,,
RrdACMd,paramera,RELATED_RESULT,RreDoBs,"paramero, ra",,,
SHEGJVT,peciolo,RELATED_RESULT,SHIOqTA,pecíolo,,,
RzTZ8aG,parsec,RELATED_RESULT,RzVoUMA,pársec,,,
RcOCITe,pamperdido,RELATED_RESULT,RcmAvfa | RcmAvfa#7PBuWnK,pan | pan,,,
RqcKC4Y,paraguaya,RELATED_RESULT,Rqd7NAW,"paraguayo, ya",,,
RFaUVm4,orquídea,RELATED_RESULT,RFfcE0J,"orquídeo, a",,,
SLhWScF,peinadora,RELATED_RESULT,SLdcq58,"peinador, ra",,,
SdyQ1cE,perípato,RELATED_RESULT,SdyA1nG,peripato,,,
S6hFjIn,pastrana,RELATED_RESULT,S6kEAvp,"pastrano, na",,,
RaTbG7t,paloma,RELATED_RESULT,RasB4EU,"palomo, ma",,,
TBgSp2j,piruja,RELATED_RESULT,TBhC0gt,"pirujo, ja",,,
RNkn2GB,ozonósfera,RELATED_RESULT,RNkH5FH,ozonosfera,,,
SL8nqGJ,peguera,RELATED_RESULT,SL8pDJN,"peguero, ra",,,
RsKr8wS,paraplejía,RELATED_RESULT,RsKqA4O,paraplejia,,,
T496Peh,pinolera,RELATED_RESULT,T4C9PpE,"pinolero, ra",,,
SsEzS3a,picadora,RELATED_RESULT,SsDMyc5,"picador, ra",,,
S31bDyn,pasapuré,RELATED_RESULT,S323tNM,pasapurés,,,
Rr4HfQY,paralelógramo,RELATED_RESULT,Rr4Gzmz,paralelogramo,,,
SMB1LlV,pelada,RELATED_RESULT,SMPEGoX | SMzsNUr,"pelado<sup>1</sup>, da | pelar",,,
SNh04cu,peleona,RELATED_RESULT,SNdusuS,"peleón, na",,,
SX2mtUI,percápita,RELATED_RESULT,SX4Sdtk,per cápita,,,
S4SPDmB,pasiva,RELATED_RESULT,S4XELSy | S4VrtGH,"pasivo, va | pasivar",,,
SaBlQBs,perezosa,RELATED_RESULT,SaFeya6,"perezoso, sa",,,
S43FeU0,pasiega,RELATED_RESULT,S46dBzA,"pasiego, ga",,,
SK2xdvs,pedriza,RELATED_RESULT,SK35TJU,"pedrizo, za",,,
SyHLkF8,pija,RELATED_RESULT,Syq3P57,"pijo, ja",,,
SPTstMJ,pelona,RELATED_RESULT,SPSpzqC,"pelón, na",,,
Rr8Vlxo,paralimpíada,RELATED_RESULT,Rr5JQ48,paralimpiada,,,
SnzZtjT,pesquera,RELATED_RESULT,So6R6zh,"pesquero, ra",,,
SSEm3A7,péndula,RELATED_RESULT,SSFxy2r,"péndulo, la",,,
TBzKaWx,pisadora,RELATED_RESULT,TBxw5JG,"pisador, ra",,,
SBoydLp,patrona,RELATED_RESULT,SBler1T | SBvSFvs,"patrón, na | patrono, na",,,
ScfLfr7,perífrasi,RELATED_RESULT,SchjIE1,perífrasis,,,
SztREcf,pilla,RELATED_RESULT,T0HEfZu | T0BTFmP,"pillo<sup>2</sup>, lla | pillar",,,
Si6qKUM,perra,RELATED_RESULT,SihVF3L,"perro, rra",,,
T2StVEM,pincha,RELATED_RESULT,T2ne8Tm | T2okNU7 | T2baRVx,"pinche, cha | pincho, cha | pinchar",,,
Sk7jvxr,perspectiva,RELATED_RESULT,SkENGmm,"perspectivo, va",,,
TLgiOQJ,plástica,RELATED_RESULT,TLksLOy,"plástico, ca",,,
Spw14uk,petitoria,RELATED_RESULT,SpwlwbM,"petitorio, ria",,,
RTlsn9W,pajel,RELATED_RESULT,RRv9I35,pagel,,,
T0eUxTe,pilonga,RELATED_RESULT,T0evNiZ,"pilongo, ga",,,
TDmSkV7,pistolera,RELATED_RESULT,TDqUcfg,"pistolero, ra",,,
SsLlbyl,picahielo,RELATED_RESULT,SsOiEAT,picahielos,,,
Sutyuzk,pichinga,RELATED_RESULT,SuwJ8l4,"pichingo, ga",,,
SZ9SNqf,peregrina,RELATED_RESULT,SZLEfIi | SZIrUsk,"peregrino, na | peregrinar",,,
TDYrFmG,pistera,RELATED_RESULT,TDcU1MB,"pistero, ra",,,
Shm7r5Z,perpetua,RELATED_RESULT,ShvwzGM,"perpetuo, tua",,,
SwRq2Hn,picuda,RELATED_RESULT,SwXqvZB,"picudo, da",,,
SqeOZFq,petroquímica,RELATED_RESULT,SqeccHq,"petroquímico, ca",,,
SFWuAjY,pecadora,RELATED_RESULT,SFVkbwP,"pecador, ra",,,
SQMLy01,peluquera,RELATED_RESULT,SQNRQLs,"peluquero, ra",,,
Sdf5yGF,periodo,RELATED_RESULT,SdfO44A,período,,,
TP2E4ki,plena,RELATED_RESULT,TPFxNYh,"pleno, na",,,
SqULoEm,petroleoquímica,RELATED_RESULT,SqVDJ81,"petroleoquímico, ca",,,
SdtgrUr,peripatética,RELATED_RESULT,SduTj9J,"peripatético, ca",,,
StEZXHF,picaresca,RELATED_RESULT,StLjbZ2,"picaresco, ca",,,
STghhOK,pénsil,RELATED_RESULT,STga1vg,pensil,,,
TUX8Ou1,poética,RELATED_RESULT,TUdy05h,"poético, ca",,,
TSgKEsA,pobreta,RELATED_RESULT,TSlvcpz,"pobrete, ta",,,
TKKkmPC,plantadora,RELATED_RESULT,TKKgCvy,"plantador, ra",,,
T3uzZgI,pinky,RELATED_RESULT,T4HFqfs,pinqui,,,
Sil2AFk,perruna,RELATED_RESULT,SioFpXs,"perruno, na",,,
TV2raFK,póker,RELATED_RESULT,TgAzL2H,póquer,,,
SUGMxHi,pentágrama,RELATED_RESULT,SUGBLcR,pentagrama,,,
TL55eHs,plañidera,RELATED_RESULT,TL7hQhw,"plañidero, ra",,,
TT3GHq2,pocha,RELATED_RESULT,TTHlYJ6 | TT4XHhQ,"pocho, cha | pochar",,,
TUegJwh,poetisa,RELATED_RESULT,TUUD7eg,"poeta, tisa",,,
SBdPANH,patrística,RELATED_RESULT,SBdd7rx,"patrístico, ca",,,
TotWoug,postcomunión,RELATED_RESULT,TmaT0oZ,poscomunión,,,
TNpDQRz,play back,RELATED_RESULT,TNo61bn,<i>playback</i>,,,
TavVA2k,pollina,RELATED_RESULT,TaypJFq,"pollino, na",,,
TMIdZX8,platanera,RELATED_RESULT,TMIqZqD,"platanero, ra",,,
TNskqWk,playera,RELATED_RESULT,TNt11YX,"playero, ra",,,
TNsEHL1,play boy,RELATED_RESULT,TNrNnr1,<i>playboy</i>,,,
Tozk6Ug,postconflicto,RELATED_RESULT,Tmd4M3k,posconflicto,,,
SiKN8qh,perrera,RELATED_RESULT,SiM9CDA,"perrero, ra",,,
TViVFTG,polémica,RELATED_RESULT,TVjhw0E,"polémico, ca",,,
TARuUY2,pirolisis,RELATED_RESULT,TATC46Q,pirólisis,,,
TWcrH9X,policlínica,RELATED_RESULT,TWey4vN,"policlínico, ca",,,
SkPP12H,persuasiva,RELATED_RESULT,SkPYQLS,"persuasivo, va",,,
Sw0nCn7,picosa,RELATED_RESULT,Sw1HHKX,"picoso, sa",,,
S27pkpn,pasadera,RELATED_RESULT,S2EV23Y,"pasadero, ra",,,
TV5lVnm,polaca,RELATED_RESULT,TVA82VC,"polaco, ca",,,
TB081c7,pirósfera,RELATED_RESULT,TAybiQh,pirosfera,,,
ThwtRCA,porquera,RELATED_RESULT,Ti0pmCh,"porquero, ra",,,
TjKifZK,portaequipaje,RELATED_RESULT,TjMkyNm,portaequipajes,,,
ToiqG7p,post-,RELATED_RESULT,Tm7pWK9,pos-,,,
Tl3mCTY,portavasos,RELATED_RESULT,Tl2hcfQ,portavaso,,,
Tos7vsv,postbalance,RELATED_RESULT,TmPcZEp,posbalance,,,
TosgBDw,postcombustión,RELATED_RESULT,TmZVcUH,poscombustión,,,
Tozj2Wl,postconcilio,RELATED_RESULT,TmczN2M,posconcilio,,,
Tp4NxxL,postdata,RELATED_RESULT,TmfEKDu,posdata,,,
S6KbySF,pastora,RELATED_RESULT,S6JsAbv,"pastor, ra",,,
TjwnfLj,portalámpara,RELATED_RESULT,Tjyo1Iy,portalámparas,,,
TQrL3Wq,plumetí,RELATED_RESULT,TQrKigU,plumeti,,,
Tab3sRK,polka,RELATED_RESULT,TVSBcMQ,polca,,,
Tknbmay,portaobjeto,RELATED_RESULT,Tknvdip,portaobjetos,,,
Ti0Skzt,porqueriza,RELATED_RESULT,Ti0efIV,"porquerizo, za",,,
TqnYp4N,postverbal,RELATED_RESULT,Tqp9At0,posverbal,,,
TXZbSoy,poliglota,RELATED_RESULT,TXcVtAy | TXr69Px,"políglota<sup>1</sup> | polígloto, ta",,,
TbSHCEG,poltrona,RELATED_RESULT,TbQhk4N,"poltrón, na",,,
TovNHdX,postcomunismo,RELATED_RESULT,TmauCzi,poscomunismo,,,
TFvc35d,pitora,RELATED_RESULT,TFwIuU1,pitorá,,,
TGsSalh,pixel,RELATED_RESULT,TGssWf3,píxel,,,
Tl6TWI1,portaviones,RELATED_RESULT,TikVifz,portaaviones,,,
TpxPtfV,postmodernismo,RELATED_RESULT,ToAYvsb,posmodernismo,,,
TkyykNF,portarretrato,RELATED_RESULT,Tl18hGR,portarretratos,,,
Tox30qP,postcomunista,RELATED_RESULT,TmbCtHc,poscomunista,,,
TpXKKNE,postfranquista,RELATED_RESULT,Tn9AdSF,posfranquista,,,
RqM820X,paragolpe,RELATED_RESULT,RqNDMSO,paragolpes,,,
TPvF6Y5,plim,RELATED_RESULT,TPw0Qw0,plin,,,
Tt0DDJ4,práctica,RELATED_RESULT,TtEMsxJ,"práctico, ca",,,
TpW1hHP,postfranquismo,RELATED_RESULT,Tn8AY8l,posfranquismo,,,
Tcr0Ton,pompi,RELATED_RESULT,TcsI1Jp,pompis,,,
TjVmeHw,portafolios,RELATED_RESULT,TjS8Xaw,portafolio,,,
TbN6ju9,polonesa,RELATED_RESULT,TbMM4Wu,"polonés, sa",,,
TjOjTKE,portaeronaves,RELATED_RESULT,Tiic58f,portaaeronaves,,,
TarreEV,pollera,RELATED_RESULT,Tau7jdO,"pollero, ra",,,
TQQmzsF,plumaria,RELATED_RESULT,TQR4CTT,"plumario, ria",,,
Tj3wwSw,portacontenedores,RELATED_RESULT,TiztMd5,portacontenedor,,,
Tpsmwgf,postliminio,RELATED_RESULT,TnvRt2n,posliminio,,,
U7dD3yp,presunta,RELATED_RESULT,U7iUPdc,"presunto, ta",,,
UFXpJLE,procesionaria,RELATED_RESULT,UFXyLaZ,"procesionario, ria",,,
TZvRpqx,política,RELATED_RESULT,Ta2HMYR,"político, ca",,,
Tq0fDbF,postnominal,RELATED_RESULT,ToDt66U,posnominal,,,
TtXdAsc,pragmática,RELATED_RESULT,TtZ64Ru,"pragmático, ca",,,
Tox8oyO,postconciliar,RELATED_RESULT,TmbSQAW,posconciliar,,,
TpXmNL6,postgrado,RELATED_RESULT,Tn9sMbQ,posgrado,,,
TpsHrH2,postiza,RELATED_RESULT,TpsKC2d,"postizo, za",,,
TAcVEa9,piromancía,RELATED_RESULT,TAbpNCs,piromancia,,,
TpZ5jX2,postguerra,RELATED_RESULT,TnDWVLQ,posguerra,,,
TvdvhfY,preciosa,RELATED_RESULT,TvoB7yQ,"precioso, sa",,,
Tq57U8J,postparto,RELATED_RESULT,Toa5LiR,posparto,,,
TqFHDGy,postproducción,RELATED_RESULT,TohFksX,posproducción,,,
Tq7hgIb,postponer,RELATED_RESULT,TofxYg0,posponer,,,
UWLWJwM,psicofísica,RELATED_RESULT,UWMEkkl,"psicofísico, ca",,,
TqC9fcR,postposición,RELATED_RESULT,TogT2AV,posposición,,,
TqFGhU6,postpretérito,RELATED_RESULT,TohDWa6,pospretérito,,,
Tpwq2JV,postmodernidad,RELATED_RESULT,To9V5wd,posmodernidad,,,
UArloht,primera,RELATED_RESULT,UAztjAx,"primero, ra",,,
UBliOdG,princesa,RELATED_RESULT,UBt4jVS,"príncipe, princesa",,,
UC949FF,pringada,RELATED_RESULT,UC9UVnW | UCFP31z,"pringado, da | pringar",,,
TpkmW1t,postindustrial,RELATED_RESULT,TnerjKY,posindustrial,,,
UHClF1V,productora,RELATED_RESULT,UHAeKDd,"productor, ra",,,
TpAKHdi,postdorso,RELATED_RESULT,TmidLM2,posdorso,,,
TpxXz8V,postmodernista,RELATED_RESULT,ToAm7qA,posmodernista,,,
UAR7uri,primaria,RELATED_RESULT,UARnEk8,"primario, ria",,,
U2q99jg,prensapuré,RELATED_RESULT,U2vgAFD,prensapurés,,,
UVwFZ2T,pseudología,RELATED_RESULT,XkSLm0C,seudología,,,
UIjwYIC,pro forma,RELATED_RESULT,UIjI6JF,proforma,,,
TqnX8lJ,postventa,RELATED_RESULT,Tqp2644,posventa,,,
Tw3KmSA,precisa,RELATED_RESULT,TwEYBwx | TwCxJxX,"preciso, sa | precisar",,,
UELywvn,problemática,RELATED_RESULT,UERocM1,"problemático, ca",,,
Tp6kdd6,postdorsal,RELATED_RESULT,Tmi2Lcl,posdorsal,,,
UEG52HM,probatoria,RELATED_RESULT,UEGj8NQ,"probatorio, ria",,,
UA9aE0l,prima,RELATED_RESULT,UBQk8bX | UAO3wTr,"primo, ma | primar",,,
Tq4D2VU,postpalatal,RELATED_RESULT,ToZtQpW,pospalatal,,,
UBEWRJP,primitiva,RELATED_RESULT,UBQbNJh,"primitivo, va",,,
Tv5pR5h,preceptiva,RELATED_RESULT,Tv7oWj5,"preceptivo, va",,,
Uj2EmbI,purpúrea,RELATED_RESULT,Uj3ODWZ,"purpúreo, a",,,
U6Yii5m,presidenta,RELATED_RESULT,U6Yu3bh,"presidente, ta",,,
U1unNdL,premonstratense,RELATED_RESULT,U21Q8L9,premostratense,,,
UNPWM6x,propedéutica,RELATED_RESULT,UNPqWxg,"propedéutico, ca",,,
UD89vct,privada,RELATED_RESULT,UD9ciF2 | UDDjy3q,"privado<sup>1</sup>, da | privar",,,
U6poPtn,presóstato,RELATED_RESULT,U6pnHgm,presostato,,,
UQcev4g,prospectiva,RELATED_RESULT,UQfWOEp,"prospectivo, va",,,
U1cS8lV,premisa,RELATED_RESULT,U1eNA1I,"premiso, sa",,,
UIRcmtR,profetisa,RELATED_RESULT,UIHG7p8,"profeta, tisa",,,
UOKdyrL,propóleo,RELATED_RESULT,UOKzuPw,propóleos,,,
UVtfTLe,pseudohermafrodita,RELATED_RESULT,XkLPVcZ,seudohermafrodita,,,
TqOxRtL,postrera,RELATED_RESULT,TqU2bwo,"postrero, ra",,,
UPBYiU3,pro rata,RELATED_RESULT,UPHSX0v,prorrata,,,
TpziA2s,postnatal,RELATED_RESULT,ToBgqLR,posnatal,,,
UKS59kg,prójima,RELATED_RESULT,UKT2kxN,"prójimo, ma",,,
UGbGJqz,proctoscopía,RELATED_RESULT,UGVk3gl,proctoscopia,,,
UWUIYlC,psicokinesia,RELATED_RESULT,UX9D9gO,psicoquinesia,,,
UUs0ab8,proxémica,RELATED_RESULT,UUs0jC2,"proxémico, ca",,,
UpkwhAI,quienesquiera,RELATED_RESULT,Upp3aQx,quienquiera,,,
UUb9G42,provisora,RELATED_RESULT,UUYB2Yt,"provisor, ra",,,
UZLk9yy,pudín,RELATED_RESULT,UZLhecZ,pudin,,,
UVp4Llk,pseudo-,RELATED_RESULT,XkBx392,seudo-,,,
Uj5HDrL,purpurina,RELATED_RESULT,Uj5jh5g,"purpurino, na",,,
UVuG5HB,pseudohermafroditismo,RELATED_RESULT,XkRCKze,seudohermafroditismo,,,
UrQN8gL,quilolitro,RELATED_RESULT,Mh9W7hj,kilolitro,,,
TqYNORE,postromanticismo,RELATED_RESULT,ToiI4fR,posromanticismo,,,
UrPMmbk,quilogramo,RELATED_RESULT,Mh8UoZU,kilogramo,,,
USyeNSZ,protomo,RELATED_RESULT,USzN52Y,prótomo,,,
Tpi1QBA,postimpresionismo,RELATED_RESULT,TnbIUE3,posimpresionismo,,,
UrNs9Mj,quilo-,RELATED_RESULT,Mh2vGHY,kilo-,,,
UZfep0S,pudu,RELATED_RESULT,UZj1pvB,pudú,,,
UYhZZg7,pucara,RELATED_RESULT,UYiLmJA,pucará,,,
TqFDGR0,postprandial,RELATED_RESULT,TohCOJh,posprandial,,,
Uo6HGZy,quermés,RELATED_RESULT,MgfHMMG,kermés,,,
UVxpSvc,pseudópodo,RELATED_RESULT,XkTz4Um,seudópodo,,,
UwNqApV,quiropráctica,RELATED_RESULT,UwP2h9p,"quiropráctico, ca",,,
UrzQLCP,química,RELATED_RESULT,Us0hxUS,"químico, ca",,,
UtaFx06,quinesioterapia,RELATED_RESULT,MhV6JHw,kinesioterapia,,,
UYNxwFC,pública,RELATED_RESULT,UYbbTs8,"público, ca",,,
UeVPOeL,pun,RELATED_RESULT,UeBDBDa,pum,,,
Ukny5KU,quebradora,RELATED_RESULT,UknPxaC,"quebrador, ra",,,
UrO5Q8n,quilográmetro,RELATED_RESULT,Mh7O3MZ,kilográmetro,,,
UfngPdN,puntera,RELATED_RESULT,Ufr55oH,"puntero, ra",,,
UtZExMC,quinesiología,RELATED_RESULT,MhTlAjb,kinesiología,,,
UoVATXG,quesera,RELATED_RESULT,UoYtFYb,"quesero, ra",,,
UvwLsvR,quirie,RELATED_RESULT,MhyKMBZ,kirie,,,
UWcV6IL,psicolingüística,RELATED_RESULT,UWd2tzH,"psicolingüístico, ca",,,
Ul2kC2Z,quebrantadora,RELATED_RESULT,Ul1WQhK,"quebrantador, ra",,,
Uhngk2w,pupila,RELATED_RESULT,Uhuxr4e,"pupilo, la",,,
V0cnaKC,racord,RELATED_RESULT,V0ezP0X,rácord,,,
UmczT0h,quelitera,RELATED_RESULT,Umdt41U,"quelitero, ra",,,
UsGmmGv,quimono,RELATED_RESULT,MhNHQSa,kimono,,,
UrVvrfi,quilómetro,RELATED_RESULT,MhG3UJg,kilómetro,,,
UaxNGZf,puestera,RELATED_RESULT,Ub1Fb7Q,"puestero, ra",,,
UqsGLst,quili-,RELATED_RESULT,Mgy8x6s,kili-,,,
UqLlaZK,quif,RELATED_RESULT,MgrJsoa,kif,,,
V1kjWJV,radiodifusora,RELATED_RESULT,V1hg0oi,"radiodifusor, ra",,,
UtXtHLU,quinesia,RELATED_RESULT,MhRd7Y7,kinesia,,,
V464eFW,rag-time,RELATED_RESULT,V45uEsW,<i>ragtime</i>,,,
Vbudok8,refaccionaria,RELATED_RESULT,VbvzjNm,"refaccionario, ria",,,
Uy3COgS,rabanera,RELATED_RESULT,Uy5TP27,"rabanero, ra",,,
UzHACIF,rabona,RELATED_RESULT,UzFnvHc,"rabón, na",,,
UlVOy3S,queda,RELATED_RESULT,Ulr1dok | UloraJw,"quedo, da | quedar",,,
UxcmXnh,quivi,RELATED_RESULT,Mi0o78N,kivi,,,
UsrSLEV,quincena,RELATED_RESULT,UswQc03,"quinceno, na",,,
UtOHVVL,quincuagésima,RELATED_RESULT,UtOYsh5,"quincuagésimo, ma",,,
VZVfFjM,redonda,RELATED_RESULT,VZdF7p7,"redondo, da",,,
Utch02P,quinesiterapia,RELATED_RESULT,MhYaVu0,kinesiterapia,,,
VsZ8Htk,rembolso,RELATED_RESULT,VaxSucm | Vaw39J8,reembolso | reembolsar,,,
V7OOipJ,ranchera,RELATED_RESULT,V7R6pnD,"ranchero, ra",,,
V0mCObK,radi-,RELATED_RESULT,V1MR7id,radio-<sup>1</sup>,,,
VGvKKew,reala,RELATED_RESULT,Vka9O0I,rehala,,,
VviUKzM,remplazo,RELATED_RESULT,Vb2CFTd | Vb008Am,reemplazo | reemplazar,,,
VpRKyEi,relativa,RELATED_RESULT,VpYCENC,"relativo, va",,,
UvrXHmE,quirguiz,RELATED_RESULT,MhpdBad,kirguiz,,,
Uvlf5BG,quiqui,RELATED_RESULT,MgsLUzV | MgsMF8Q,kiki<sup>1</sup> | kiki<sup>2</sup>,,,
Uvlg9BF,quiqui,RELATED_RESULT,MgsLUzV | MgsMF8Q,kiki<sup>1</sup> | kiki<sup>2</sup>,,,
VWl4DsY,rectoscopía,RELATED_RESULT,VWknLXv,rectoscopia,,,
VigO2Rq,regidora,RELATED_RESULT,VigHyHs,"regidor, ra",,,
V7wLMce,ranglan,RELATED_RESULT,V7wn8Wi,ranglán,,,
Vgj9rZy,regalada,RELATED_RESULT,VgjdFE8 | Vgmi2Af | VgnZr1k,"regalado, da | regalar<sup>1</sup> | regalar<sup>2</sup>",,,
VDgiazl,ratera,RELATED_RESULT,VDmVJ2z,"ratero, ra",,,
Us0zEzI,quimicofísica,RELATED_RESULT,Us39czx,"quimicofísico, ca",,,
VcJcXGl,referí,RELATED_RESULT,VcHWGoy | VcMQSFd,réferi | referir,,,
V4Ygl3z,rail,RELATED_RESULT,V4Z4zWT,raíl,,,
VZmrj5A,rédox,RELATED_RESULT,VZmrhK9,redox,,,
VmDNrDQ,reina,RELATED_RESULT,WQnGVpX | VmNgb5x,"rey, reina | reinar<sup>1</sup>",,,
VvhhRMH,remplazante,RELATED_RESULT,VayUHFt | Vb008Am,reemplazante | reemplazar,,,
VrgqBPy,remachadora,RELATED_RESULT,VrfD6WO,"remachador, ra",,,
VwLTFnY,rencauchar,RELATED_RESULT,VbDBqX2,reencauchar,,,
ViLfWga,regenta,RELATED_RESULT,ViPk1u4 | ViM5K5s,"regente, ta | regentar",,,
VWTUanp,rectificadora,RELATED_RESULT,VWTE5sp,"rectificador, ra",,,
WH6CxAX,retentiva,RELATED_RESULT,WH6ZHIv,"retentivo, va",,,
VzwAiyF,reóstato,RELATED_RESULT,VznwpvG,reostato,,,
V2ntMSw,radioscopía,RELATED_RESULT,V2l9TTU,radioscopia,,,
Vvf8YdH,remplazable,RELATED_RESULT,VayBcsE,reemplazable,,,
VtwrmMF,remisoria,RELATED_RESULT,Vtx8G2M,"remisorio, ria",,,
Vfbjwuu,refrigeradora,RELATED_RESULT,VfbMNmn,"refrigerador, ra",,,
Vr4uxYJ,relojera,RELATED_RESULT,VrBfHX8,"relojero, ra",,,
WAvTK07,resolana,RELATED_RESULT,WAw4s15,"resolano, na",,,
VDTlJqN,rasuradora,RELATED_RESULT,VDTDTfo,"rasurador, ra",,,
V1WLisn,radiobemba,RELATED_RESULT,V1HspiD | V1HspiD#DhL21YB,radio<sup>3</sup> | radio<sup>3</sup>,,,
W0uBff3,repelada,RELATED_RESULT,W0uvGd8,repelar,,,
VqiK48p,rellena,RELATED_RESULT,VqoSGln | VqkYv9s,"relleno, na | rellenar",,,
VsViFXE,rembolsable,RELATED_RESULT,VauGwj7,reembolsable,,,
V96bPOE,rápel,RELATED_RESULT,V96BDuL,rapel,,,
W7g57um,resbaladera,RELATED_RESULT,W7jIEBq,"resbaladero, ra",,,
Vvi6lgW,remplazar,RELATED_RESULT,Vb008Am,reemplazar,,,
VD8yoV3,rastrera,RELATED_RESULT,VD9AULT,"rastrero, ra",,,
UqvWVeN,quiliárea,RELATED_RESULT,Mh12IAY,kiliárea,,,
WLy1Fq5,reúma,RELATED_RESULT,WLxWZbl,reuma,,,
VwWQO0a,rencuentro,RELATED_RESULT,VbJi8JY | VbDaVWj,reencuentro | reencontrar,,,
W5enHBd,réptil,RELATED_RESULT,W5c9llh,reptil,,,
VsXagX6,rembolsar,RELATED_RESULT,Vaw39J8,reembolsar,,,
WR4MIAH,rezadora,RELATED_RESULT,WR2zhFE,"rezador, ra",,,
WB0P0Ji,resolí,RELATED_RESULT,WAyqz9e,resoli,,,
V9VGJCt,raposera,RELATED_RESULT,V9Xdpga,"raposero, ra",,,
UtxRj4l,quínoa,RELATED_RESULT,UtxRcSf,quinoa,,,
W3feTwo,reposera,RELATED_RESULT,W3gOsLh,"reposero, ra",,,
VEQx9Lf,ratonera,RELATED_RESULT,VERAOjw,"ratonero, ra",,,
VA4MDBS,raquetbol,RELATED_RESULT,VA6QSON,ráquetbol,,,
VaGNphH,reductora,RELATED_RESULT,VaFNbp1,"reductor, ra",,,
VWFKfgh,recta,RELATED_RESULT,VWf7Pqe | VWKej2P,"recto, ta | rectar",,,
WCwuFyO,responsiva,RELATED_RESULT,WCx2AoN,"responsivo, va",,,
VEPbTxt,ratona,RELATED_RESULT,VEOs7fW | VEQnoip,"ratón, na | ratonar",,,
WbLpeVC,rodera,RELATED_RESULT,WbVLn4A,"rodero<sup>2</sup>, ra",,,
WRBT124,rezandera,RELATED_RESULT,WRBh6tX,"rezandero, ra",,,
VAiU2zz,rasa,RELATED_RESULT,VBpjDCR | VAsDdB8 | VAsEyR6,"raso, sa | rasar | rasarse",,,
UwJn2Aw,quiromancía,RELATED_RESULT,UwGeNdh,quiromancia,,,
VxHbZsQ,renga,RELATED_RESULT,VxQ8oPF | VxJVzCf,"rengo<sup>1</sup>, ga | rengar",,,
WQ9JUJM,revolvedora,RELATED_RESULT,WQ8LFev,"revolvedor, ra",,,
WUjCSn3,rinoscopía,RELATED_RESULT,WUiT6yk,rinoscopia,,,
V41C0nA,raglan,RELATED_RESULT,V41jhjd,raglán,,,
X5yRcep,saltabancos,RELATED_RESULT,X5wgIBj,saltabanco,,,
Wcj1ORR,rola,RELATED_RESULT,WdHEAUn | Wcjdmpm,"rolo, la | rolar",,,
UIZApF7,profiláctica,RELATED_RESULT,UIZrz8t,"profiláctico, ca",,,
WOx0Cwc,revistera,RELATED_RESULT,WOxhtbl,"revistero, ra",,,
Wenkdjw,rompedera,RELATED_RESULT,WeovcpL,"rompedero, ra",,,
WfMjlwL,rompeviento,RELATED_RESULT,WfNNtFt,rompevientos,,,
WibdWDZ,rosariera,RELATED_RESULT,WicUyku,"rosariero, ra",,,
UyLf6ag,rabdomancía,RELATED_RESULT,UyISOQ1,rabdomancia,,,
VwNoSJV,rencontrar,RELATED_RESULT,VbDaVWj,reencontrar,,,
WkoTygt,roya,RELATED_RESULT,WkuAcCn | WcKJSzL,"royo, ya | roer",,,
WbpIFNL,rodillera,RELATED_RESULT,WbpIQTP,"rodillero, ra",,,
Wfsl1A6,roncadora,RELATED_RESULT,WfsHdY3,"roncador, ra",,,
WPWsTcL,revolera,RELATED_RESULT,WPamtyy,"revolero, ra",,,
WIPxmfe,retórica,RELATED_RESULT,WISC3uX,"retórico, ca",,,
XC5faS3,sanduche,RELATED_RESULT,XC5fat1,sánduche,,,
W34bGGl,repóker,RELATED_RESULT,W3ElPqx,repóquer,,,
VZGAsPU,redoblona,RELATED_RESULT,VZFWYix,"redoblón, na",,,
Wlfzsre,ruana,RELATED_RESULT,Wll7Yxp | WlmdcZm | WlnBZd9,"ruano<sup>1</sup>, na | ruano<sup>2</sup>, na | ruano<sup>3</sup>, na",,,
Wx2lHsO,sacra,RELATED_RESULT,Wxs44fk,"sacro, cra",,,
WjTrmGA,rosolí,RELATED_RESULT,WjTRuuE,rosoli,,,
WXaSJod,robalo,RELATED_RESULT,WXfrmfs | WXknmzC,róbalo | robar,,,
WcSB5ou,rogativa,RELATED_RESULT,WcSfkSj,"rogativo, va",,,
WNn58Hz,reverenda,RELATED_RESULT,WNpTIGs,"reverendo, da",,,
X3lvsH2,salina,RELATED_RESULT,X3zKOKw,"salino, na",,,
WkbLJQg,rotunda,RELATED_RESULT,WkemBJi,"rotundo, da",,,
XDPGn8h,sanguina,RELATED_RESULT,XDVyeey,"sanguino, na",,,
WuJkf3y,saboyana,RELATED_RESULT,WuNeNE8,"saboyano, na",,,
Wklqs73,roturadora,RELATED_RESULT,WkgsFYZ,"roturador, ra",,,
XNSRYRE,-scopía,RELATED_RESULT,XNQVk1V,-scopia,,,
XD6CECu,sanguche,RELATED_RESULT,XD6Ckw1,sánguche,,,
XJySWQL,sarracina,RELATED_RESULT,XJyDLjl | XJz3Clu,"sarracín, na | sarracino, na",,,
XFct7dN,santera,RELATED_RESULT,XFfalEI,"santero, ra",,,
WT5pajm,rielera,RELATED_RESULT,WT67P4R,"rielero, ra",,,
WwV7Lyl,sacerdotisa,RELATED_RESULT,WwOD7ZG,"sacerdote, tisa",,,
Wq2E0Dg,rum rum,RELATED_RESULT,WqbbnhX,runrún,,,
WsdseED,sabatina,RELATED_RESULT,WsfJsOx,"sabatino, na",,,
WkSmQYo,rotuladora,RELATED_RESULT,WkSjNwu,"rotulador, ra",,,
XRw0z4l,segadera,RELATED_RESULT,XRwEDOP,"segadero, ra",,,
Wc3mfHV,rodreja,RELATED_RESULT,Wc6YPss,"rodrejo, ja",,,
XQKJWN7,secundaria,RELATED_RESULT,XQOKazg,"secundario, ria",,,
X8C2M5t,salvajina,RELATED_RESULT,X8CLHTp,"salvajino, na",,,
XDPrJck,sanguinaria,RELATED_RESULT,XDQwmNe,"sanguinario, ria",,,
WYTm4uf,robótica,RELATED_RESULT,WYTncqf,"robótico, ca",,,
XDyumX7,san jacobo,RELATED_RESULT,XDytgbW,sanjacobo,,,
WgXa8yW,rondeña,RELATED_RESULT,WgZYTQI,"rondeño, ña",,,
X6B4Ll9,saltaembancos,RELATED_RESULT,X6AUPe4,saltaembanco,,,
WlxoYHA,rubéola,RELATED_RESULT,WlxhLmQ,rubeola,,,
XTCCcSI,segunda,RELATED_RESULT,XTUS1jC | XTK1OKl,"segundo, da | segundar",,,
XKrKVjB,satinadora,RELATED_RESULT,XKp0jrR,"satinador, ra",,,
XVlkEav,sembradora,RELATED_RESULT,XVkjXXu,"sembrador, ra",,,
XcQQzn9,señorita,RELATED_RESULT,XcT6x6x,"señorito, ta",,,
WzfSMJP,sahariana,RELATED_RESULT,WzfgI82,"sahariano, na",,,
XDrl45B,sanie,RELATED_RESULT,XDrlhSP,sanies,,,
X6iavER,salteadora,RELATED_RESULT,X6eMIii,"salteador, ra",,,
X48k8d0,salitrera,RELATED_RESULT,X4CWtRZ,"salitrero, ra",,,
XYAGsBA,semiperiodo,RELATED_RESULT,XYAi3TA,semiperíodo,,,
Xjg1jHn,setena,RELATED_RESULT,Xjl97MN | XjkImnI,"seteno, na | setenar",,,
XRFHnKb,sedeña,RELATED_RESULT,XRGmoqd,"sedeño, ña",,,
WxinouC,sacristana,RELATED_RESULT,WxhfaYp,"sacristán, na",,,
Xgo9hkl,serrana,RELATED_RESULT,XgvkYcS,"serrano, na",,,
Wo0LX9z,rufianesca,RELATED_RESULT,Wo0XtB5,"rufianesco, ca",,,
XF3V8ss,santa,RELATED_RESULT,XGGB4k6,"santo, ta",,,
XdIa7KO,septuagésima,RELATED_RESULT,XdLtPis,"septuagésimo, ma",,,
XOCinLR,secadora,RELATED_RESULT,XO9dlsz,"secador, ra",,,
XdEVhAQ,séptima,RELATED_RESULT,XdFAx6r,"séptimo, ma",,,
WtDx5g3,sabihondez,RELATED_RESULT,WtTuLXt,sabiondez,,,
Xiz5gRF,sesma,RELATED_RESULT,Xj2hUg2,"sesmo, ma",,,
XRGuKZp,sedera,RELATED_RESULT,XRHN3VI,"sedero, ra",,,
X8Z8YzG,salvapantalla,RELATED_RESULT,X8ZLXW4,salvapantallas,,,
XAaWGCU,samuray,RELATED_RESULT,XAaULjW,samurái,,,
XgPGcPU,serpentina,RELATED_RESULT,XgVYGtj,"serpentino, na",,,
WvE0v39,sacabocado,RELATED_RESULT,WvEJgj3,sacabocados,,,
XKW5tK4,sastra,RELATED_RESULT,XKX19C2,"sastre, tra",,,
XcBsKWm,señora,RELATED_RESULT,XcBNzxH,"señor, ra",,,
WyRgUlv,saetera,RELATED_RESULT,WyVAnZ2,"saetero, ra",,,
Xn1K2XY,sicastenia,RELATED_RESULT,UW1Y1C4,psicastenia,,,
WsSUZiA,sabanera,RELATED_RESULT,WsYsZb1,"sabanero, ra",,,
XNlHC3h,sebiche,RELATED_RESULT,XkWE5cx,seviche,,,
XU6Z8DC,seisena,RELATED_RESULT,XU8QGri,"seiseno, na",,,
XYmcI7n,sempiterna,RELATED_RESULT,XYqgJac,"sempiterno, na",,,
Xc1f568,señera,RELATED_RESULT,Xc5aMjn | Xc6xjWc,"señero<sup>1</sup>, ra | señero<sup>2</sup>, ra",,,
Xmv5mtz,sicagogia,RELATED_RESULT,UW14p5L,psicagogia,,,
XnY1BIX,sicoanalizar,RELATED_RESULT,UW83mBR,psicoanalizar,,,
XkvWGsy,sex-appeal,RELATED_RESULT,XkueZHh,<i>sex appeal</i>,,,
XUQrHAB,selen-,RELATED_RESULT,XUZFRcL,seleno-,,,
Wl7nqPH,rozadora,RELATED_RESULT,Wl3AWOg,"rozador, ra",,,
Xd1cac2,septena,RELATED_RESULT,Xd4zxEr,"septeno, na",,,
XlJe3do,sex-shop,RELATED_RESULT,XlI4QlT,<i>sex shop</i>,,,
XgjUt1I,serradora,RELATED_RESULT,XgjPbdW,"serrador, ra",,,
X1EcHqS,salamanquina,RELATED_RESULT,X1Eynft,"salamanquino, na",,,
Xfslxxy,serosa,RELATED_RESULT,Xfw149h,"seroso, sa",,,
X5pZfLa,salsera,RELATED_RESULT,X5qcwdZ,"salsero, ra",,,
XlMdVWo,sex-symbol,RELATED_RESULT,XlLOQRH,<i>sex symbol</i>,,,
X6mBJ8y,salteña,RELATED_RESULT,X6sGa7l | X6tBLAi,"salteño<sup>1</sup>, ña | salteño<sup>2</sup>, ña",,,
XniPJpR,sicodiagnóstico,RELATED_RESULT,UWDyamK,psicodiagnóstico,,,
Xl8dV0C,sexmero,RELATED_RESULT,Xj0hLac,sesmero,,,
XVPvQy3,semántica,RELATED_RESULT,XVRDns5,"semántico, ca",,,
XlN2Bph,sexta,RELATED_RESULT,XlhNWbX,"sexto, ta",,,
XidqZWj,sesga,RELATED_RESULT,XipMgHq | XikzWMO,"sesgo, ga | sesgar",,,
Xk42Bqw,setiembre,RELATED_RESULT,XdBRd9c,septiembre,,,
XO2tyHD,seca,RELATED_RESULT,XOr0Wqc | XOQLOH0,"seco, ca | secar",,,
XaQhbfj,sensitiva,RELATED_RESULT,XaR2AYv,"sensitivo, va",,,
XOxyESk,secreta,RELATED_RESULT,XPMvDJ8 | XP3LRSw,"secreto<sup>2</sup>, ta | secretar",,,
XnHdj5u,sico-,RELATED_RESULT,UW2IrlV,psico-,,,
Xo5gcwZ,sicolingüista,RELATED_RESULT,UWYLlIS,psicolingüista,,,
XLyzCdk,sauco,RELATED_RESULT,XM1WfDj,saúco,,,
XknkTWw,sexagésima,RELATED_RESULT,XkoRbft,"sexagésimo, ma",,,
XkWp10i,sevillana,RELATED_RESULT,XkY8d8d,"sevillano, na",,,
XnYYy1W,sicobiología,RELATED_RESULT,UW886hR,psicobiología,,,
XoQfwiy,sicómoro,RELATED_RESULT,XoQV91U,sicomoro,,,
Xo9QDHY,sicología,RELATED_RESULT,UWfndCk,psicología,,,
XnSPbg3,sicoanalista,RELATED_RESULT,UW7EEkE,psicoanalista,,,
Xnaa2AQ,sicodelia,RELATED_RESULT,UWA2698,psicodelia,,,
Xm5Z6vj,sharia,RELATED_RESULT,Xm5Z9Ad,<i>sharía</i>,,,
Xp1N1wQ,sicotecnia,RELATED_RESULT,UXFHaQa,psicotecnia,,,
Xo1qJzC,sicogeriatría,RELATED_RESULT,UWSdDd6,psicogeriatría,,,
Xny5bn2,sicogeriatra,RELATED_RESULT,UWRf4Ke,psicogeriatra,,,
XoXXD2T,sicomotricidad,RELATED_RESULT,UWsIQK8,psicomotricidad,,,
XnPeFv0,sicoanalismo,RELATED_RESULT,UW6B5EB,psicoanalismo,,,
XnkkVFC,sicodrama,RELATED_RESULT,UWGGUj2,psicodrama,,,
XowJKB4,sicosociología,RELATED_RESULT,UXCCoB3,psicosociología,,,
XnoTG4r,sicofármaco,RELATED_RESULT,UWHhrir,psicofármaco,,,
YAwlj9M,sobrexcitación,RELATED_RESULT,Y7UM1FQ,sobreexcitación,,,
XodKIN1,sicópata,RELATED_RESULT,UWxDJDb,psicópata,,,
Y0dYpQT,siquiatría,RELATED_RESULT,UXRdYVi,psiquiatría,,,
Y2B3WO3,sistemática,RELATED_RESULT,Y2DZ4zj,"sistemático, ca",,,
XxZyum6,síndica,RELATED_RESULT,XxphX21,"síndico, ca",,,
XognrHn,sicopatología,RELATED_RESULT,UWzaANg,psicopatología,,,
XtUj5fs,sillera,RELATED_RESULT,XtWsDFe,"sillero, ra",,,
XykBcfQ,siniestra,RELATED_RESULT,XyrEzmC,"siniestro, tra",,,
Xp9RJZl,sicrómetro,RELATED_RESULT,UXOl1sD,psicrómetro,,,
XnKvnfZ,sicoanálisis,RELATED_RESULT,UW3XANT,psicoanálisis,,,
Y2SbK37,sitacismo,RELATED_RESULT,UXcQHKg,psitacismo,,,
XoBOMBJ,sicologismo,RELATED_RESULT,UWgc5EB,psicologismo,,,
XnreB1n,sicofisiología,RELATED_RESULT,UWNKFUZ,psicofisiología,,,
XoaLkwh,sicomotriz,RELATED_RESULT,UWwsgu4,psicomotriz,,,
YAzrwTP,sobrexplotar,RELATED_RESULT,Y7WvsTd,sobreexplotar,,,
XofTzk6,sicopatía,RELATED_RESULT,UWxFTi1,psicopatía,,,
XY75D6m,semiótica,RELATED_RESULT,XY80twH,"semiótico, ca",,,
YQ1voC2,soriasis,RELATED_RESULT,UXh1dmh,psoriasis,,,
Y7LmSLR,sobreentender,RELATED_RESULT,Y8dZ5sJ,sobrentender,,,
Y2U3xDp,sitacosis,RELATED_RESULT,UXfLgoO,psitacosis,,,
XoNXg7t,sicometría,RELATED_RESULT,UWoemDt,psicometría,,,
Y7QkDFn,sobreestimar,RELATED_RESULT,YAQUBIW,sobrestimar,,,
XoIi37g,sicologizar,RELATED_RESULT,UWjl72F,psicologizar,,,
YAx3sX2,sobrexcitar,RELATED_RESULT,Y7Vspcr,sobreexcitar,,,
Y2P9Dek,sitácida,RELATED_RESULT,UXZOMpO,psitácida,,,
YAwY3jy,sobrexceder,RELATED_RESULT,Y7Tsca1,sobreexceder,,,
XzXjUle,sinsubstancia,RELATED_RESULT,XzZm92p,sinsustancia,,,
XqHMmsh,sieteenrama,RELATED_RESULT,XqJ89eC,sietenrama,,,
XntU1Em,sicofonía,RELATED_RESULT,UWQQyzY,psicofonía,,,
XoHCe9I,sicologista,RELATED_RESULT,UWhCJWd,psicologista,,,
YDtgIsk,sofística,RELATED_RESULT,YE4FZkd,"sofístico, ca",,,
Y2RQJvN,sitaciforme,RELATED_RESULT,UXbKvDX,psitaciforme,,,
YGMOk6Z,soldadesca,RELATED_RESULT,YGOmUlv,"soldadesco, ca",,,
Xo6BbQx,"sicolingüístico, ca",RELATED_RESULT,UWd2tzH,"psicolingüístico, ca",,,
Y0c48UN,siquiatra,RELATED_RESULT,UXPrmMf,psiquiatra,,,
Xp1d1Vw,sicoterapeuta,RELATED_RESULT,UXGu8VA,psicoterapeuta,,,
YO1kcLj,sopera,RELATED_RESULT,YO24XvF,"sopero, ra",,,
XoLgx87,sicómetra,RELATED_RESULT,UWm3I1G,psicómetra,,,
YLYGrVa,sonada,RELATED_RESULT,YLdBwMK | YLoFvGN,"sonado, da | sonar<sup>1</sup>",,,
Xp6zFZu,sicoterapia,RELATED_RESULT,UXM7JbH,psicoterapia,,,
Y0i87gy,siquismo,RELATED_RESULT,UXWoQGM,psiquismo,,,
YaRFUAp,substraer,RELATED_RESULT,YqDjO6S,sustraer,,,
XoHcriE,sicologización,RELATED_RESULT,UWiXH5y,psicologización,,,
YUEHlL1,-strajo,RELATED_RESULT,1Nu2z6d,"-ajo, ja",,,
XoYRWT4,sicomotricista,RELATED_RESULT,UWu4Ft6,psicomotricista,,,
YZxH3QE,substanciación,RELATED_RESULT,YpJ6iSK,sustanciación,,,
Xo2X2KY,sicohistoria,RELATED_RESULT,UWSuoFx,psicohistoria,,,
XogxVnc,sicopedagogía,RELATED_RESULT,UX55YY9,psicopedagogía,,,
YTbqju6,soviet,RELATED_RESULT,YTeYpev,sóviet,,,
YKoPjuT,somnambulismo,RELATED_RESULT,YLiuaZE,sonambulismo,,,
YTQt1oZ,sotto voce,RELATED_RESULT,YTQD5wM,<i>sottovoce</i>,,,
YCJZHhI,sociolingüística,RELATED_RESULT,YCMzHAn,"sociolingüístico, ca",,,
YZu2spi,substancia,RELATED_RESULT,YpIehqm | YpTWS0u,sustancia | sustanciar,,,
YZBRRkd,subscripción,RELATED_RESULT,YonvDgF,suscripción,,,
YKWUa76,sombría,RELATED_RESULT,YKduqpI,"sombrío, a",,,
YAMa5Md,sobresfuerzo,RELATED_RESULT,Y7QhgH0,sobreesfuerzo,,,
YYa0YUU,subordinada,RELATED_RESULT,YYby084 | YYd3O4Z,"subordinado, da | subordinar",,,
Ya0VbND,substantivación,RELATED_RESULT,YpXUU6h,sustantivación,,,
YZz6xqn,substancialmente,RELATED_RESULT,YpS3LJY,sustancialmente,,,
YGIlxjc,soldadera,RELATED_RESULT,YGMFIk5,"soldadero, ra",,,
YZxaUGg,substancialismo,RELATED_RESULT,YpQfEU7,sustancialismo,,,
YZxWuKc,substancial,RELATED_RESULT,YpLjVbm,sustancial,,,
Ya35ylW,substantivar,RELATED_RESULT,YpdenDZ,sustantivar,,,
YaAtush,substitución,RELATED_RESULT,YpvG6ZH,sustitución,,,
YZ8aVBd,subscribir,RELATED_RESULT,YontaSy,suscribir,,,
YaDVZ1V,substituible,RELATED_RESULT,YpwwxwE,sustituible,,,
YZzAE9o,substanciar,RELATED_RESULT,YpTWS0u,sustanciar,,,
YaMqNFw,substracción,RELATED_RESULT,Yq9865C,sustracción,,,
YU98s1H,‒́stato,RELATED_RESULT,YU6GsqV,-stato,,,
YaPLHEG,substraendo,RELATED_RESULT,YqBS4D4,sustraendo,,,
YAzaJiJ,sobrexplotación,RELATED_RESULT,Y7Wgbsq,sobreexplotación,,,
YpWEMwY,sustantiva,RELATED_RESULT,YpdtOOa | YpdenDZ,"sustantivo, va | sustantivar",,,
YKEX3r9,sombrerera,RELATED_RESULT,YKJse0K,"sombrerero, ra",,,
YviaYbP,táctica,RELATED_RESULT,Yvj3qOD,"táctico, ca",,,
YoVifsP,suruví,RELATED_RESULT,YoQAiE1,surubí,,,
YgQQKMo,sulfatadora,RELATED_RESULT,YgPLvlW,"sulfatador, ra",,,
YIceLld,solitaria,RELATED_RESULT,YId5svt,"solitario, ria",,,
YeCr0O2,suelta,RELATED_RESULT,YeEnAiT | YJIP8Pu,"suelto, ta | soltar",,,
Ya1IL0W,substantivamente,RELATED_RESULT,YpZVpWv,sustantivamente,,,
YxVIVUh,tajada,RELATED_RESULT,Yxb5clh | YxogHjF,"tajado, da | tajar",,,
YiKYjAv,sunní,RELATED_RESULT,YiG485C,suní,,,
ZF2u7eE,tasajera,RELATED_RESULT,ZF34AGf,"tasajero, ra",,,
ZXAOmEZ,tercia,RELATED_RESULT,ZXOWPIX | ZXJkWzK,"tercio, cia | terciar",,,
YrPlclm,tabaquera,RELATED_RESULT,YrRvbzT,"tabaquero, ra",,,
YfGZ8MV,sufridera,RELATED_RESULT,YfGrXVy,"sufridero, ra",,,
ZJPevkk,tectónica,RELATED_RESULT,ZJQd17k,"tectónico, ca",,,
YaCzezH,substituibilidad,RELATED_RESULT,YpwJB1P,sustituibilidad,,,
YtwQ0l2,tabuladora,RELATED_RESULT,YtvNs0m,"tabulador, ra",,,
ZMjBvri,telekinesis,RELATED_RESULT,ZNOzoTI,telequinesis,,,
Zhs1ah5,tialina,RELATED_RESULT,UXqU96N,ptialina,,,
YaEUrHo,substituir,RELATED_RESULT,YpzZ1zs,sustituir,,,
ZOvSxA3,tembladera,RELATED_RESULT,ZP2HZBF,"tembladero, ra",,,
ZMgEKrF,telekinesia,RELATED_RESULT,ZNNMIpS,telequinesia,,,
Z1f8bMw,talvez,RELATED_RESULT,biPx6YF | biPx6YF#AO4e3SY,vez | vez,,,
YdyebJm,suegra,RELATED_RESULT,Ye1TRdc,"suegro, gra",,,
Z7GRmZx,taparrabo,RELATED_RESULT,Z7Ieplv,taparrabos,,,
ZVZpO8q,tepachera,RELATED_RESULT,ZVisnqT,"tepachero, ra",,,
Z9Gpv4f,taquera,RELATED_RESULT,Z9I75PH,"taquero, ra",,,
Z3en84t,tam-tam,RELATED_RESULT,Z3el204,tamtam,,,
ZaVwvy9,ternera,RELATED_RESULT,ZaVyb8f,"ternero, ra",,,
ZcCdBsX,terrera,RELATED_RESULT,ZcIHnLL,"terrero, ra",,,
YyOrh1s,taladradora,RELATED_RESULT,YyOAjXZ,"taladrador, ra",,,
Z8ihOXf,taponadora,RELATED_RESULT,Z8iTAzi,"taponador, ra",,,
ZTJFUyM,tenienta,RELATED_RESULT,ZTNdleM,"teniente, ta",,,
Z3im33C,tamtán,RELATED_RESULT,Z3el204,tamtam,,,
YmREVA5,suprema,RELATED_RESULT,YmVRjQc,"supremo, ma",,,
ZUJJm5Z,tentativa,RELATED_RESULT,ZUJlAd2,"tentativo, va",,,
YrxUlVt,tabernera,RELATED_RESULT,Ys2jOjh,"tabernero, ra",,,
YiOHK3j,sunnita,RELATED_RESULT,YiGRQ5v,sunita,,,
Ylwo87M,suplicatoria,RELATED_RESULT,Yly7Bqp,"suplicatorio, ria",,,
ZVLT7u9,teorética,RELATED_RESULT,ZVLnOin,"teorético, ca",,,
YxgF1a2,tajalápices,RELATED_RESULT,YxhzHx5,tajalápiz,,,
ZIdP5Aa,técnica,RELATED_RESULT,ZIkyMDs,"técnico, ca",,,
YwwTRVy,tahonera,RELATED_RESULT,YwwuYkk,"tahonero, ra",,,
Ya5WdjF,substantividad,RELATED_RESULT,Ypdli9o,sustantividad,,,
ZKdnE36,tejedora,RELATED_RESULT,ZKbCgJk,"tejedor, ra",,,
ZVMrhp1,teórica,RELATED_RESULT,ZVOUtcL,"teórico, ca",,,
Z6c0rNP,tapacubo,RELATED_RESULT,Z6cgl2c,tapacubos,,,
Z5r7GP0,tantán,RELATED_RESULT,Z3el204,tamtam,,,
ZhsVazU,tialismo,RELATED_RESULT,UXrlHKf,ptialismo,,,
ZKjOqGr,tejera,RELATED_RESULT,ZKlugdL,"tejero, ra",,,
Yjz7yL9,superheroína,RELATED_RESULT,YjyLxEi,"superhéroe, ína",,,
ZWvfIeE,tercera,RELATED_RESULT,ZX6JZWO,"tercero, ra",,,
ZfNyYLD,testerilla,RELATED_RESULT,ZfOQ5dL,"testerillo, lla",,,
ZghB98t,tetraplejía,RELATED_RESULT,ZgguPmG,tetraplejia,,,
ZkTjIjM,tilichera,RELATED_RESULT,ZkU7fI6,"tilichero, ra",,,
Za9swzN,termósfera,RELATED_RESULT,Za8m6bA,termosfera,,,
Zg1GnaS,tétano,RELATED_RESULT,Zg2YJEq,tétanos,,,
YfoJreC,suigéneris,RELATED_RESULT,YfuOKNa,sui géneris,,,
YaRu7Tu,substrato,RELATED_RESULT,YqFgJ9V,sustrato,,,
ZOmNdna,temática,RELATED_RESULT,ZOnOAZE,"temático, ca",,,
Z57v2Nh,tangerina,RELATED_RESULT,Z58h08K,"tangerino, na",,,
ZWfQdkK,terapéutica,RELATED_RESULT,ZWhoL5n,"terapéutico, ca",,,
ZwbH4BY,tocinera,RELATED_RESULT,Zwcda8m,"tocinero, ra",,,
Z4ng8f4,tangana,RELATED_RESULT,Z4qgC4G,tángana,,,
Zlu9YKW,timonera,RELATED_RESULT,ZlvBVTk,"timonero, ra",,,
ZXpxbNf,teresiana,RELATED_RESULT,ZXxHO9L,"teresiano, na",,,
ZpYSc0f,tipói,RELATED_RESULT,ZpYOfCy,tipoi,,,
ZrThZOo,tiritona,RELATED_RESULT,ZrTdMUH,"tiritón, na",,,
Yx920x4,taichi,RELATED_RESULT,YxApRXp,taichí,,,
ZZTdF8u,termodinámica,RELATED_RESULT,ZZTwmYe,"termodinámico, ca",,,
Yrd1gRb,tábarro,RELATED_RESULT,YrcDsX7,tabarro,,,
ZhTHvOb,textilera,RELATED_RESULT,ZhTqz8e,"textilero, ra",,,
ZaKUgtH,termóstato,RELATED_RESULT,ZaFVJx0,termostato,,,
a2wC7Pv,top-model,RELATED_RESULT,a2tLwhh,<i>top model</i>,,,
Zjp47jC,tigresa,RELATED_RESULT,Zjo6qtj,"tigre, gresa",,,
ZMvduQo,telemática,RELATED_RESULT,ZMw3qaN,"telemático, ca",,,
a5PiW4s,tormentaria,RELATED_RESULT,a5QHUzk,"tormentario, ria",,,
Zvsko5z,tocacintas,RELATED_RESULT,ZvrWJNP,tocacinta,,,
ZjV1D63,tiflotécnica,RELATED_RESULT,ZjXFPGg,"tiflotécnico, ca",,,
Zjdn6Ei,tifoidea,RELATED_RESULT,ZjkKvfJ,"tifoideo, a",,,
ZH5lNGM,taxon,RELATED_RESULT,ZH7MMY9,taxón,,,
ZpdtClw,tipoy,RELATED_RESULT,ZpYOfCy,tipoi,,,
a23dtma,topadora,RELATED_RESULT,a22hYSt,"topador, ra",,,
ZoCcAhG,tintorera,RELATED_RESULT,ZoILSkO,"tintorero, ra",,,
aP8Gvff,trasbordar,RELATED_RESULT,aIPqbUd,transbordar,,,
a0wYjV8,tónica,RELATED_RESULT,a0xKFMI,"tónico, ca",,,
ZvZLmsX,tobillera,RELATED_RESULT,ZvamKUZ,"tobillero, ra",,,
aEHYesj,trafalmeja,RELATED_RESULT,aEJ3Rah,trafalmejas,,,
ZzjLGvM,tomatera,RELATED_RESULT,ZzlNcFR,"tomatero, ra",,,
aMnboy7,transposición,RELATED_RESULT,aUeM1DJ,trasposición,,,
aN9KAmW,transvase,RELATED_RESULT,aWYlXWw | aWSDhHm,trasvase | trasvasar,,,
aJTZO3i,transflor,RELATED_RESULT,aQhxH5d,trasflor,,,
ZsaIjzM,tísica,RELATED_RESULT,ZsaNWhb,"tísico, ca",,,
a8SHpji,tortillera,RELATED_RESULT,a8Vk7Q1,"tortillero, ra",,,
aPrUIEZ,trascribir,RELATED_RESULT,aIgIBpD,transcribir,,,
aP9eCFh,trasbordo,RELATED_RESULT,aISV8UZ | aIPqbUd,transbordo | transbordar,,,
a59XZ51,-toria,RELATED_RESULT,a5DWohL,"-torio, ria",,,
aKupKNr,translación,RELATED_RESULT,aRdg4Wq,traslación,,,
ZnWhtWV,tinta,RELATED_RESULT,Zo7qIdO | ZnXliGp,"tinto, ta | tintar",,,
a4DPXDo,torcida,RELATED_RESULT,a4Kp1XT | a4AtRA1,"torcido, da | torcer",,,
a9kSWgr,tostada,RELATED_RESULT,a9nyhxW | a9tMKbn,"tostado, da | tostar",,,
a9psudS,tostadora,RELATED_RESULT,a9oczlG,"tostador, ra",,,
a4js4aq,torera,RELATED_RESULT,a4w9eTq,"torero, ra",,,
a8ZyhDI,tórtola,RELATED_RESULT,a8fLrSt,"tórtolo, la",,,
aLCPc16,translucimiento,RELATED_RESULT,aSDt8PW,traslucimiento,,,
aIXy32R,transcender,RELATED_RESULT,aPU8LlU,trascender,,,
aPix1qO,trascontinental,RELATED_RESULT,aIcQjDU,transcontinental,,,
ZuKEQM5,tiznera,RELATED_RESULT,ZuKG6w8,"tiznero, ra",,,
a6BedV6,tornera,RELATED_RESULT,a6E3XJE,"tornero, ra",,,
aPuwV8N,trascripción,RELATED_RESULT,aIlM4i6,transcripción,,,
aMYjpts,transponer,RELATED_RESULT,aUGZqgc,trasponer,,,
aIW3s9M,transcendente,RELATED_RESULT,aPU0EQH,trascendente,,,
Zp7C6Rl,tipiadora,RELATED_RESULT,Zp4wQEb,"tipiador, ra",,,
a8PXn2d,torticolis,RELATED_RESULT,a8PcE5N,tortícolis,,,
aL7wqbH,translocación,RELATED_RESULT,aSAlRjv,traslocación,,,
ZqdNkRy,tirana,RELATED_RESULT,Zqnjb5Y,"tirano, na",,,
aIVID4J,transcendental,RELATED_RESULT,aPSi9Q8,trascendental,,,
ZYamTRB,-terma,RELATED_RESULT,ZZOaeAE,"-termo, ma",,,
a9K3ZaE,tosca,RELATED_RESULT,a9NnDNX,"tosco, ca",,,
aEgdY9l,tragafuego,RELATED_RESULT,aEidtQV,tragafuegos,,,
aQW3R06,trasferencial,RELATED_RESULT,aJ9SdDp,transferencial,,,
aKuqmMi,translaticiamente,RELATED_RESULT,aRts8gn,traslaticiamente,,,
ZctuS5i,terriza,RELATED_RESULT,Zcu7LCD,"terrizo, za",,,
aQXncgx,trasferente,RELATED_RESULT,aJBEqYQ,transferente,,,
aQKw0Ze,trasera,RELATED_RESULT,aQSJ9KT,"trasero, ra",,,
aN88FNc,transvasar,RELATED_RESULT,aWSDhHm,trasvasar,,,
aMrl1Nu,transubstanciación,RELATED_RESULT,aN2OVpU,transustanciación,,,
aJWOlaF,transflorear,RELATED_RESULT,aQjks7Y,trasflorear,,,
aQ3KWXI,trasculturación,RELATED_RESULT,aIqYBxO,transculturación,,,
aGV3prI,tramontana,RELATED_RESULT,aGVm8G6,"tramontano, na",,,
aQbjGFF,trasferir,RELATED_RESULT,aJH8a9T,transferir,,,
aLBHuLW,transluciente,RELATED_RESULT,aSD5doB | aSFNuiH,trasluciente | traslucir,,,
aJWBWmr,transflorar,RELATED_RESULT,aQiqJgo,trasflorar,,,
aQdHN9u,trasfigurable,RELATED_RESULT,aJHJ79U,transfigurable,,,
aQYedse,trasferibilidad,RELATED_RESULT,aJBuz8V,transferibilidad,,,
aQgp2Zr,trasfixión,RELATED_RESULT,aJTEvB0,transfixión,,,
aQ7BAzx,trascurso,RELATED_RESULT,aIsc2i7,transcurso,,,
aQ3ego4,trascultural,RELATED_RESULT,aIqfW6n,transcultural,,,
aF0zFyQ,tragantona,RELATED_RESULT,aF0t6pe,"tragantón, na",,,
aQdi6u7,trasfiguración,RELATED_RESULT,aJIbelg,transfiguración,,,
aMuD7Br,transubstanciar,RELATED_RESULT,aN7Xorf,transustanciar,,,
aQtASj8,trasformamiento,RELATED_RESULT,aJab3kR,transformamiento,,,
aOp6Drm,tras-,RELATED_RESULT,aI82hct,trans-,,,
aQmpSvX,trasformable,RELATED_RESULT,aJXdQKs,transformable,,,
aQ5QZA2,trasculturización,RELATED_RESULT,aIqn5cu,transculturización,,,
aR0Iyrp,trasfretar,RELATED_RESULT,aJlPevZ,transfretar,,,
aQf82ub,trasfigurar,RELATED_RESULT,aJPJ7HY,transfigurar,,,
aLA9Ada,translucidez,RELATED_RESULT,aSBOepK,traslucidez,,,
aIVsDOA,transcendentalismo,RELATED_RESULT,aPTy3jr,trascendentalismo,,,
aQnqlLx,trasformación,RELATED_RESULT,aJYQUV5,transformación,,,
aQz8mVi,trasformista,RELATED_RESULT,aJgKq0C,transformista,,,
aLICvaW,translucir,RELATED_RESULT,aSFNuiH,traslucir,,,
aITJHIx,transcendencia,RELATED_RESULT,aPQgFGs,trascendencia,,,
aQpiwev,trasformacional,RELATED_RESULT,aJZrYXz,transformacional,,,
aMtpKFw,transubstancial,RELATED_RESULT,aN6Clze,transustancial,,,
aRCpODw,trasfusible,RELATED_RESULT,aJrJ3zw,transfusible,,,
aLurbH5,transmundo,RELATED_RESULT,aSs79sT,trasmundo,,,
aSeQ9kJ,trasmitente,RELATED_RESULT,aLejOR3,transmitente,,,
aR7dd5S,trasfundición,RELATED_RESULT,aJqrY5b,transfundición,,,
aSfE7KO,trasmitible,RELATED_RESULT,aLjImGx,transmitible,,,
aR6zhFk,trasfuguismo,RELATED_RESULT,aJpTkY3,transfuguismo,,,
aSvQ4Qo,trasmutar,RELATED_RESULT,aM4kGZc,transmutar,,,
aSoEacU,trasmontar,RELATED_RESULT,aLr01VE,transmontar,,,
aQZqEcu,trasferible,RELATED_RESULT,aJFZQyl,transferible,,,
aQylrK8,trasformismo,RELATED_RESULT,aJdRe2r,transformismo,,,
aQ67LLU,trascurrir,RELATED_RESULT,aIsOKuI,transcurrir,,,
aR6fTFY,trásfuga,RELATED_RESULT,aJozdBN,tránsfuga,,,
aRNIwYo,trasgredir,RELATED_RESULT,aK1FmOQ,transgredir,,,
aStCcrJ,trasmutable,RELATED_RESULT,aM3LskF,transmutable,,,
aSTMm3K,trasmigrar,RELATED_RESULT,aLOt5y3,transmigrar,,,
aSpVwJl,trasmudación,RELATED_RESULT,aLsFckg,transmudación,,,
aSRv4m6,trasmigración,RELATED_RESULT,aLOsXfC,transmigración,,,
aQVK5xQ,trasferencia,RELATED_RESULT,aJ8fjGo,transferencia,,,
aUeEHly,trasportín,RELATED_RESULT,aMk4Lwu,transportín,,,
aT0ET8v,trasnacional,RELATED_RESULT,aMCojKf,transnacional,,,
aWhOWVd,trasversalmente,RELATED_RESULT,aNIzkMG,transversalmente,,,
aSp4XHP,trasmonte,RELATED_RESULT,aLs8asb | aLr01VE,transmonte | transmontar,,,
aSOzpsM,"trasmediterráneo, a",RELATED_RESULT,aLKNB60,"transmediterráneo, a",,,
aoGmTwH,tropósfera,RELATED_RESULT,aoEb0s8,troposfera,,,
aUSFA6p,trasportable,RELATED_RESULT,aMZlGEC,transportable,,,
aZ70UJM,treintena,RELATED_RESULT,aZAjI2f,"treinteno, na",,,
al0gXKU,troica,RELATED_RESULT,al0hbRJ,troika,,,
aSunC4O,trasmutación,RELATED_RESULT,aM42CbZ,transmutación,,,
aU6nDdk,traspirar,RELATED_RESULT,aMTPPtq,transpirar,,,
b76IpOH,uñada,RELATED_RESULT,b78ZxaF,"uñado, da",,,
aWb5BqF,trasverberación,RELATED_RESULT,aNC14JS,transverberación,,,
aMN2OBG,transparecer,RELATED_RESULT,aTXyv5x,trasparecer,,,
aSiI7by,trasmitir,RELATED_RESULT,aLjNpvi,transmitir,,,
aQv8vbE,trasformar,RELATED_RESULT,aJbn4er,transformar,,,
aoXrUHD,trotona,RELATED_RESULT,aoXgMdQ,"trotón, na",,,
aUSq8I7,trasportación,RELATED_RESULT,aMdGe3p,transportación,,,
aRDrWLU,trasfusión,RELATED_RESULT,aJvFfUB,transfusión,,,
aUOSe3H,trasportabilidad,RELATED_RESULT,aMZcdLL,transportabilidad,,,
aTa1MSc,trasparente,RELATED_RESULT,aMQJNiA | aMOwV2M,transparente | transparentar,,,
adv2MHn,tríglifo,RELATED_RESULT,adu53Ag,triglifo,,,
b3qiIL0,umbría,RELATED_RESULT,b3r7itd,"umbrío, a",,,
aRO5ndu,trasgresión,RELATED_RESULT,aK2D0t5,transgresión,,,
aUcakSy,trasportar,RELATED_RESULT,aMgmTGw,transportar,,,
aXYXQYm,travesía,RELATED_RESULT,aXYa1Iz,"travesío, a",,,
abvMZGE,tríbada,RELATED_RESULT,abuk575,tribada,,,
aUCfsjg,trasplantadora,RELATED_RESULT,aUCZ7uh,"trasplantador, ra",,,
bA6Ps4p,uromancía,RELATED_RESULT,bA5pEkf,uromancia,,,
aez8MDR,trillonésima,RELATED_RESULT,aezTzu8,"trillonésimo, ma",,,
abRR3Vd,triada,RELATED_RESULT,abRVjwf | abnDzsc,tríada | triar,,,
aWcpZB6,trasversal,RELATED_RESULT,aNDuR1C,transversal,,,
aTZEeWi,trasparentar,RELATED_RESULT,aMOwV2M,transparentar,,,
aSZRpFl,trasmisión,RELATED_RESULT,aLazCTl,transmisión,,,
aUeJrjd,trasportista,RELATED_RESULT,aMlzu2R,transportista,,,
aU3WuEa,traspiración,RELATED_RESULT,aMSO77j,transpiración,,,
aSkWFYK,trasmontana,RELATED_RESULT,aLjPyVs | aSlSaQk,"transmontano, na | trasmontano, na",,,
aWfN0s9,trasversalidad,RELATED_RESULT,aNEI2x9,transversalidad,,,
aSrwlVK,trasmudar,RELATED_RESULT,aLuDTD4,transmudar,,,
aVVQDcB,trasterrar,RELATED_RESULT,aMqruVt,transterrar,,,
aXteBpT,traviesa,RELATED_RESULT,aXttNbL | aXV8hgU,"travieso, sa | travesar",,,
aUYfoN7,trasportamiento,RELATED_RESULT,aMfh54k,transportamiento,,,
az8AjEQ,tusona,RELATED_RESULT,az6r40i,"tusón, na",,,
atecL9t,tumbona,RELATED_RESULT,atZros9,"tumbón<sup>2</sup>, na",,,
aU2HXGl,traspirable,RELATED_RESULT,aMSMFKv,transpirable,,,
aR9nxnW,trasfundir,RELATED_RESULT,aJrFjXZ,transfundir,,,
ae6ZTTZ,triguera,RELATED_RESULT,ae78tOd,"triguero, ra",,,
b3uuZZA,un,RELATED_RESULT,b6iKApr | b6hEWeB,"uno<sup>2</sup>, na | uno<sup>1</sup>, na",,,
b3vJFnW,un,RELATED_RESULT,b6iKApr | b6hEWeB,"uno<sup>2</sup>, na | uno<sup>1</sup>, na",,,
aSr30JN,trasmudamiento,RELATED_RESULT,aLttRgg,transmudamiento,,,
bEvGEYy,vacuna,RELATED_RESULT,bF4mFoA | bF4Dg4X,"vacuno, na | vacunar",,,
bIBXwtn,valentona,RELATED_RESULT,bI8dmEZ,"valentón, na",,,
ajFEyrC,trituradora,RELATED_RESULT,ajCRM4g,"triturador, ra",,,
aXYrMLt,travestí,RELATED_RESULT,aXYeuEJ | aXfiOpn,travesti | travestir,,,
baob11x,veranera,RELATED_RESULT,bapY3Vr,"veranero, ra",,,
aSXfry1,trasmisible,RELATED_RESULT,aLZzeP5,transmisible,,,
bE3Plom,vacaraí,RELATED_RESULT,4jdB7xq,bacaray,,,
b3uroK8,umjú,RELATED_RESULT,b6fxA88,unjú,,,
bGgpihS,váguido,RELATED_RESULT,bGgWwav,"vaguido, da",,,
bLwcGGf,vaquera,RELATED_RESULT,bM9VCyP,"vaquero, ra",,,
arl05Rv,tuca,RELATED_RESULT,arrpfSc,"tuco<sup>1</sup>, ca",,,
bSLnynf,veintiuna,RELATED_RESULT,bSOJupq,"veintiuno, na",,,
bE5NkDd,vacaray,RELATED_RESULT,4jdB7xq,bacaray,,,
bGoCZ5u,vaída,RELATED_RESULT,4myNomc,baída,,,
aTY8hSK,trasparencia,RELATED_RESULT,aMOr1xH,transparencia,,,
b8JB8Im,urbanística,RELATED_RESULT,b8Ki852,"urbanístico, ca",,,
bJY83or,vallico,RELATED_RESULT,4uSIOem,ballico,,,
b3w3xSi,una,RELATED_RESULT,b6hEWeB | b6iKApr | b6l4Cns | b67JJSq,"uno<sup>1</sup>, na | uno<sup>2</sup>, na | -uno, na | unir",,,
b3x2qHm,una,RELATED_RESULT,b6hEWeB | b6iKApr | b6l4Cns | b67JJSq,"uno<sup>1</sup>, na | uno<sup>2</sup>, na | -uno, na | unir",,,
abfcWFh,triaquera,RELATED_RESULT,abmf0At,"triaquero, ra",,,
YRhwFO0,sosia,RELATED_RESULT,YRizqnl,sosias,,,
c1SNPYi,vóleibol,RELATED_RESULT,c1LUQk5,voleibol,,,
bT7A7Gt,veladora,RELATED_RESULT,bT5XKfd,"velador, ra",,,
arUDfQJ,tuberosa,RELATED_RESULT,arVQo35,"tuberoso, sa",,,
bPobbMu,vecera,RELATED_RESULT,bPq86tD,"vecero, ra",,,
av3PMCn,tunera,RELATED_RESULT,av56HiH | av6AMne,"tunero<sup>1</sup>, ra | tunero<sup>2</sup>, ra",,,
aegGeqQ,trilladora,RELATED_RESULT,aee3epY,"trillador, ra",,,
bibLieM,viacrucis,RELATED_RESULT,bibXHDi,vía crucis,,,
bm7bAH0,vídeo,RELATED_RESULT,bm7DOSs,video,,,
bn1GVyh,vidriera,RELATED_RESULT,bn6cS8D,"vidriero, ra",,,
bcanPxs,verdina,RELATED_RESULT,bce5XKG,"verdino, na",,,
bu4t1jd,virreina,RELATED_RESULT,buBfMyB,"virrey, virreina",,,
c0RqEDY,voladora,RELATED_RESULT,c0QiS8v,"volador, ra",,,
bvNEJlF,visitadora,RELATED_RESULT,bvKMlYL,"visitador, ra",,,
aSVMlbJ,trasmisibilidad,RELATED_RESULT,aLWy1Xv,transmisibilidad,,,
bM1HwUs,vaqueriza,RELATED_RESULT,bM7wNjo,"vaquerizo, za",,,
bJ9Dn8Y,valkiria,RELATED_RESULT,bJwxB1B,valquiria,,,
c0MHkrX,voladera,RELATED_RESULT,c0NRtyX,"voladero, ra",,,
c3BxyEN,vómica,RELATED_RESULT,c3CZWwq,"vómico, ca",,,
bxORzsC,viuda,RELATED_RESULT,bxWB9E2,"viudo, da",,,
c6fcoI3,wi fi,RELATED_RESULT,c6ehZd8,wifi,,,
bAAVZCR,uroscopía,RELATED_RESULT,bAA0CPG,uroscopia,,,
c9p6TH2,yataí,RELATED_RESULT,c9t4MRo,yatay,,,
byVUQZb,vivijagua,RELATED_RESULT,5Rpf4AH,bibijagua,,,
bNSUzp9,vargueño,RELATED_RESULT,556cY24,"bargueño, ña",,,
c8A9xrz,xiote,RELATED_RESULT,MTpawUK,jiote,,,
c0XiBAU,volandera,RELATED_RESULT,c0Yjeza,"volandero, ra",,,
bjj6EFW,vicaria,RELATED_RESULT,bjqD0OK,"vicario, ria",,,
bT8N4Bc,velahí,RELATED_RESULT,bTNdqUR,velay,,,
bJe8jB1,valona,RELATED_RESULT,bJbCUVi,"valón, na",,,
bOSnCe0,varsoviana,RELATED_RESULT,bOUaRdb,"varsoviano, na",,,
bx82fVi,vitrocerámica,RELATED_RESULT,bx9apzz,"vitrocerámico, ca",,,
bRbSxd6,veintena,RELATED_RESULT,bRiHNS4,"veinteno, na",,,
c0Bz434,vodca,RELATED_RESULT,c0FBisY,vodka,,,
cAtmsWz,yerbaluisa,RELATED_RESULT,KMi7lug,hierbaluisa,,,
bVHLEjB,velonera,RELATED_RESULT,bVIVTpJ,"velonero, ra",,,
c6kd5BL,wind surf,RELATED_RESULT,c6gPIwV,<i>windsurf</i>,,,
c3WppZM,vomitona,RELATED_RESULT,c3WSfu9,"vomitón, na",,,
bj124uC,viandera,RELATED_RESULT,bj27XzC,"viandero, ra",,,
c1bkhpc,volframio,RELATED_RESULT,c6rBYnL,wolframio,,,
bpvu55G,vinagrera,RELATED_RESULT,bpwADCN,"vinagrero, ra",,,
cQoIUWw,zenit,RELATED_RESULT,8DWpJ3a,cenit,,,
bnLA3EG,vieja,RELATED_RESULT,bnRGe0W,"viejo, ja",,,
c7Y3tbX,xicaque,RELATED_RESULT,MS4gpuk,jicaque,,,
bZi560a,ventriloquía,RELATED_RESULT,bZfozSY,ventriloquia,,,
c8Q8hI8,yacabó,RELATED_RESULT,c8LUOMp,yaacabó,,,
bHrRXrF,valenciana,RELATED_RESULT,bHykki2,"valenciano, na",,,
c7OiOBl,xeroftalmía,RELATED_RESULT,c7OTvN3,xeroftalmia,,,
c6o2yOj,wind surfing,RELATED_RESULT,c6mL1RB,<i>windsurfing</i>,,,
bumhKUT,viscosa,RELATED_RESULT,buxLhOS,"viscoso, sa",,,
bi24jWq,veterinaria,RELATED_RESULT,bi2iFp6,"veterinario, ria",,,
cLjyLd2,zanguanga,RELATED_RESULT,cLn7Maz,"zanguango, ga",,,
cB1QY09,yerbera,RELATED_RESULT,cB1r6e3,"yerbero, ra",,,
bwf4Ntf,vitíligo,RELATED_RESULT,bwesyuO,vitiligo,,,
cHBOQbW,zagala,RELATED_RESULT,cH9Ra9q,"zagal<sup>1</sup>, la",,,
cLMSgCp,zángana,RELATED_RESULT,cLXF9gm,"zángano, na",,,
cEPtwf0,yusera,RELATED_RESULT,cEPuMbT,"yusero, ra",,,
cE07yGg,yunta,RELATED_RESULT,cE3PwGN,"yunto, ta",,,
cQoojbF,zénit,RELATED_RESULT,8DWpJ3a,cenit,,,
cAslpvt,yerbajo,RELATED_RESULT,KMeDikP,hierbajo,,,
akCDOz7,trócar,RELATED_RESULT,ajzPGQn,trocar<sup>1</sup>,,,
bzjd6oR,voceras,RELATED_RESULT,5j9CcUm | bzsuhYm,"boceras | vocero, ra",,,
bNmdESZ,varice,RELATED_RESULT,bNpNyyP,várice,,,
bpBuhvf,villanesca,RELATED_RESULT,bpEKmah,"villanesco, ca",,,
c8E4Soq,xola,RELATED_RESULT,c8HVzad,"xolo, la",,,
cQaQFCz,zedilla,RELATED_RESULT,863q17o,cedilla,,,
cEzARPr,zábila,RELATED_RESULT,cEy5YB6,zabila,,,
bklUdyd,vicésima,RELATED_RESULT,bkmucZL,"vicésimo, ma",,,
bz8vLpJ,vizcondesa,RELATED_RESULT,bz8cU5f,"vizconde, desa",,,
cRblYaz,zircón,RELATED_RESULT,9JG5CVi,circón,,,
cHQqlUm,zaguera,RELATED_RESULT,cHTHT4O,"zaguero, ra",,,
cNfJqUX,zarabanda,RELATED_RESULT,cNhnlFj,"zarabando, da",,,
cMjc52d,zapatera,RELATED_RESULT,cMlbT1C,"zapatero, ra",,,
cO42jlh,zarandaja,RELATED_RESULT,cO6w36a,"zarandajo, ja",,,
cRyXl0N,zocata,RELATED_RESULT,cS0i1Kx,"zocato, ta",,,
cAosi7j,yerbadulce,RELATED_RESULT,cAkoSeM | cAkoSeM#Du4JdP2,yerba | yerba,,,
c4Yqc1J,vuelacercas,RELATED_RESULT,c4YHhLj,vuelacerca,,,
cBKnh2t,yesera,RELATED_RESULT,cBPSq6R,"yesero, ra",,,
cVHHLo9,zorra,RELATED_RESULT,cVU9wGT,"zorro, rra",,,
cAn6P82,yerbabuena,RELATED_RESULT,KMaNjyn,hierbabuena,,,
cQuaB7v,zenzontle,RELATED_RESULT,8HDPZMp,cenzontle,,,
cVJp6k8,zorrera,RELATED_RESULT,cVO2ZCx | cVRbnu5,"zorrero<sup>1</sup>, ra | zorrero<sup>2</sup>, ra",,,
cAURz8E,yedra,RELATED_RESULT,KM36Oau,hiedra,,,
cRQpl8N,zinnia,RELATED_RESULT,9GjtHpy,cinia,,,
cRe3CN6,zirconio,RELATED_RESULT,9JKj7iu,circonio,,,
cGgorKn,zafirina,RELATED_RESULT,cGgqDUr,"zafirino, na",,,
cSDydWj,zodíaco,RELATED_RESULT,cSCpT6S,zodiaco,,,
cRdcGjt,zircona,RELATED_RESULT,9JJD8jv,circona,,,
cBD4yLJ,yerra,RELATED_RESULT,KNBlphr | G3m4kmO,hierra | errar,,,
cPhgtna,zarria,RELATED_RESULT,cPqpXIs,"zarrio, rria",,,
cXx050l,zurda,RELATED_RESULT,cYC5fyU,"zurdo, da",,,
cVtwNy9,zoster,RELATED_RESULT,cVuneWk,zóster,,,
cQiAA30,zempasúchil,RELATED_RESULT,8BqIcgM,cempasúchil,,,
cR7miBO,zigoto,RELATED_RESULT,9CTwJpN,cigoto,,,
cX4t993,zumbadora,RELATED_RESULT,cX4q1yC,"zumbador, ra",,,
cRfsGLV,zirconita,RELATED_RESULT,9JL4XOQ,circonita,,,
cTTldVI,zoofito,RELATED_RESULT,cTVVHCr,zoófito,,,
cPFkORC,zarina,RELATED_RESULT,cNf58Lf,"zar, rina",,,
